origin_index,origin_utc,horizon_days,window_end_exclusive_utc,magnitude_threshold,primary,numerical_check
0,2007-01-01T00:00:00Z,1,2007-01-02T00:00:00Z,3.5,0,1
0,2007-01-01T00:00:00Z,1,2007-01-02T00:00:00Z,4.5,0,1
0,2007-01-01T00:00:00Z,1,2007-01-02T00:00:00Z,5.5,0,1
0,2007-01-01T00:00:00Z,7,2007-01-08T00:00:00Z,3.5,0,1
0,2007-01-01T00:00:00Z,7,2007-01-08T00:00:00Z,4.5,1,1
0,2007-01-01T00:00:00Z,7,2007-01-08T00:00:00Z,5.5,0,1
0,2007-01-01T00:00:00Z,30,2007-01-31T00:00:00Z,3.5,0,1
0,2007-01-01T00:00:00Z,30,2007-01-31T00:00:00Z,4.5,0,1
0,2007-01-01T00:00:00Z,30,2007-01-31T00:00:00Z,5.5,0,1
1,2007-01-08T00:00:00Z,1,2007-01-09T00:00:00Z,3.5,0,0
1,2007-01-08T00:00:00Z,1,2007-01-09T00:00:00Z,4.5,0,0
1,2007-01-08T00:00:00Z,1,2007-01-09T00:00:00Z,5.5,0,0
1,2007-01-08T00:00:00Z,7,2007-01-15T00:00:00Z,3.5,0,0
1,2007-01-08T00:00:00Z,7,2007-01-15T00:00:00Z,4.5,1,0
1,2007-01-08T00:00:00Z,7,2007-01-15T00:00:00Z,5.5,0,0
1,2007-01-08T00:00:00Z,30,2007-02-07T00:00:00Z,3.5,0,0
1,2007-01-08T00:00:00Z,30,2007-02-07T00:00:00Z,4.5,0,0
1,2007-01-08T00:00:00Z,30,2007-02-07T00:00:00Z,5.5,0,0
2,2007-01-15T00:00:00Z,1,2007-01-16T00:00:00Z,3.5,0,0
2,2007-01-15T00:00:00Z,1,2007-01-16T00:00:00Z,4.5,0,0
2,2007-01-15T00:00:00Z,1,2007-01-16T00:00:00Z,5.5,0,0
2,2007-01-15T00:00:00Z,7,2007-01-22T00:00:00Z,3.5,0,0
2,2007-01-15T00:00:00Z,7,2007-01-22T00:00:00Z,4.5,1,0
2,2007-01-15T00:00:00Z,7,2007-01-22T00:00:00Z,5.5,0,0
2,2007-01-15T00:00:00Z,30,2007-02-14T00:00:00Z,3.5,0,0
2,2007-01-15T00:00:00Z,30,2007-02-14T00:00:00Z,4.5,0,0
2,2007-01-15T00:00:00Z,30,2007-02-14T00:00:00Z,5.5,0,0
3,2007-01-22T00:00:00Z,1,2007-01-23T00:00:00Z,3.5,0,0
3,2007-01-22T00:00:00Z,1,2007-01-23T00:00:00Z,4.5,0,0
3,2007-01-22T00:00:00Z,1,2007-01-23T00:00:00Z,5.5,0,0
3,2007-01-22T00:00:00Z,7,2007-01-29T00:00:00Z,3.5,0,0
3,2007-01-22T00:00:00Z,7,2007-01-29T00:00:00Z,4.5,1,0
3,2007-01-22T00:00:00Z,7,2007-01-29T00:00:00Z,5.5,0,0
3,2007-01-22T00:00:00Z,30,2007-02-21T00:00:00Z,3.5,0,0
3,2007-01-22T00:00:00Z,30,2007-02-21T00:00:00Z,4.5,0,0
3,2007-01-22T00:00:00Z,30,2007-02-21T00:00:00Z,5.5,0,0
4,2007-01-29T00:00:00Z,1,2007-01-30T00:00:00Z,3.5,0,0
4,2007-01-29T00:00:00Z,1,2007-01-30T00:00:00Z,4.5,0,0
4,2007-01-29T00:00:00Z,1,2007-01-30T00:00:00Z,5.5,0,0
4,2007-01-29T00:00:00Z,7,2007-02-05T00:00:00Z,3.5,0,0
4,2007-01-29T00:00:00Z,7,2007-02-05T00:00:00Z,4.5,1,0
4,2007-01-29T00:00:00Z,7,2007-02-05T00:00:00Z,5.5,0,0
4,2007-01-29T00:00:00Z,30,2007-02-28T00:00:00Z,3.5,0,0
4,2007-01-29T00:00:00Z,30,2007-02-28T00:00:00Z,4.5,0,0
4,2007-01-29T00:00:00Z,30,2007-02-28T00:00:00Z,5.5,0,0
5,2007-02-05T00:00:00Z,1,2007-02-06T00:00:00Z,3.5,0,0
5,2007-02-05T00:00:00Z,1,2007-02-06T00:00:00Z,4.5,0,0
5,2007-02-05T00:00:00Z,1,2007-02-06T00:00:00Z,5.5,0,0
5,2007-02-05T00:00:00Z,7,2007-02-12T00:00:00Z,3.5,0,0
5,2007-02-05T00:00:00Z,7,2007-02-12T00:00:00Z,4.5,1,0
5,2007-02-05T00:00:00Z,7,2007-02-12T00:00:00Z,5.5,0,0
5,2007-02-05T00:00:00Z,30,2007-03-07T00:00:00Z,3.5,0,0
5,2007-02-05T00:00:00Z,30,2007-03-07T00:00:00Z,4.5,0,0
5,2007-02-05T00:00:00Z,30,2007-03-07T00:00:00Z,5.5,0,0
6,2007-02-12T00:00:00Z,1,2007-02-13T00:00:00Z,3.5,0,0
6,2007-02-12T00:00:00Z,1,2007-02-13T00:00:00Z,4.5,0,0
6,2007-02-12T00:00:00Z,1,2007-02-13T00:00:00Z,5.5,0,0
6,2007-02-12T00:00:00Z,7,2007-02-19T00:00:00Z,3.5,0,0
6,2007-02-12T00:00:00Z,7,2007-02-19T00:00:00Z,4.5,1,0
6,2007-02-12T00:00:00Z,7,2007-02-19T00:00:00Z,5.5,0,0
6,2007-02-12T00:00:00Z,30,2007-03-14T00:00:00Z,3.5,0,0
6,2007-02-12T00:00:00Z,30,2007-03-14T00:00:00Z,4.5,0,0
6,2007-02-12T00:00:00Z,30,2007-03-14T00:00:00Z,5.5,0,0
7,2007-02-19T00:00:00Z,1,2007-02-20T00:00:00Z,3.5,0,0
7,2007-02-19T00:00:00Z,1,2007-02-20T00:00:00Z,4.5,0,0
7,2007-02-19T00:00:00Z,1,2007-02-20T00:00:00Z,5.5,0,0
7,2007-02-19T00:00:00Z,7,2007-02-26T00:00:00Z,3.5,0,0
7,2007-02-19T00:00:00Z,7,2007-02-26T00:00:00Z,4.5,1,0
7,2007-02-19T00:00:00Z,7,2007-02-26T00:00:00Z,5.5,0,0
7,2007-02-19T00:00:00Z,30,2007-03-21T00:00:00Z,3.5,0,0
7,2007-02-19T00:00:00Z,30,2007-03-21T00:00:00Z,4.5,0,0
7,2007-02-19T00:00:00Z,30,2007-03-21T00:00:00Z,5.5,0,0
8,2007-02-26T00:00:00Z,1,2007-02-27T00:00:00Z,3.5,0,0
8,2007-02-26T00:00:00Z,1,2007-02-27T00:00:00Z,4.5,0,0
8,2007-02-26T00:00:00Z,1,2007-02-27T00:00:00Z,5.5,0,0
8,2007-02-26T00:00:00Z,7,2007-03-05T00:00:00Z,3.5,0,0
8,2007-02-26T00:00:00Z,7,2007-03-05T00:00:00Z,4.5,1,0
8,2007-02-26T00:00:00Z,7,2007-03-05T00:00:00Z,5.5,0,0
8,2007-02-26T00:00:00Z,30,2007-03-28T00:00:00Z,3.5,0,0
8,2007-02-26T00:00:00Z,30,2007-03-28T00:00:00Z,4.5,0,0
8,2007-02-26T00:00:00Z,30,2007-03-28T00:00:00Z,5.5,0,0
9,2007-03-05T00:00:00Z,1,2007-03-06T00:00:00Z,3.5,0,0
9,2007-03-05T00:00:00Z,1,2007-03-06T00:00:00Z,4.5,0,0
9,2007-03-05T00:00:00Z,1,2007-03-06T00:00:00Z,5.5,0,0
9,2007-03-05T00:00:00Z,7,2007-03-12T00:00:00Z,3.5,0,0
9,2007-03-05T00:00:00Z,7,2007-03-12T00:00:00Z,4.5,1,0
9,2007-03-05T00:00:00Z,7,2007-03-12T00:00:00Z,5.5,0,0
9,2007-03-05T00:00:00Z,30,2007-04-04T00:00:00Z,3.5,0,0
9,2007-03-05T00:00:00Z,30,2007-04-04T00:00:00Z,4.5,0,0
9,2007-03-05T00:00:00Z,30,2007-04-04T00:00:00Z,5.5,0,0
10,2007-03-12T00:00:00Z,1,2007-03-13T00:00:00Z,3.5,0,0
10,2007-03-12T00:00:00Z,1,2007-03-13T00:00:00Z,4.5,0,0
10,2007-03-12T00:00:00Z,1,2007-03-13T00:00:00Z,5.5,0,0
10,2007-03-12T00:00:00Z,7,2007-03-19T00:00:00Z,3.5,0,0
10,2007-03-12T00:00:00Z,7,2007-03-19T00:00:00Z,4.5,1,0
10,2007-03-12T00:00:00Z,7,2007-03-19T00:00:00Z,5.5,0,0
10,2007-03-12T00:00:00Z,30,2007-04-11T00:00:00Z,3.5,0,0
10,2007-03-12T00:00:00Z,30,2007-04-11T00:00:00Z,4.5,0,0
10,2007-03-12T00:00:00Z,30,2007-04-11T00:00:00Z,5.5,0,0
11,2007-03-19T00:00:00Z,1,2007-03-20T00:00:00Z,3.5,0,0
11,2007-03-19T00:00:00Z,1,2007-03-20T00:00:00Z,4.5,0,0
11,2007-03-19T00:00:00Z,1,2007-03-20T00:00:00Z,5.5,0,0
11,2007-03-19T00:00:00Z,7,2007-03-26T00:00:00Z,3.5,0,0
11,2007-03-19T00:00:00Z,7,2007-03-26T00:00:00Z,4.5,1,0
11,2007-03-19T00:00:00Z,7,2007-03-26T00:00:00Z,5.5,0,0
11,2007-03-19T00:00:00Z,30,2007-04-18T00:00:00Z,3.5,0,0
11,2007-03-19T00:00:00Z,30,2007-04-18T00:00:00Z,4.5,0,0
11,2007-03-19T00:00:00Z,30,2007-04-18T00:00:00Z,5.5,0,0
12,2007-03-26T00:00:00Z,1,2007-03-27T00:00:00Z,3.5,0,0
12,2007-03-26T00:00:00Z,1,2007-03-27T00:00:00Z,4.5,0,0
12,2007-03-26T00:00:00Z,1,2007-03-27T00:00:00Z,5.5,0,0
12,2007-03-26T00:00:00Z,7,2007-04-02T00:00:00Z,3.5,0,0
12,2007-03-26T00:00:00Z,7,2007-04-02T00:00:00Z,4.5,1,0
12,2007-03-26T00:00:00Z,7,2007-04-02T00:00:00Z,5.5,0,0
12,2007-03-26T00:00:00Z,30,2007-04-25T00:00:00Z,3.5,0,0
12,2007-03-26T00:00:00Z,30,2007-04-25T00:00:00Z,4.5,0,0
12,2007-03-26T00:00:00Z,30,2007-04-25T00:00:00Z,5.5,0,0
13,2007-04-02T00:00:00Z,1,2007-04-03T00:00:00Z,3.5,0,0
13,2007-04-02T00:00:00Z,1,2007-04-03T00:00:00Z,4.5,0,0
13,2007-04-02T00:00:00Z,1,2007-04-03T00:00:00Z,5.5,0,0
13,2007-04-02T00:00:00Z,7,2007-04-09T00:00:00Z,3.5,0,0
13,2007-04-02T00:00:00Z,7,2007-04-09T00:00:00Z,4.5,1,0
13,2007-04-02T00:00:00Z,7,2007-04-09T00:00:00Z,5.5,0,0
13,2007-04-02T00:00:00Z,30,2007-05-02T00:00:00Z,3.5,0,0
13,2007-04-02T00:00:00Z,30,2007-05-02T00:00:00Z,4.5,0,0
13,2007-04-02T00:00:00Z,30,2007-05-02T00:00:00Z,5.5,0,0
14,2007-04-09T00:00:00Z,1,2007-04-10T00:00:00Z,3.5,0,0
14,2007-04-09T00:00:00Z,1,2007-04-10T00:00:00Z,4.5,0,0
14,2007-04-09T00:00:00Z,1,2007-04-10T00:00:00Z,5.5,0,0
14,2007-04-09T00:00:00Z,7,2007-04-16T00:00:00Z,3.5,0,0
14,2007-04-09T00:00:00Z,7,2007-04-16T00:00:00Z,4.5,1,0
14,2007-04-09T00:00:00Z,7,2007-04-16T00:00:00Z,5.5,0,0
14,2007-04-09T00:00:00Z,30,2007-05-09T00:00:00Z,3.5,0,0
14,2007-04-09T00:00:00Z,30,2007-05-09T00:00:00Z,4.5,0,0
14,2007-04-09T00:00:00Z,30,2007-05-09T00:00:00Z,5.5,0,0
15,2007-04-16T00:00:00Z,1,2007-04-17T00:00:00Z,3.5,0,0
15,2007-04-16T00:00:00Z,1,2007-04-17T00:00:00Z,4.5,0,0
15,2007-04-16T00:00:00Z,1,2007-04-17T00:00:00Z,5.5,0,0
15,2007-04-16T00:00:00Z,7,2007-04-23T00:00:00Z,3.5,0,0
15,2007-04-16T00:00:00Z,7,2007-04-23T00:00:00Z,4.5,1,0
15,2007-04-16T00:00:00Z,7,2007-04-23T00:00:00Z,5.5,0,0
15,2007-04-16T00:00:00Z,30,2007-05-16T00:00:00Z,3.5,0,0
15,2007-04-16T00:00:00Z,30,2007-05-16T00:00:00Z,4.5,0,0
15,2007-04-16T00:00:00Z,30,2007-05-16T00:00:00Z,5.5,0,0
16,2007-04-23T00:00:00Z,1,2007-04-24T00:00:00Z,3.5,0,0
16,2007-04-23T00:00:00Z,1,2007-04-24T00:00:00Z,4.5,0,0
16,2007-04-23T00:00:00Z,1,2007-04-24T00:00:00Z,5.5,0,0
16,2007-04-23T00:00:00Z,7,2007-04-30T00:00:00Z,3.5,0,0
16,2007-04-23T00:00:00Z,7,2007-04-30T00:00:00Z,4.5,1,0
16,2007-04-23T00:00:00Z,7,2007-04-30T00:00:00Z,5.5,0,0
16,2007-04-23T00:00:00Z,30,2007-05-23T00:00:00Z,3.5,0,0
16,2007-04-23T00:00:00Z,30,2007-05-23T00:00:00Z,4.5,0,0
16,2007-04-23T00:00:00Z,30,2007-05-23T00:00:00Z,5.5,0,0
17,2007-04-30T00:00:00Z,1,2007-05-01T00:00:00Z,3.5,0,0
17,2007-04-30T00:00:00Z,1,2007-05-01T00:00:00Z,4.5,0,0
17,2007-04-30T00:00:00Z,1,2007-05-01T00:00:00Z,5.5,0,0
17,2007-04-30T00:00:00Z,7,2007-05-07T00:00:00Z,3.5,0,0
17,2007-04-30T00:00:00Z,7,2007-05-07T00:00:00Z,4.5,1,0
17,2007-04-30T00:00:00Z,7,2007-05-07T00:00:00Z,5.5,0,0
17,2007-04-30T00:00:00Z,30,2007-05-30T00:00:00Z,3.5,0,0
17,2007-04-30T00:00:00Z,30,2007-05-30T00:00:00Z,4.5,0,0
17,2007-04-30T00:00:00Z,30,2007-05-30T00:00:00Z,5.5,0,0
18,2007-05-07T00:00:00Z,1,2007-05-08T00:00:00Z,3.5,0,0
18,2007-05-07T00:00:00Z,1,2007-05-08T00:00:00Z,4.5,0,0
18,2007-05-07T00:00:00Z,1,2007-05-08T00:00:00Z,5.5,0,0
18,2007-05-07T00:00:00Z,7,2007-05-14T00:00:00Z,3.5,0,0
18,2007-05-07T00:00:00Z,7,2007-05-14T00:00:00Z,4.5,1,0
18,2007-05-07T00:00:00Z,7,2007-05-14T00:00:00Z,5.5,0,0
18,2007-05-07T00:00:00Z,30,2007-06-06T00:00:00Z,3.5,0,0
18,2007-05-07T00:00:00Z,30,2007-06-06T00:00:00Z,4.5,0,0
18,2007-05-07T00:00:00Z,30,2007-06-06T00:00:00Z,5.5,0,0
19,2007-05-14T00:00:00Z,1,2007-05-15T00:00:00Z,3.5,0,0
19,2007-05-14T00:00:00Z,1,2007-05-15T00:00:00Z,4.5,0,0
19,2007-05-14T00:00:00Z,1,2007-05-15T00:00:00Z,5.5,0,0
19,2007-05-14T00:00:00Z,7,2007-05-21T00:00:00Z,3.5,0,0
19,2007-05-14T00:00:00Z,7,2007-05-21T00:00:00Z,4.5,1,0
19,2007-05-14T00:00:00Z,7,2007-05-21T00:00:00Z,5.5,0,0
19,2007-05-14T00:00:00Z,30,2007-06-13T00:00:00Z,3.5,0,0
19,2007-05-14T00:00:00Z,30,2007-06-13T00:00:00Z,4.5,0,0
19,2007-05-14T00:00:00Z,30,2007-06-13T00:00:00Z,5.5,0,0
20,2007-05-21T00:00:00Z,1,2007-05-22T00:00:00Z,3.5,0,1
20,2007-05-21T00:00:00Z,1,2007-05-22T00:00:00Z,4.5,0,1
20,2007-05-21T00:00:00Z,1,2007-05-22T00:00:00Z,5.5,0,1
20,2007-05-21T00:00:00Z,7,2007-05-28T00:00:00Z,3.5,0,1
20,2007-05-21T00:00:00Z,7,2007-05-28T00:00:00Z,4.5,1,1
20,2007-05-21T00:00:00Z,7,2007-05-28T00:00:00Z,5.5,0,1
20,2007-05-21T00:00:00Z,30,2007-06-20T00:00:00Z,3.5,0,1
20,2007-05-21T00:00:00Z,30,2007-06-20T00:00:00Z,4.5,0,1
20,2007-05-21T00:00:00Z,30,2007-06-20T00:00:00Z,5.5,0,1
21,2007-05-28T00:00:00Z,1,2007-05-29T00:00:00Z,3.5,0,0
21,2007-05-28T00:00:00Z,1,2007-05-29T00:00:00Z,4.5,0,0
21,2007-05-28T00:00:00Z,1,2007-05-29T00:00:00Z,5.5,0,0
21,2007-05-28T00:00:00Z,7,2007-06-04T00:00:00Z,3.5,0,0
21,2007-05-28T00:00:00Z,7,2007-06-04T00:00:00Z,4.5,1,0
21,2007-05-28T00:00:00Z,7,2007-06-04T00:00:00Z,5.5,0,0
21,2007-05-28T00:00:00Z,30,2007-06-27T00:00:00Z,3.5,0,0
21,2007-05-28T00:00:00Z,30,2007-06-27T00:00:00Z,4.5,0,0
21,2007-05-28T00:00:00Z,30,2007-06-27T00:00:00Z,5.5,0,0
22,2007-06-04T00:00:00Z,1,2007-06-05T00:00:00Z,3.5,0,0
22,2007-06-04T00:00:00Z,1,2007-06-05T00:00:00Z,4.5,0,0
22,2007-06-04T00:00:00Z,1,2007-06-05T00:00:00Z,5.5,0,0
22,2007-06-04T00:00:00Z,7,2007-06-11T00:00:00Z,3.5,0,0
22,2007-06-04T00:00:00Z,7,2007-06-11T00:00:00Z,4.5,1,0
22,2007-06-04T00:00:00Z,7,2007-06-11T00:00:00Z,5.5,0,0
22,2007-06-04T00:00:00Z,30,2007-07-04T00:00:00Z,3.5,0,0
22,2007-06-04T00:00:00Z,30,2007-07-04T00:00:00Z,4.5,0,0
22,2007-06-04T00:00:00Z,30,2007-07-04T00:00:00Z,5.5,0,0
23,2007-06-11T00:00:00Z,1,2007-06-12T00:00:00Z,3.5,0,0
23,2007-06-11T00:00:00Z,1,2007-06-12T00:00:00Z,4.5,0,0
23,2007-06-11T00:00:00Z,1,2007-06-12T00:00:00Z,5.5,0,0
23,2007-06-11T00:00:00Z,7,2007-06-18T00:00:00Z,3.5,0,0
23,2007-06-11T00:00:00Z,7,2007-06-18T00:00:00Z,4.5,1,0
23,2007-06-11T00:00:00Z,7,2007-06-18T00:00:00Z,5.5,0,0
23,2007-06-11T00:00:00Z,30,2007-07-11T00:00:00Z,3.5,0,0
23,2007-06-11T00:00:00Z,30,2007-07-11T00:00:00Z,4.5,0,0
23,2007-06-11T00:00:00Z,30,2007-07-11T00:00:00Z,5.5,0,0
24,2007-06-18T00:00:00Z,1,2007-06-19T00:00:00Z,3.5,0,0
24,2007-06-18T00:00:00Z,1,2007-06-19T00:00:00Z,4.5,0,0
24,2007-06-18T00:00:00Z,1,2007-06-19T00:00:00Z,5.5,0,0
24,2007-06-18T00:00:00Z,7,2007-06-25T00:00:00Z,3.5,0,0
24,2007-06-18T00:00:00Z,7,2007-06-25T00:00:00Z,4.5,1,0
24,2007-06-18T00:00:00Z,7,2007-06-25T00:00:00Z,5.5,0,0
24,2007-06-18T00:00:00Z,30,2007-07-18T00:00:00Z,3.5,0,0
24,2007-06-18T00:00:00Z,30,2007-07-18T00:00:00Z,4.5,0,0
24,2007-06-18T00:00:00Z,30,2007-07-18T00:00:00Z,5.5,0,0
25,2007-06-25T00:00:00Z,1,2007-06-26T00:00:00Z,3.5,0,0
25,2007-06-25T00:00:00Z,1,2007-06-26T00:00:00Z,4.5,0,0
25,2007-06-25T00:00:00Z,1,2007-06-26T00:00:00Z,5.5,0,0
25,2007-06-25T00:00:00Z,7,2007-07-02T00:00:00Z,3.5,0,0
25,2007-06-25T00:00:00Z,7,2007-07-02T00:00:00Z,4.5,1,0
25,2007-06-25T00:00:00Z,7,2007-07-02T00:00:00Z,5.5,0,0
25,2007-06-25T00:00:00Z,30,2007-07-25T00:00:00Z,3.5,0,0
25,2007-06-25T00:00:00Z,30,2007-07-25T00:00:00Z,4.5,0,0
25,2007-06-25T00:00:00Z,30,2007-07-25T00:00:00Z,5.5,0,0
26,2007-07-02T00:00:00Z,1,2007-07-03T00:00:00Z,3.5,0,0
26,2007-07-02T00:00:00Z,1,2007-07-03T00:00:00Z,4.5,0,0
26,2007-07-02T00:00:00Z,1,2007-07-03T00:00:00Z,5.5,0,0
26,2007-07-02T00:00:00Z,7,2007-07-09T00:00:00Z,3.5,0,0
26,2007-07-02T00:00:00Z,7,2007-07-09T00:00:00Z,4.5,1,0
26,2007-07-02T00:00:00Z,7,2007-07-09T00:00:00Z,5.5,0,0
26,2007-07-02T00:00:00Z,30,2007-08-01T00:00:00Z,3.5,0,0
26,2007-07-02T00:00:00Z,30,2007-08-01T00:00:00Z,4.5,0,0
26,2007-07-02T00:00:00Z,30,2007-08-01T00:00:00Z,5.5,0,0
27,2007-07-09T00:00:00Z,1,2007-07-10T00:00:00Z,3.5,0,0
27,2007-07-09T00:00:00Z,1,2007-07-10T00:00:00Z,4.5,0,0
27,2007-07-09T00:00:00Z,1,2007-07-10T00:00:00Z,5.5,0,0
27,2007-07-09T00:00:00Z,7,2007-07-16T00:00:00Z,3.5,0,0
27,2007-07-09T00:00:00Z,7,2007-07-16T00:00:00Z,4.5,1,0
27,2007-07-09T00:00:00Z,7,2007-07-16T00:00:00Z,5.5,0,0
27,2007-07-09T00:00:00Z,30,2007-08-08T00:00:00Z,3.5,0,0
27,2007-07-09T00:00:00Z,30,2007-08-08T00:00:00Z,4.5,0,0
27,2007-07-09T00:00:00Z,30,2007-08-08T00:00:00Z,5.5,0,0
28,2007-07-16T00:00:00Z,1,2007-07-17T00:00:00Z,3.5,0,0
28,2007-07-16T00:00:00Z,1,2007-07-17T00:00:00Z,4.5,0,0
28,2007-07-16T00:00:00Z,1,2007-07-17T00:00:00Z,5.5,0,0
28,2007-07-16T00:00:00Z,7,2007-07-23T00:00:00Z,3.5,0,0
28,2007-07-16T00:00:00Z,7,2007-07-23T00:00:00Z,4.5,1,0
28,2007-07-16T00:00:00Z,7,2007-07-23T00:00:00Z,5.5,0,0
28,2007-07-16T00:00:00Z,30,2007-08-15T00:00:00Z,3.5,0,0
28,2007-07-16T00:00:00Z,30,2007-08-15T00:00:00Z,4.5,0,0
28,2007-07-16T00:00:00Z,30,2007-08-15T00:00:00Z,5.5,0,0
29,2007-07-23T00:00:00Z,1,2007-07-24T00:00:00Z,3.5,0,0
29,2007-07-23T00:00:00Z,1,2007-07-24T00:00:00Z,4.5,0,0
29,2007-07-23T00:00:00Z,1,2007-07-24T00:00:00Z,5.5,0,0
29,2007-07-23T00:00:00Z,7,2007-07-30T00:00:00Z,3.5,0,0
29,2007-07-23T00:00:00Z,7,2007-07-30T00:00:00Z,4.5,1,0
29,2007-07-23T00:00:00Z,7,2007-07-30T00:00:00Z,5.5,0,0
29,2007-07-23T00:00:00Z,30,2007-08-22T00:00:00Z,3.5,0,0
29,2007-07-23T00:00:00Z,30,2007-08-22T00:00:00Z,4.5,0,0
29,2007-07-23T00:00:00Z,30,2007-08-22T00:00:00Z,5.5,0,0
30,2007-07-30T00:00:00Z,1,2007-07-31T00:00:00Z,3.5,0,0
30,2007-07-30T00:00:00Z,1,2007-07-31T00:00:00Z,4.5,0,0
30,2007-07-30T00:00:00Z,1,2007-07-31T00:00:00Z,5.5,0,0
30,2007-07-30T00:00:00Z,7,2007-08-06T00:00:00Z,3.5,0,0
30,2007-07-30T00:00:00Z,7,2007-08-06T00:00:00Z,4.5,1,0
30,2007-07-30T00:00:00Z,7,2007-08-06T00:00:00Z,5.5,0,0
30,2007-07-30T00:00:00Z,30,2007-08-29T00:00:00Z,3.5,0,0
30,2007-07-30T00:00:00Z,30,2007-08-29T00:00:00Z,4.5,0,0
30,2007-07-30T00:00:00Z,30,2007-08-29T00:00:00Z,5.5,0,0
31,2007-08-06T00:00:00Z,1,2007-08-07T00:00:00Z,3.5,0,0
31,2007-08-06T00:00:00Z,1,2007-08-07T00:00:00Z,4.5,0,0
31,2007-08-06T00:00:00Z,1,2007-08-07T00:00:00Z,5.5,0,0
31,2007-08-06T00:00:00Z,7,2007-08-13T00:00:00Z,3.5,0,0
31,2007-08-06T00:00:00Z,7,2007-08-13T00:00:00Z,4.5,1,0
31,2007-08-06T00:00:00Z,7,2007-08-13T00:00:00Z,5.5,0,0
31,2007-08-06T00:00:00Z,30,2007-09-05T00:00:00Z,3.5,0,0
31,2007-08-06T00:00:00Z,30,2007-09-05T00:00:00Z,4.5,0,0
31,2007-08-06T00:00:00Z,30,2007-09-05T00:00:00Z,5.5,0,0
32,2007-08-13T00:00:00Z,1,2007-08-14T00:00:00Z,3.5,0,0
32,2007-08-13T00:00:00Z,1,2007-08-14T00:00:00Z,4.5,0,0
32,2007-08-13T00:00:00Z,1,2007-08-14T00:00:00Z,5.5,0,0
32,2007-08-13T00:00:00Z,7,2007-08-20T00:00:00Z,3.5,0,0
32,2007-08-13T00:00:00Z,7,2007-08-20T00:00:00Z,4.5,1,0
32,2007-08-13T00:00:00Z,7,2007-08-20T00:00:00Z,5.5,0,0
32,2007-08-13T00:00:00Z,30,2007-09-12T00:00:00Z,3.5,0,0
32,2007-08-13T00:00:00Z,30,2007-09-12T00:00:00Z,4.5,0,0
32,2007-08-13T00:00:00Z,30,2007-09-12T00:00:00Z,5.5,0,0
33,2007-08-20T00:00:00Z,1,2007-08-21T00:00:00Z,3.5,0,0
33,2007-08-20T00:00:00Z,1,2007-08-21T00:00:00Z,4.5,0,0
33,2007-08-20T00:00:00Z,1,2007-08-21T00:00:00Z,5.5,0,0
33,2007-08-20T00:00:00Z,7,2007-08-27T00:00:00Z,3.5,0,0
33,2007-08-20T00:00:00Z,7,2007-08-27T00:00:00Z,4.5,1,0
33,2007-08-20T00:00:00Z,7,2007-08-27T00:00:00Z,5.5,0,0
33,2007-08-20T00:00:00Z,30,2007-09-19T00:00:00Z,3.5,0,0
33,2007-08-20T00:00:00Z,30,2007-09-19T00:00:00Z,4.5,0,0
33,2007-08-20T00:00:00Z,30,2007-09-19T00:00:00Z,5.5,0,0
34,2007-08-27T00:00:00Z,1,2007-08-28T00:00:00Z,3.5,0,0
34,2007-08-27T00:00:00Z,1,2007-08-28T00:00:00Z,4.5,0,0
34,2007-08-27T00:00:00Z,1,2007-08-28T00:00:00Z,5.5,0,0
34,2007-08-27T00:00:00Z,7,2007-09-03T00:00:00Z,3.5,0,0
34,2007-08-27T00:00:00Z,7,2007-09-03T00:00:00Z,4.5,1,0
34,2007-08-27T00:00:00Z,7,2007-09-03T00:00:00Z,5.5,0,0
34,2007-08-27T00:00:00Z,30,2007-09-26T00:00:00Z,3.5,0,0
34,2007-08-27T00:00:00Z,30,2007-09-26T00:00:00Z,4.5,0,0
34,2007-08-27T00:00:00Z,30,2007-09-26T00:00:00Z,5.5,0,0
35,2007-09-03T00:00:00Z,1,2007-09-04T00:00:00Z,3.5,0,0
35,2007-09-03T00:00:00Z,1,2007-09-04T00:00:00Z,4.5,0,0
35,2007-09-03T00:00:00Z,1,2007-09-04T00:00:00Z,5.5,0,0
35,2007-09-03T00:00:00Z,7,2007-09-10T00:00:00Z,3.5,0,0
35,2007-09-03T00:00:00Z,7,2007-09-10T00:00:00Z,4.5,1,0
35,2007-09-03T00:00:00Z,7,2007-09-10T00:00:00Z,5.5,0,0
35,2007-09-03T00:00:00Z,30,2007-10-03T00:00:00Z,3.5,0,0
35,2007-09-03T00:00:00Z,30,2007-10-03T00:00:00Z,4.5,0,0
35,2007-09-03T00:00:00Z,30,2007-10-03T00:00:00Z,5.5,0,0
36,2007-09-10T00:00:00Z,1,2007-09-11T00:00:00Z,3.5,0,0
36,2007-09-10T00:00:00Z,1,2007-09-11T00:00:00Z,4.5,0,0
36,2007-09-10T00:00:00Z,1,2007-09-11T00:00:00Z,5.5,0,0
36,2007-09-10T00:00:00Z,7,2007-09-17T00:00:00Z,3.5,0,0
36,2007-09-10T00:00:00Z,7,2007-09-17T00:00:00Z,4.5,1,0
36,2007-09-10T00:00:00Z,7,2007-09-17T00:00:00Z,5.5,0,0
36,2007-09-10T00:00:00Z,30,2007-10-10T00:00:00Z,3.5,0,0
36,2007-09-10T00:00:00Z,30,2007-10-10T00:00:00Z,4.5,0,0
36,2007-09-10T00:00:00Z,30,2007-10-10T00:00:00Z,5.5,0,0
37,2007-09-17T00:00:00Z,1,2007-09-18T00:00:00Z,3.5,0,0
37,2007-09-17T00:00:00Z,1,2007-09-18T00:00:00Z,4.5,0,0
37,2007-09-17T00:00:00Z,1,2007-09-18T00:00:00Z,5.5,0,0
37,2007-09-17T00:00:00Z,7,2007-09-24T00:00:00Z,3.5,0,0
37,2007-09-17T00:00:00Z,7,2007-09-24T00:00:00Z,4.5,1,0
37,2007-09-17T00:00:00Z,7,2007-09-24T00:00:00Z,5.5,0,0
37,2007-09-17T00:00:00Z,30,2007-10-17T00:00:00Z,3.5,0,0
37,2007-09-17T00:00:00Z,30,2007-10-17T00:00:00Z,4.5,0,0
37,2007-09-17T00:00:00Z,30,2007-10-17T00:00:00Z,5.5,0,0
38,2007-09-24T00:00:00Z,1,2007-09-25T00:00:00Z,3.5,0,0
38,2007-09-24T00:00:00Z,1,2007-09-25T00:00:00Z,4.5,0,0
38,2007-09-24T00:00:00Z,1,2007-09-25T00:00:00Z,5.5,0,0
38,2007-09-24T00:00:00Z,7,2007-10-01T00:00:00Z,3.5,0,0
38,2007-09-24T00:00:00Z,7,2007-10-01T00:00:00Z,4.5,1,0
38,2007-09-24T00:00:00Z,7,2007-10-01T00:00:00Z,5.5,0,0
38,2007-09-24T00:00:00Z,30,2007-10-24T00:00:00Z,3.5,0,0
38,2007-09-24T00:00:00Z,30,2007-10-24T00:00:00Z,4.5,0,0
38,2007-09-24T00:00:00Z,30,2007-10-24T00:00:00Z,5.5,0,0
39,2007-10-01T00:00:00Z,1,2007-10-02T00:00:00Z,3.5,0,0
39,2007-10-01T00:00:00Z,1,2007-10-02T00:00:00Z,4.5,0,0
39,2007-10-01T00:00:00Z,1,2007-10-02T00:00:00Z,5.5,0,0
39,2007-10-01T00:00:00Z,7,2007-10-08T00:00:00Z,3.5,0,0
39,2007-10-01T00:00:00Z,7,2007-10-08T00:00:00Z,4.5,1,0
39,2007-10-01T00:00:00Z,7,2007-10-08T00:00:00Z,5.5,0,0
39,2007-10-01T00:00:00Z,30,2007-10-31T00:00:00Z,3.5,0,0
39,2007-10-01T00:00:00Z,30,2007-10-31T00:00:00Z,4.5,0,0
39,2007-10-01T00:00:00Z,30,2007-10-31T00:00:00Z,5.5,0,0
40,2007-10-08T00:00:00Z,1,2007-10-09T00:00:00Z,3.5,0,1
40,2007-10-08T00:00:00Z,1,2007-10-09T00:00:00Z,4.5,0,1
40,2007-10-08T00:00:00Z,1,2007-10-09T00:00:00Z,5.5,0,1
40,2007-10-08T00:00:00Z,7,2007-10-15T00:00:00Z,3.5,0,1
40,2007-10-08T00:00:00Z,7,2007-10-15T00:00:00Z,4.5,1,1
40,2007-10-08T00:00:00Z,7,2007-10-15T00:00:00Z,5.5,0,1
40,2007-10-08T00:00:00Z,30,2007-11-07T00:00:00Z,3.5,0,1
40,2007-10-08T00:00:00Z,30,2007-11-07T00:00:00Z,4.5,0,1
40,2007-10-08T00:00:00Z,30,2007-11-07T00:00:00Z,5.5,0,1
41,2007-10-15T00:00:00Z,1,2007-10-16T00:00:00Z,3.5,0,0
41,2007-10-15T00:00:00Z,1,2007-10-16T00:00:00Z,4.5,0,0
41,2007-10-15T00:00:00Z,1,2007-10-16T00:00:00Z,5.5,0,0
41,2007-10-15T00:00:00Z,7,2007-10-22T00:00:00Z,3.5,0,0
41,2007-10-15T00:00:00Z,7,2007-10-22T00:00:00Z,4.5,1,0
41,2007-10-15T00:00:00Z,7,2007-10-22T00:00:00Z,5.5,0,0
41,2007-10-15T00:00:00Z,30,2007-11-14T00:00:00Z,3.5,0,0
41,2007-10-15T00:00:00Z,30,2007-11-14T00:00:00Z,4.5,0,0
41,2007-10-15T00:00:00Z,30,2007-11-14T00:00:00Z,5.5,0,0
42,2007-10-22T00:00:00Z,1,2007-10-23T00:00:00Z,3.5,0,0
42,2007-10-22T00:00:00Z,1,2007-10-23T00:00:00Z,4.5,0,0
42,2007-10-22T00:00:00Z,1,2007-10-23T00:00:00Z,5.5,0,0
42,2007-10-22T00:00:00Z,7,2007-10-29T00:00:00Z,3.5,0,0
42,2007-10-22T00:00:00Z,7,2007-10-29T00:00:00Z,4.5,1,0
42,2007-10-22T00:00:00Z,7,2007-10-29T00:00:00Z,5.5,0,0
42,2007-10-22T00:00:00Z,30,2007-11-21T00:00:00Z,3.5,0,0
42,2007-10-22T00:00:00Z,30,2007-11-21T00:00:00Z,4.5,0,0
42,2007-10-22T00:00:00Z,30,2007-11-21T00:00:00Z,5.5,0,0
43,2007-10-29T00:00:00Z,1,2007-10-30T00:00:00Z,3.5,0,0
43,2007-10-29T00:00:00Z,1,2007-10-30T00:00:00Z,4.5,0,0
43,2007-10-29T00:00:00Z,1,2007-10-30T00:00:00Z,5.5,0,0
43,2007-10-29T00:00:00Z,7,2007-11-05T00:00:00Z,3.5,0,0
43,2007-10-29T00:00:00Z,7,2007-11-05T00:00:00Z,4.5,1,0
43,2007-10-29T00:00:00Z,7,2007-11-05T00:00:00Z,5.5,0,0
43,2007-10-29T00:00:00Z,30,2007-11-28T00:00:00Z,3.5,0,0
43,2007-10-29T00:00:00Z,30,2007-11-28T00:00:00Z,4.5,0,0
43,2007-10-29T00:00:00Z,30,2007-11-28T00:00:00Z,5.5,0,0
44,2007-11-05T00:00:00Z,1,2007-11-06T00:00:00Z,3.5,0,0
44,2007-11-05T00:00:00Z,1,2007-11-06T00:00:00Z,4.5,0,0
44,2007-11-05T00:00:00Z,1,2007-11-06T00:00:00Z,5.5,0,0
44,2007-11-05T00:00:00Z,7,2007-11-12T00:00:00Z,3.5,0,0
44,2007-11-05T00:00:00Z,7,2007-11-12T00:00:00Z,4.5,1,0
44,2007-11-05T00:00:00Z,7,2007-11-12T00:00:00Z,5.5,0,0
44,2007-11-05T00:00:00Z,30,2007-12-05T00:00:00Z,3.5,0,0
44,2007-11-05T00:00:00Z,30,2007-12-05T00:00:00Z,4.5,0,0
44,2007-11-05T00:00:00Z,30,2007-12-05T00:00:00Z,5.5,0,0
45,2007-11-12T00:00:00Z,1,2007-11-13T00:00:00Z,3.5,0,0
45,2007-11-12T00:00:00Z,1,2007-11-13T00:00:00Z,4.5,0,0
45,2007-11-12T00:00:00Z,1,2007-11-13T00:00:00Z,5.5,0,0
45,2007-11-12T00:00:00Z,7,2007-11-19T00:00:00Z,3.5,0,0
45,2007-11-12T00:00:00Z,7,2007-11-19T00:00:00Z,4.5,1,0
45,2007-11-12T00:00:00Z,7,2007-11-19T00:00:00Z,5.5,0,0
45,2007-11-12T00:00:00Z,30,2007-12-12T00:00:00Z,3.5,0,0
45,2007-11-12T00:00:00Z,30,2007-12-12T00:00:00Z,4.5,0,0
45,2007-11-12T00:00:00Z,30,2007-12-12T00:00:00Z,5.5,0,0
46,2007-11-19T00:00:00Z,1,2007-11-20T00:00:00Z,3.5,0,0
46,2007-11-19T00:00:00Z,1,2007-11-20T00:00:00Z,4.5,0,0
46,2007-11-19T00:00:00Z,1,2007-11-20T00:00:00Z,5.5,0,0
46,2007-11-19T00:00:00Z,7,2007-11-26T00:00:00Z,3.5,0,0
46,2007-11-19T00:00:00Z,7,2007-11-26T00:00:00Z,4.5,1,0
46,2007-11-19T00:00:00Z,7,2007-11-26T00:00:00Z,5.5,0,0
46,2007-11-19T00:00:00Z,30,2007-12-19T00:00:00Z,3.5,0,0
46,2007-11-19T00:00:00Z,30,2007-12-19T00:00:00Z,4.5,0,0
46,2007-11-19T00:00:00Z,30,2007-12-19T00:00:00Z,5.5,0,0
47,2007-11-26T00:00:00Z,1,2007-11-27T00:00:00Z,3.5,0,0
47,2007-11-26T00:00:00Z,1,2007-11-27T00:00:00Z,4.5,0,0
47,2007-11-26T00:00:00Z,1,2007-11-27T00:00:00Z,5.5,0,0
47,2007-11-26T00:00:00Z,7,2007-12-03T00:00:00Z,3.5,0,0
47,2007-11-26T00:00:00Z,7,2007-12-03T00:00:00Z,4.5,1,0
47,2007-11-26T00:00:00Z,7,2007-12-03T00:00:00Z,5.5,0,0
47,2007-11-26T00:00:00Z,30,2007-12-26T00:00:00Z,3.5,0,0
47,2007-11-26T00:00:00Z,30,2007-12-26T00:00:00Z,4.5,0,0
47,2007-11-26T00:00:00Z,30,2007-12-26T00:00:00Z,5.5,0,0
48,2007-12-03T00:00:00Z,1,2007-12-04T00:00:00Z,3.5,0,0
48,2007-12-03T00:00:00Z,1,2007-12-04T00:00:00Z,4.5,0,0
48,2007-12-03T00:00:00Z,1,2007-12-04T00:00:00Z,5.5,0,0
48,2007-12-03T00:00:00Z,7,2007-12-10T00:00:00Z,3.5,0,0
48,2007-12-03T00:00:00Z,7,2007-12-10T00:00:00Z,4.5,1,0
48,2007-12-03T00:00:00Z,7,2007-12-10T00:00:00Z,5.5,0,0
48,2007-12-03T00:00:00Z,30,2008-01-02T00:00:00Z,3.5,0,0
48,2007-12-03T00:00:00Z,30,2008-01-02T00:00:00Z,4.5,0,0
48,2007-12-03T00:00:00Z,30,2008-01-02T00:00:00Z,5.5,0,0
49,2007-12-10T00:00:00Z,1,2007-12-11T00:00:00Z,3.5,0,0
49,2007-12-10T00:00:00Z,1,2007-12-11T00:00:00Z,4.5,0,0
49,2007-12-10T00:00:00Z,1,2007-12-11T00:00:00Z,5.5,0,0
49,2007-12-10T00:00:00Z,7,2007-12-17T00:00:00Z,3.5,0,0
49,2007-12-10T00:00:00Z,7,2007-12-17T00:00:00Z,4.5,1,0
49,2007-12-10T00:00:00Z,7,2007-12-17T00:00:00Z,5.5,0,0
49,2007-12-10T00:00:00Z,30,2008-01-09T00:00:00Z,3.5,0,0
49,2007-12-10T00:00:00Z,30,2008-01-09T00:00:00Z,4.5,0,0
49,2007-12-10T00:00:00Z,30,2008-01-09T00:00:00Z,5.5,0,0
50,2007-12-17T00:00:00Z,1,2007-12-18T00:00:00Z,3.5,0,0
50,2007-12-17T00:00:00Z,1,2007-12-18T00:00:00Z,4.5,0,0
50,2007-12-17T00:00:00Z,1,2007-12-18T00:00:00Z,5.5,0,0
50,2007-12-17T00:00:00Z,7,2007-12-24T00:00:00Z,3.5,0,0
50,2007-12-17T00:00:00Z,7,2007-12-24T00:00:00Z,4.5,1,0
50,2007-12-17T00:00:00Z,7,2007-12-24T00:00:00Z,5.5,0,0
50,2007-12-17T00:00:00Z,30,2008-01-16T00:00:00Z,3.5,0,0
50,2007-12-17T00:00:00Z,30,2008-01-16T00:00:00Z,4.5,0,0
50,2007-12-17T00:00:00Z,30,2008-01-16T00:00:00Z,5.5,0,0
51,2007-12-24T00:00:00Z,1,2007-12-25T00:00:00Z,3.5,0,0
51,2007-12-24T00:00:00Z,1,2007-12-25T00:00:00Z,4.5,0,0
51,2007-12-24T00:00:00Z,1,2007-12-25T00:00:00Z,5.5,0,0
51,2007-12-24T00:00:00Z,7,2007-12-31T00:00:00Z,3.5,0,0
51,2007-12-24T00:00:00Z,7,2007-12-31T00:00:00Z,4.5,1,0
51,2007-12-24T00:00:00Z,7,2007-12-31T00:00:00Z,5.5,0,0
51,2007-12-24T00:00:00Z,30,2008-01-23T00:00:00Z,3.5,0,0
51,2007-12-24T00:00:00Z,30,2008-01-23T00:00:00Z,4.5,0,0
51,2007-12-24T00:00:00Z,30,2008-01-23T00:00:00Z,5.5,0,0
52,2007-12-31T00:00:00Z,1,2008-01-01T00:00:00Z,3.5,0,0
52,2007-12-31T00:00:00Z,1,2008-01-01T00:00:00Z,4.5,0,0
52,2007-12-31T00:00:00Z,1,2008-01-01T00:00:00Z,5.5,0,0
52,2007-12-31T00:00:00Z,7,2008-01-07T00:00:00Z,3.5,0,0
52,2007-12-31T00:00:00Z,7,2008-01-07T00:00:00Z,4.5,1,0
52,2007-12-31T00:00:00Z,7,2008-01-07T00:00:00Z,5.5,0,0
52,2007-12-31T00:00:00Z,30,2008-01-30T00:00:00Z,3.5,0,0
52,2007-12-31T00:00:00Z,30,2008-01-30T00:00:00Z,4.5,0,0
52,2007-12-31T00:00:00Z,30,2008-01-30T00:00:00Z,5.5,0,0
53,2008-01-07T00:00:00Z,1,2008-01-08T00:00:00Z,3.5,0,0
53,2008-01-07T00:00:00Z,1,2008-01-08T00:00:00Z,4.5,0,0
53,2008-01-07T00:00:00Z,1,2008-01-08T00:00:00Z,5.5,0,0
53,2008-01-07T00:00:00Z,7,2008-01-14T00:00:00Z,3.5,0,0
53,2008-01-07T00:00:00Z,7,2008-01-14T00:00:00Z,4.5,1,0
53,2008-01-07T00:00:00Z,7,2008-01-14T00:00:00Z,5.5,0,0
53,2008-01-07T00:00:00Z,30,2008-02-06T00:00:00Z,3.5,0,0
53,2008-01-07T00:00:00Z,30,2008-02-06T00:00:00Z,4.5,0,0
53,2008-01-07T00:00:00Z,30,2008-02-06T00:00:00Z,5.5,0,0
54,2008-01-14T00:00:00Z,1,2008-01-15T00:00:00Z,3.5,0,0
54,2008-01-14T00:00:00Z,1,2008-01-15T00:00:00Z,4.5,0,0
54,2008-01-14T00:00:00Z,1,2008-01-15T00:00:00Z,5.5,0,0
54,2008-01-14T00:00:00Z,7,2008-01-21T00:00:00Z,3.5,0,0
54,2008-01-14T00:00:00Z,7,2008-01-21T00:00:00Z,4.5,1,0
54,2008-01-14T00:00:00Z,7,2008-01-21T00:00:00Z,5.5,0,0
54,2008-01-14T00:00:00Z,30,2008-02-13T00:00:00Z,3.5,0,0
54,2008-01-14T00:00:00Z,30,2008-02-13T00:00:00Z,4.5,0,0
54,2008-01-14T00:00:00Z,30,2008-02-13T00:00:00Z,5.5,0,0
55,2008-01-21T00:00:00Z,1,2008-01-22T00:00:00Z,3.5,0,0
55,2008-01-21T00:00:00Z,1,2008-01-22T00:00:00Z,4.5,0,0
55,2008-01-21T00:00:00Z,1,2008-01-22T00:00:00Z,5.5,0,0
55,2008-01-21T00:00:00Z,7,2008-01-28T00:00:00Z,3.5,0,0
55,2008-01-21T00:00:00Z,7,2008-01-28T00:00:00Z,4.5,1,0
55,2008-01-21T00:00:00Z,7,2008-01-28T00:00:00Z,5.5,0,0
55,2008-01-21T00:00:00Z,30,2008-02-20T00:00:00Z,3.5,0,0
55,2008-01-21T00:00:00Z,30,2008-02-20T00:00:00Z,4.5,0,0
55,2008-01-21T00:00:00Z,30,2008-02-20T00:00:00Z,5.5,0,0
56,2008-01-28T00:00:00Z,1,2008-01-29T00:00:00Z,3.5,0,0
56,2008-01-28T00:00:00Z,1,2008-01-29T00:00:00Z,4.5,0,0
56,2008-01-28T00:00:00Z,1,2008-01-29T00:00:00Z,5.5,0,0
56,2008-01-28T00:00:00Z,7,2008-02-04T00:00:00Z,3.5,0,0
56,2008-01-28T00:00:00Z,7,2008-02-04T00:00:00Z,4.5,1,0
56,2008-01-28T00:00:00Z,7,2008-02-04T00:00:00Z,5.5,0,0
56,2008-01-28T00:00:00Z,30,2008-02-27T00:00:00Z,3.5,0,0
56,2008-01-28T00:00:00Z,30,2008-02-27T00:00:00Z,4.5,0,0
56,2008-01-28T00:00:00Z,30,2008-02-27T00:00:00Z,5.5,0,0
57,2008-02-04T00:00:00Z,1,2008-02-05T00:00:00Z,3.5,0,0
57,2008-02-04T00:00:00Z,1,2008-02-05T00:00:00Z,4.5,0,0
57,2008-02-04T00:00:00Z,1,2008-02-05T00:00:00Z,5.5,0,0
57,2008-02-04T00:00:00Z,7,2008-02-11T00:00:00Z,3.5,0,0
57,2008-02-04T00:00:00Z,7,2008-02-11T00:00:00Z,4.5,1,0
57,2008-02-04T00:00:00Z,7,2008-02-11T00:00:00Z,5.5,0,0
57,2008-02-04T00:00:00Z,30,2008-03-05T00:00:00Z,3.5,0,0
57,2008-02-04T00:00:00Z,30,2008-03-05T00:00:00Z,4.5,0,0
57,2008-02-04T00:00:00Z,30,2008-03-05T00:00:00Z,5.5,0,0
58,2008-02-11T00:00:00Z,1,2008-02-12T00:00:00Z,3.5,0,0
58,2008-02-11T00:00:00Z,1,2008-02-12T00:00:00Z,4.5,0,0
58,2008-02-11T00:00:00Z,1,2008-02-12T00:00:00Z,5.5,0,0
58,2008-02-11T00:00:00Z,7,2008-02-18T00:00:00Z,3.5,0,0
58,2008-02-11T00:00:00Z,7,2008-02-18T00:00:00Z,4.5,1,0
58,2008-02-11T00:00:00Z,7,2008-02-18T00:00:00Z,5.5,0,0
58,2008-02-11T00:00:00Z,30,2008-03-12T00:00:00Z,3.5,0,0
58,2008-02-11T00:00:00Z,30,2008-03-12T00:00:00Z,4.5,0,0
58,2008-02-11T00:00:00Z,30,2008-03-12T00:00:00Z,5.5,0,0
59,2008-02-18T00:00:00Z,1,2008-02-19T00:00:00Z,3.5,0,0
59,2008-02-18T00:00:00Z,1,2008-02-19T00:00:00Z,4.5,0,0
59,2008-02-18T00:00:00Z,1,2008-02-19T00:00:00Z,5.5,0,0
59,2008-02-18T00:00:00Z,7,2008-02-25T00:00:00Z,3.5,0,0
59,2008-02-18T00:00:00Z,7,2008-02-25T00:00:00Z,4.5,1,0
59,2008-02-18T00:00:00Z,7,2008-02-25T00:00:00Z,5.5,0,0
59,2008-02-18T00:00:00Z,30,2008-03-19T00:00:00Z,3.5,0,0
59,2008-02-18T00:00:00Z,30,2008-03-19T00:00:00Z,4.5,0,0
59,2008-02-18T00:00:00Z,30,2008-03-19T00:00:00Z,5.5,0,0
60,2008-02-25T00:00:00Z,1,2008-02-26T00:00:00Z,3.5,0,1
60,2008-02-25T00:00:00Z,1,2008-02-26T00:00:00Z,4.5,0,1
60,2008-02-25T00:00:00Z,1,2008-02-26T00:00:00Z,5.5,0,1
60,2008-02-25T00:00:00Z,7,2008-03-03T00:00:00Z,3.5,0,1
60,2008-02-25T00:00:00Z,7,2008-03-03T00:00:00Z,4.5,1,1
60,2008-02-25T00:00:00Z,7,2008-03-03T00:00:00Z,5.5,0,1
60,2008-02-25T00:00:00Z,30,2008-03-26T00:00:00Z,3.5,0,1
60,2008-02-25T00:00:00Z,30,2008-03-26T00:00:00Z,4.5,0,1
60,2008-02-25T00:00:00Z,30,2008-03-26T00:00:00Z,5.5,0,1
61,2008-03-03T00:00:00Z,1,2008-03-04T00:00:00Z,3.5,0,0
61,2008-03-03T00:00:00Z,1,2008-03-04T00:00:00Z,4.5,0,0
61,2008-03-03T00:00:00Z,1,2008-03-04T00:00:00Z,5.5,0,0
61,2008-03-03T00:00:00Z,7,2008-03-10T00:00:00Z,3.5,0,0
61,2008-03-03T00:00:00Z,7,2008-03-10T00:00:00Z,4.5,1,0
61,2008-03-03T00:00:00Z,7,2008-03-10T00:00:00Z,5.5,0,0
61,2008-03-03T00:00:00Z,30,2008-04-02T00:00:00Z,3.5,0,0
61,2008-03-03T00:00:00Z,30,2008-04-02T00:00:00Z,4.5,0,0
61,2008-03-03T00:00:00Z,30,2008-04-02T00:00:00Z,5.5,0,0
62,2008-03-10T00:00:00Z,1,2008-03-11T00:00:00Z,3.5,0,0
62,2008-03-10T00:00:00Z,1,2008-03-11T00:00:00Z,4.5,0,0
62,2008-03-10T00:00:00Z,1,2008-03-11T00:00:00Z,5.5,0,0
62,2008-03-10T00:00:00Z,7,2008-03-17T00:00:00Z,3.5,0,0
62,2008-03-10T00:00:00Z,7,2008-03-17T00:00:00Z,4.5,1,0
62,2008-03-10T00:00:00Z,7,2008-03-17T00:00:00Z,5.5,0,0
62,2008-03-10T00:00:00Z,30,2008-04-09T00:00:00Z,3.5,0,0
62,2008-03-10T00:00:00Z,30,2008-04-09T00:00:00Z,4.5,0,0
62,2008-03-10T00:00:00Z,30,2008-04-09T00:00:00Z,5.5,0,0
63,2008-03-17T00:00:00Z,1,2008-03-18T00:00:00Z,3.5,0,0
63,2008-03-17T00:00:00Z,1,2008-03-18T00:00:00Z,4.5,0,0
63,2008-03-17T00:00:00Z,1,2008-03-18T00:00:00Z,5.5,0,0
63,2008-03-17T00:00:00Z,7,2008-03-24T00:00:00Z,3.5,0,0
63,2008-03-17T00:00:00Z,7,2008-03-24T00:00:00Z,4.5,1,0
63,2008-03-17T00:00:00Z,7,2008-03-24T00:00:00Z,5.5,0,0
63,2008-03-17T00:00:00Z,30,2008-04-16T00:00:00Z,3.5,0,0
63,2008-03-17T00:00:00Z,30,2008-04-16T00:00:00Z,4.5,0,0
63,2008-03-17T00:00:00Z,30,2008-04-16T00:00:00Z,5.5,0,0
64,2008-03-24T00:00:00Z,1,2008-03-25T00:00:00Z,3.5,0,0
64,2008-03-24T00:00:00Z,1,2008-03-25T00:00:00Z,4.5,0,0
64,2008-03-24T00:00:00Z,1,2008-03-25T00:00:00Z,5.5,0,0
64,2008-03-24T00:00:00Z,7,2008-03-31T00:00:00Z,3.5,0,0
64,2008-03-24T00:00:00Z,7,2008-03-31T00:00:00Z,4.5,1,0
64,2008-03-24T00:00:00Z,7,2008-03-31T00:00:00Z,5.5,0,0
64,2008-03-24T00:00:00Z,30,2008-04-23T00:00:00Z,3.5,0,0
64,2008-03-24T00:00:00Z,30,2008-04-23T00:00:00Z,4.5,0,0
64,2008-03-24T00:00:00Z,30,2008-04-23T00:00:00Z,5.5,0,0
65,2008-03-31T00:00:00Z,1,2008-04-01T00:00:00Z,3.5,0,0
65,2008-03-31T00:00:00Z,1,2008-04-01T00:00:00Z,4.5,0,0
65,2008-03-31T00:00:00Z,1,2008-04-01T00:00:00Z,5.5,0,0
65,2008-03-31T00:00:00Z,7,2008-04-07T00:00:00Z,3.5,0,0
65,2008-03-31T00:00:00Z,7,2008-04-07T00:00:00Z,4.5,1,0
65,2008-03-31T00:00:00Z,7,2008-04-07T00:00:00Z,5.5,0,0
65,2008-03-31T00:00:00Z,30,2008-04-30T00:00:00Z,3.5,0,0
65,2008-03-31T00:00:00Z,30,2008-04-30T00:00:00Z,4.5,0,0
65,2008-03-31T00:00:00Z,30,2008-04-30T00:00:00Z,5.5,0,0
66,2008-04-07T00:00:00Z,1,2008-04-08T00:00:00Z,3.5,0,0
66,2008-04-07T00:00:00Z,1,2008-04-08T00:00:00Z,4.5,0,0
66,2008-04-07T00:00:00Z,1,2008-04-08T00:00:00Z,5.5,0,0
66,2008-04-07T00:00:00Z,7,2008-04-14T00:00:00Z,3.5,0,0
66,2008-04-07T00:00:00Z,7,2008-04-14T00:00:00Z,4.5,1,0
66,2008-04-07T00:00:00Z,7,2008-04-14T00:00:00Z,5.5,0,0
66,2008-04-07T00:00:00Z,30,2008-05-07T00:00:00Z,3.5,0,0
66,2008-04-07T00:00:00Z,30,2008-05-07T00:00:00Z,4.5,0,0
66,2008-04-07T00:00:00Z,30,2008-05-07T00:00:00Z,5.5,0,0
67,2008-04-14T00:00:00Z,1,2008-04-15T00:00:00Z,3.5,0,0
67,2008-04-14T00:00:00Z,1,2008-04-15T00:00:00Z,4.5,0,0
67,2008-04-14T00:00:00Z,1,2008-04-15T00:00:00Z,5.5,0,0
67,2008-04-14T00:00:00Z,7,2008-04-21T00:00:00Z,3.5,0,0
67,2008-04-14T00:00:00Z,7,2008-04-21T00:00:00Z,4.5,1,0
67,2008-04-14T00:00:00Z,7,2008-04-21T00:00:00Z,5.5,0,0
67,2008-04-14T00:00:00Z,30,2008-05-14T00:00:00Z,3.5,0,0
67,2008-04-14T00:00:00Z,30,2008-05-14T00:00:00Z,4.5,0,0
67,2008-04-14T00:00:00Z,30,2008-05-14T00:00:00Z,5.5,0,0
68,2008-04-21T00:00:00Z,1,2008-04-22T00:00:00Z,3.5,0,0
68,2008-04-21T00:00:00Z,1,2008-04-22T00:00:00Z,4.5,0,0
68,2008-04-21T00:00:00Z,1,2008-04-22T00:00:00Z,5.5,0,0
68,2008-04-21T00:00:00Z,7,2008-04-28T00:00:00Z,3.5,0,0
68,2008-04-21T00:00:00Z,7,2008-04-28T00:00:00Z,4.5,1,0
68,2008-04-21T00:00:00Z,7,2008-04-28T00:00:00Z,5.5,0,0
68,2008-04-21T00:00:00Z,30,2008-05-21T00:00:00Z,3.5,0,0
68,2008-04-21T00:00:00Z,30,2008-05-21T00:00:00Z,4.5,0,0
68,2008-04-21T00:00:00Z,30,2008-05-21T00:00:00Z,5.5,0,0
69,2008-04-28T00:00:00Z,1,2008-04-29T00:00:00Z,3.5,0,0
69,2008-04-28T00:00:00Z,1,2008-04-29T00:00:00Z,4.5,0,0
69,2008-04-28T00:00:00Z,1,2008-04-29T00:00:00Z,5.5,0,0
69,2008-04-28T00:00:00Z,7,2008-05-05T00:00:00Z,3.5,0,0
69,2008-04-28T00:00:00Z,7,2008-05-05T00:00:00Z,4.5,1,0
69,2008-04-28T00:00:00Z,7,2008-05-05T00:00:00Z,5.5,0,0
69,2008-04-28T00:00:00Z,30,2008-05-28T00:00:00Z,3.5,0,0
69,2008-04-28T00:00:00Z,30,2008-05-28T00:00:00Z,4.5,0,0
69,2008-04-28T00:00:00Z,30,2008-05-28T00:00:00Z,5.5,0,0
70,2008-05-05T00:00:00Z,1,2008-05-06T00:00:00Z,3.5,0,0
70,2008-05-05T00:00:00Z,1,2008-05-06T00:00:00Z,4.5,0,0
70,2008-05-05T00:00:00Z,1,2008-05-06T00:00:00Z,5.5,0,0
70,2008-05-05T00:00:00Z,7,2008-05-12T00:00:00Z,3.5,0,0
70,2008-05-05T00:00:00Z,7,2008-05-12T00:00:00Z,4.5,1,0
70,2008-05-05T00:00:00Z,7,2008-05-12T00:00:00Z,5.5,0,0
70,2008-05-05T00:00:00Z,30,2008-06-04T00:00:00Z,3.5,0,0
70,2008-05-05T00:00:00Z,30,2008-06-04T00:00:00Z,4.5,0,0
70,2008-05-05T00:00:00Z,30,2008-06-04T00:00:00Z,5.5,0,0
71,2008-05-12T00:00:00Z,1,2008-05-13T00:00:00Z,3.5,0,0
71,2008-05-12T00:00:00Z,1,2008-05-13T00:00:00Z,4.5,0,0
71,2008-05-12T00:00:00Z,1,2008-05-13T00:00:00Z,5.5,0,0
71,2008-05-12T00:00:00Z,7,2008-05-19T00:00:00Z,3.5,0,0
71,2008-05-12T00:00:00Z,7,2008-05-19T00:00:00Z,4.5,1,0
71,2008-05-12T00:00:00Z,7,2008-05-19T00:00:00Z,5.5,0,0
71,2008-05-12T00:00:00Z,30,2008-06-11T00:00:00Z,3.5,0,0
71,2008-05-12T00:00:00Z,30,2008-06-11T00:00:00Z,4.5,0,0
71,2008-05-12T00:00:00Z,30,2008-06-11T00:00:00Z,5.5,0,0
72,2008-05-19T00:00:00Z,1,2008-05-20T00:00:00Z,3.5,0,0
72,2008-05-19T00:00:00Z,1,2008-05-20T00:00:00Z,4.5,0,0
72,2008-05-19T00:00:00Z,1,2008-05-20T00:00:00Z,5.5,0,0
72,2008-05-19T00:00:00Z,7,2008-05-26T00:00:00Z,3.5,0,0
72,2008-05-19T00:00:00Z,7,2008-05-26T00:00:00Z,4.5,1,0
72,2008-05-19T00:00:00Z,7,2008-05-26T00:00:00Z,5.5,0,0
72,2008-05-19T00:00:00Z,30,2008-06-18T00:00:00Z,3.5,0,0
72,2008-05-19T00:00:00Z,30,2008-06-18T00:00:00Z,4.5,0,0
72,2008-05-19T00:00:00Z,30,2008-06-18T00:00:00Z,5.5,0,0
73,2008-05-26T00:00:00Z,1,2008-05-27T00:00:00Z,3.5,0,0
73,2008-05-26T00:00:00Z,1,2008-05-27T00:00:00Z,4.5,0,0
73,2008-05-26T00:00:00Z,1,2008-05-27T00:00:00Z,5.5,0,0
73,2008-05-26T00:00:00Z,7,2008-06-02T00:00:00Z,3.5,0,0
73,2008-05-26T00:00:00Z,7,2008-06-02T00:00:00Z,4.5,1,0
73,2008-05-26T00:00:00Z,7,2008-06-02T00:00:00Z,5.5,0,0
73,2008-05-26T00:00:00Z,30,2008-06-25T00:00:00Z,3.5,0,0
73,2008-05-26T00:00:00Z,30,2008-06-25T00:00:00Z,4.5,0,0
73,2008-05-26T00:00:00Z,30,2008-06-25T00:00:00Z,5.5,0,0
74,2008-06-02T00:00:00Z,1,2008-06-03T00:00:00Z,3.5,0,0
74,2008-06-02T00:00:00Z,1,2008-06-03T00:00:00Z,4.5,0,0
74,2008-06-02T00:00:00Z,1,2008-06-03T00:00:00Z,5.5,0,0
74,2008-06-02T00:00:00Z,7,2008-06-09T00:00:00Z,3.5,0,0
74,2008-06-02T00:00:00Z,7,2008-06-09T00:00:00Z,4.5,1,0
74,2008-06-02T00:00:00Z,7,2008-06-09T00:00:00Z,5.5,0,0
74,2008-06-02T00:00:00Z,30,2008-07-02T00:00:00Z,3.5,0,0
74,2008-06-02T00:00:00Z,30,2008-07-02T00:00:00Z,4.5,0,0
74,2008-06-02T00:00:00Z,30,2008-07-02T00:00:00Z,5.5,0,0
75,2008-06-09T00:00:00Z,1,2008-06-10T00:00:00Z,3.5,0,0
75,2008-06-09T00:00:00Z,1,2008-06-10T00:00:00Z,4.5,0,0
75,2008-06-09T00:00:00Z,1,2008-06-10T00:00:00Z,5.5,0,0
75,2008-06-09T00:00:00Z,7,2008-06-16T00:00:00Z,3.5,0,0
75,2008-06-09T00:00:00Z,7,2008-06-16T00:00:00Z,4.5,1,0
75,2008-06-09T00:00:00Z,7,2008-06-16T00:00:00Z,5.5,0,0
75,2008-06-09T00:00:00Z,30,2008-07-09T00:00:00Z,3.5,0,0
75,2008-06-09T00:00:00Z,30,2008-07-09T00:00:00Z,4.5,0,0
75,2008-06-09T00:00:00Z,30,2008-07-09T00:00:00Z,5.5,0,0
76,2008-06-16T00:00:00Z,1,2008-06-17T00:00:00Z,3.5,0,0
76,2008-06-16T00:00:00Z,1,2008-06-17T00:00:00Z,4.5,0,0
76,2008-06-16T00:00:00Z,1,2008-06-17T00:00:00Z,5.5,0,0
76,2008-06-16T00:00:00Z,7,2008-06-23T00:00:00Z,3.5,0,0
76,2008-06-16T00:00:00Z,7,2008-06-23T00:00:00Z,4.5,1,0
76,2008-06-16T00:00:00Z,7,2008-06-23T00:00:00Z,5.5,0,0
76,2008-06-16T00:00:00Z,30,2008-07-16T00:00:00Z,3.5,0,0
76,2008-06-16T00:00:00Z,30,2008-07-16T00:00:00Z,4.5,0,0
76,2008-06-16T00:00:00Z,30,2008-07-16T00:00:00Z,5.5,0,0
77,2008-06-23T00:00:00Z,1,2008-06-24T00:00:00Z,3.5,0,0
77,2008-06-23T00:00:00Z,1,2008-06-24T00:00:00Z,4.5,0,0
77,2008-06-23T00:00:00Z,1,2008-06-24T00:00:00Z,5.5,0,0
77,2008-06-23T00:00:00Z,7,2008-06-30T00:00:00Z,3.5,0,0
77,2008-06-23T00:00:00Z,7,2008-06-30T00:00:00Z,4.5,1,0
77,2008-06-23T00:00:00Z,7,2008-06-30T00:00:00Z,5.5,0,0
77,2008-06-23T00:00:00Z,30,2008-07-23T00:00:00Z,3.5,0,0
77,2008-06-23T00:00:00Z,30,2008-07-23T00:00:00Z,4.5,0,0
77,2008-06-23T00:00:00Z,30,2008-07-23T00:00:00Z,5.5,0,0
78,2008-06-30T00:00:00Z,1,2008-07-01T00:00:00Z,3.5,0,0
78,2008-06-30T00:00:00Z,1,2008-07-01T00:00:00Z,4.5,0,0
78,2008-06-30T00:00:00Z,1,2008-07-01T00:00:00Z,5.5,0,0
78,2008-06-30T00:00:00Z,7,2008-07-07T00:00:00Z,3.5,0,0
78,2008-06-30T00:00:00Z,7,2008-07-07T00:00:00Z,4.5,1,0
78,2008-06-30T00:00:00Z,7,2008-07-07T00:00:00Z,5.5,0,0
78,2008-06-30T00:00:00Z,30,2008-07-30T00:00:00Z,3.5,0,0
78,2008-06-30T00:00:00Z,30,2008-07-30T00:00:00Z,4.5,0,0
78,2008-06-30T00:00:00Z,30,2008-07-30T00:00:00Z,5.5,0,0
79,2008-07-07T00:00:00Z,1,2008-07-08T00:00:00Z,3.5,0,0
79,2008-07-07T00:00:00Z,1,2008-07-08T00:00:00Z,4.5,0,0
79,2008-07-07T00:00:00Z,1,2008-07-08T00:00:00Z,5.5,0,0
79,2008-07-07T00:00:00Z,7,2008-07-14T00:00:00Z,3.5,0,0
79,2008-07-07T00:00:00Z,7,2008-07-14T00:00:00Z,4.5,1,0
79,2008-07-07T00:00:00Z,7,2008-07-14T00:00:00Z,5.5,0,0
79,2008-07-07T00:00:00Z,30,2008-08-06T00:00:00Z,3.5,0,0
79,2008-07-07T00:00:00Z,30,2008-08-06T00:00:00Z,4.5,0,0
79,2008-07-07T00:00:00Z,30,2008-08-06T00:00:00Z,5.5,0,0
80,2008-07-14T00:00:00Z,1,2008-07-15T00:00:00Z,3.5,0,1
80,2008-07-14T00:00:00Z,1,2008-07-15T00:00:00Z,4.5,0,1
80,2008-07-14T00:00:00Z,1,2008-07-15T00:00:00Z,5.5,0,1
80,2008-07-14T00:00:00Z,7,2008-07-21T00:00:00Z,3.5,0,1
80,2008-07-14T00:00:00Z,7,2008-07-21T00:00:00Z,4.5,1,1
80,2008-07-14T00:00:00Z,7,2008-07-21T00:00:00Z,5.5,0,1
80,2008-07-14T00:00:00Z,30,2008-08-13T00:00:00Z,3.5,0,1
80,2008-07-14T00:00:00Z,30,2008-08-13T00:00:00Z,4.5,0,1
80,2008-07-14T00:00:00Z,30,2008-08-13T00:00:00Z,5.5,0,1
81,2008-07-21T00:00:00Z,1,2008-07-22T00:00:00Z,3.5,0,0
81,2008-07-21T00:00:00Z,1,2008-07-22T00:00:00Z,4.5,0,0
81,2008-07-21T00:00:00Z,1,2008-07-22T00:00:00Z,5.5,0,0
81,2008-07-21T00:00:00Z,7,2008-07-28T00:00:00Z,3.5,0,0
81,2008-07-21T00:00:00Z,7,2008-07-28T00:00:00Z,4.5,1,0
81,2008-07-21T00:00:00Z,7,2008-07-28T00:00:00Z,5.5,0,0
81,2008-07-21T00:00:00Z,30,2008-08-20T00:00:00Z,3.5,0,0
81,2008-07-21T00:00:00Z,30,2008-08-20T00:00:00Z,4.5,0,0
81,2008-07-21T00:00:00Z,30,2008-08-20T00:00:00Z,5.5,0,0
82,2008-07-28T00:00:00Z,1,2008-07-29T00:00:00Z,3.5,0,0
82,2008-07-28T00:00:00Z,1,2008-07-29T00:00:00Z,4.5,0,0
82,2008-07-28T00:00:00Z,1,2008-07-29T00:00:00Z,5.5,0,0
82,2008-07-28T00:00:00Z,7,2008-08-04T00:00:00Z,3.5,0,0
82,2008-07-28T00:00:00Z,7,2008-08-04T00:00:00Z,4.5,1,0
82,2008-07-28T00:00:00Z,7,2008-08-04T00:00:00Z,5.5,0,0
82,2008-07-28T00:00:00Z,30,2008-08-27T00:00:00Z,3.5,0,0
82,2008-07-28T00:00:00Z,30,2008-08-27T00:00:00Z,4.5,0,0
82,2008-07-28T00:00:00Z,30,2008-08-27T00:00:00Z,5.5,0,0
83,2008-08-04T00:00:00Z,1,2008-08-05T00:00:00Z,3.5,0,0
83,2008-08-04T00:00:00Z,1,2008-08-05T00:00:00Z,4.5,0,0
83,2008-08-04T00:00:00Z,1,2008-08-05T00:00:00Z,5.5,0,0
83,2008-08-04T00:00:00Z,7,2008-08-11T00:00:00Z,3.5,0,0
83,2008-08-04T00:00:00Z,7,2008-08-11T00:00:00Z,4.5,1,0
83,2008-08-04T00:00:00Z,7,2008-08-11T00:00:00Z,5.5,0,0
83,2008-08-04T00:00:00Z,30,2008-09-03T00:00:00Z,3.5,0,0
83,2008-08-04T00:00:00Z,30,2008-09-03T00:00:00Z,4.5,0,0
83,2008-08-04T00:00:00Z,30,2008-09-03T00:00:00Z,5.5,0,0
84,2008-08-11T00:00:00Z,1,2008-08-12T00:00:00Z,3.5,0,0
84,2008-08-11T00:00:00Z,1,2008-08-12T00:00:00Z,4.5,0,0
84,2008-08-11T00:00:00Z,1,2008-08-12T00:00:00Z,5.5,0,0
84,2008-08-11T00:00:00Z,7,2008-08-18T00:00:00Z,3.5,0,0
84,2008-08-11T00:00:00Z,7,2008-08-18T00:00:00Z,4.5,1,0
84,2008-08-11T00:00:00Z,7,2008-08-18T00:00:00Z,5.5,0,0
84,2008-08-11T00:00:00Z,30,2008-09-10T00:00:00Z,3.5,0,0
84,2008-08-11T00:00:00Z,30,2008-09-10T00:00:00Z,4.5,0,0
84,2008-08-11T00:00:00Z,30,2008-09-10T00:00:00Z,5.5,0,0
85,2008-08-18T00:00:00Z,1,2008-08-19T00:00:00Z,3.5,0,0
85,2008-08-18T00:00:00Z,1,2008-08-19T00:00:00Z,4.5,0,0
85,2008-08-18T00:00:00Z,1,2008-08-19T00:00:00Z,5.5,0,0
85,2008-08-18T00:00:00Z,7,2008-08-25T00:00:00Z,3.5,0,0
85,2008-08-18T00:00:00Z,7,2008-08-25T00:00:00Z,4.5,1,0
85,2008-08-18T00:00:00Z,7,2008-08-25T00:00:00Z,5.5,0,0
85,2008-08-18T00:00:00Z,30,2008-09-17T00:00:00Z,3.5,0,0
85,2008-08-18T00:00:00Z,30,2008-09-17T00:00:00Z,4.5,0,0
85,2008-08-18T00:00:00Z,30,2008-09-17T00:00:00Z,5.5,0,0
86,2008-08-25T00:00:00Z,1,2008-08-26T00:00:00Z,3.5,0,0
86,2008-08-25T00:00:00Z,1,2008-08-26T00:00:00Z,4.5,0,0
86,2008-08-25T00:00:00Z,1,2008-08-26T00:00:00Z,5.5,0,0
86,2008-08-25T00:00:00Z,7,2008-09-01T00:00:00Z,3.5,0,0
86,2008-08-25T00:00:00Z,7,2008-09-01T00:00:00Z,4.5,1,0
86,2008-08-25T00:00:00Z,7,2008-09-01T00:00:00Z,5.5,0,0
86,2008-08-25T00:00:00Z,30,2008-09-24T00:00:00Z,3.5,0,0
86,2008-08-25T00:00:00Z,30,2008-09-24T00:00:00Z,4.5,0,0
86,2008-08-25T00:00:00Z,30,2008-09-24T00:00:00Z,5.5,0,0
87,2008-09-01T00:00:00Z,1,2008-09-02T00:00:00Z,3.5,0,0
87,2008-09-01T00:00:00Z,1,2008-09-02T00:00:00Z,4.5,0,0
87,2008-09-01T00:00:00Z,1,2008-09-02T00:00:00Z,5.5,0,0
87,2008-09-01T00:00:00Z,7,2008-09-08T00:00:00Z,3.5,0,0
87,2008-09-01T00:00:00Z,7,2008-09-08T00:00:00Z,4.5,1,0
87,2008-09-01T00:00:00Z,7,2008-09-08T00:00:00Z,5.5,0,0
87,2008-09-01T00:00:00Z,30,2008-10-01T00:00:00Z,3.5,0,0
87,2008-09-01T00:00:00Z,30,2008-10-01T00:00:00Z,4.5,0,0
87,2008-09-01T00:00:00Z,30,2008-10-01T00:00:00Z,5.5,0,0
88,2008-09-08T00:00:00Z,1,2008-09-09T00:00:00Z,3.5,0,0
88,2008-09-08T00:00:00Z,1,2008-09-09T00:00:00Z,4.5,0,0
88,2008-09-08T00:00:00Z,1,2008-09-09T00:00:00Z,5.5,0,0
88,2008-09-08T00:00:00Z,7,2008-09-15T00:00:00Z,3.5,0,0
88,2008-09-08T00:00:00Z,7,2008-09-15T00:00:00Z,4.5,1,0
88,2008-09-08T00:00:00Z,7,2008-09-15T00:00:00Z,5.5,0,0
88,2008-09-08T00:00:00Z,30,2008-10-08T00:00:00Z,3.5,0,0
88,2008-09-08T00:00:00Z,30,2008-10-08T00:00:00Z,4.5,0,0
88,2008-09-08T00:00:00Z,30,2008-10-08T00:00:00Z,5.5,0,0
89,2008-09-15T00:00:00Z,1,2008-09-16T00:00:00Z,3.5,0,0
89,2008-09-15T00:00:00Z,1,2008-09-16T00:00:00Z,4.5,0,0
89,2008-09-15T00:00:00Z,1,2008-09-16T00:00:00Z,5.5,0,0
89,2008-09-15T00:00:00Z,7,2008-09-22T00:00:00Z,3.5,0,0
89,2008-09-15T00:00:00Z,7,2008-09-22T00:00:00Z,4.5,1,0
89,2008-09-15T00:00:00Z,7,2008-09-22T00:00:00Z,5.5,0,0
89,2008-09-15T00:00:00Z,30,2008-10-15T00:00:00Z,3.5,0,0
89,2008-09-15T00:00:00Z,30,2008-10-15T00:00:00Z,4.5,0,0
89,2008-09-15T00:00:00Z,30,2008-10-15T00:00:00Z,5.5,0,0
90,2008-09-22T00:00:00Z,1,2008-09-23T00:00:00Z,3.5,0,0
90,2008-09-22T00:00:00Z,1,2008-09-23T00:00:00Z,4.5,0,0
90,2008-09-22T00:00:00Z,1,2008-09-23T00:00:00Z,5.5,0,0
90,2008-09-22T00:00:00Z,7,2008-09-29T00:00:00Z,3.5,0,0
90,2008-09-22T00:00:00Z,7,2008-09-29T00:00:00Z,4.5,1,0
90,2008-09-22T00:00:00Z,7,2008-09-29T00:00:00Z,5.5,0,0
90,2008-09-22T00:00:00Z,30,2008-10-22T00:00:00Z,3.5,0,0
90,2008-09-22T00:00:00Z,30,2008-10-22T00:00:00Z,4.5,0,0
90,2008-09-22T00:00:00Z,30,2008-10-22T00:00:00Z,5.5,0,0
91,2008-09-29T00:00:00Z,1,2008-09-30T00:00:00Z,3.5,0,0
91,2008-09-29T00:00:00Z,1,2008-09-30T00:00:00Z,4.5,0,0
91,2008-09-29T00:00:00Z,1,2008-09-30T00:00:00Z,5.5,0,0
91,2008-09-29T00:00:00Z,7,2008-10-06T00:00:00Z,3.5,0,0
91,2008-09-29T00:00:00Z,7,2008-10-06T00:00:00Z,4.5,1,0
91,2008-09-29T00:00:00Z,7,2008-10-06T00:00:00Z,5.5,0,0
91,2008-09-29T00:00:00Z,30,2008-10-29T00:00:00Z,3.5,0,0
91,2008-09-29T00:00:00Z,30,2008-10-29T00:00:00Z,4.5,0,0
91,2008-09-29T00:00:00Z,30,2008-10-29T00:00:00Z,5.5,0,0
92,2008-10-06T00:00:00Z,1,2008-10-07T00:00:00Z,3.5,0,0
92,2008-10-06T00:00:00Z,1,2008-10-07T00:00:00Z,4.5,0,0
92,2008-10-06T00:00:00Z,1,2008-10-07T00:00:00Z,5.5,0,0
92,2008-10-06T00:00:00Z,7,2008-10-13T00:00:00Z,3.5,0,0
92,2008-10-06T00:00:00Z,7,2008-10-13T00:00:00Z,4.5,1,0
92,2008-10-06T00:00:00Z,7,2008-10-13T00:00:00Z,5.5,0,0
92,2008-10-06T00:00:00Z,30,2008-11-05T00:00:00Z,3.5,0,0
92,2008-10-06T00:00:00Z,30,2008-11-05T00:00:00Z,4.5,0,0
92,2008-10-06T00:00:00Z,30,2008-11-05T00:00:00Z,5.5,0,0
93,2008-10-13T00:00:00Z,1,2008-10-14T00:00:00Z,3.5,0,0
93,2008-10-13T00:00:00Z,1,2008-10-14T00:00:00Z,4.5,0,0
93,2008-10-13T00:00:00Z,1,2008-10-14T00:00:00Z,5.5,0,0
93,2008-10-13T00:00:00Z,7,2008-10-20T00:00:00Z,3.5,0,0
93,2008-10-13T00:00:00Z,7,2008-10-20T00:00:00Z,4.5,1,0
93,2008-10-13T00:00:00Z,7,2008-10-20T00:00:00Z,5.5,0,0
93,2008-10-13T00:00:00Z,30,2008-11-12T00:00:00Z,3.5,0,0
93,2008-10-13T00:00:00Z,30,2008-11-12T00:00:00Z,4.5,0,0
93,2008-10-13T00:00:00Z,30,2008-11-12T00:00:00Z,5.5,0,0
94,2008-10-20T00:00:00Z,1,2008-10-21T00:00:00Z,3.5,0,0
94,2008-10-20T00:00:00Z,1,2008-10-21T00:00:00Z,4.5,0,0
94,2008-10-20T00:00:00Z,1,2008-10-21T00:00:00Z,5.5,0,0
94,2008-10-20T00:00:00Z,7,2008-10-27T00:00:00Z,3.5,0,0
94,2008-10-20T00:00:00Z,7,2008-10-27T00:00:00Z,4.5,1,0
94,2008-10-20T00:00:00Z,7,2008-10-27T00:00:00Z,5.5,0,0
94,2008-10-20T00:00:00Z,30,2008-11-19T00:00:00Z,3.5,0,0
94,2008-10-20T00:00:00Z,30,2008-11-19T00:00:00Z,4.5,0,0
94,2008-10-20T00:00:00Z,30,2008-11-19T00:00:00Z,5.5,0,0
95,2008-10-27T00:00:00Z,1,2008-10-28T00:00:00Z,3.5,0,0
95,2008-10-27T00:00:00Z,1,2008-10-28T00:00:00Z,4.5,0,0
95,2008-10-27T00:00:00Z,1,2008-10-28T00:00:00Z,5.5,0,0
95,2008-10-27T00:00:00Z,7,2008-11-03T00:00:00Z,3.5,0,0
95,2008-10-27T00:00:00Z,7,2008-11-03T00:00:00Z,4.5,1,0
95,2008-10-27T00:00:00Z,7,2008-11-03T00:00:00Z,5.5,0,0
95,2008-10-27T00:00:00Z,30,2008-11-26T00:00:00Z,3.5,0,0
95,2008-10-27T00:00:00Z,30,2008-11-26T00:00:00Z,4.5,0,0
95,2008-10-27T00:00:00Z,30,2008-11-26T00:00:00Z,5.5,0,0
96,2008-11-03T00:00:00Z,1,2008-11-04T00:00:00Z,3.5,0,0
96,2008-11-03T00:00:00Z,1,2008-11-04T00:00:00Z,4.5,0,0
96,2008-11-03T00:00:00Z,1,2008-11-04T00:00:00Z,5.5,0,0
96,2008-11-03T00:00:00Z,7,2008-11-10T00:00:00Z,3.5,0,0
96,2008-11-03T00:00:00Z,7,2008-11-10T00:00:00Z,4.5,1,0
96,2008-11-03T00:00:00Z,7,2008-11-10T00:00:00Z,5.5,0,0
96,2008-11-03T00:00:00Z,30,2008-12-03T00:00:00Z,3.5,0,0
96,2008-11-03T00:00:00Z,30,2008-12-03T00:00:00Z,4.5,0,0
96,2008-11-03T00:00:00Z,30,2008-12-03T00:00:00Z,5.5,0,0
97,2008-11-10T00:00:00Z,1,2008-11-11T00:00:00Z,3.5,0,0
97,2008-11-10T00:00:00Z,1,2008-11-11T00:00:00Z,4.5,0,0
97,2008-11-10T00:00:00Z,1,2008-11-11T00:00:00Z,5.5,0,0
97,2008-11-10T00:00:00Z,7,2008-11-17T00:00:00Z,3.5,0,0
97,2008-11-10T00:00:00Z,7,2008-11-17T00:00:00Z,4.5,1,0
97,2008-11-10T00:00:00Z,7,2008-11-17T00:00:00Z,5.5,0,0
97,2008-11-10T00:00:00Z,30,2008-12-10T00:00:00Z,3.5,0,0
97,2008-11-10T00:00:00Z,30,2008-12-10T00:00:00Z,4.5,0,0
97,2008-11-10T00:00:00Z,30,2008-12-10T00:00:00Z,5.5,0,0
98,2008-11-17T00:00:00Z,1,2008-11-18T00:00:00Z,3.5,0,0
98,2008-11-17T00:00:00Z,1,2008-11-18T00:00:00Z,4.5,0,0
98,2008-11-17T00:00:00Z,1,2008-11-18T00:00:00Z,5.5,0,0
98,2008-11-17T00:00:00Z,7,2008-11-24T00:00:00Z,3.5,0,0
98,2008-11-17T00:00:00Z,7,2008-11-24T00:00:00Z,4.5,1,0
98,2008-11-17T00:00:00Z,7,2008-11-24T00:00:00Z,5.5,0,0
98,2008-11-17T00:00:00Z,30,2008-12-17T00:00:00Z,3.5,0,0
98,2008-11-17T00:00:00Z,30,2008-12-17T00:00:00Z,4.5,0,0
98,2008-11-17T00:00:00Z,30,2008-12-17T00:00:00Z,5.5,0,0
99,2008-11-24T00:00:00Z,1,2008-11-25T00:00:00Z,3.5,0,0
99,2008-11-24T00:00:00Z,1,2008-11-25T00:00:00Z,4.5,0,0
99,2008-11-24T00:00:00Z,1,2008-11-25T00:00:00Z,5.5,0,0
99,2008-11-24T00:00:00Z,7,2008-12-01T00:00:00Z,3.5,0,0
99,2008-11-24T00:00:00Z,7,2008-12-01T00:00:00Z,4.5,1,0
99,2008-11-24T00:00:00Z,7,2008-12-01T00:00:00Z,5.5,0,0
99,2008-11-24T00:00:00Z,30,2008-12-24T00:00:00Z,3.5,0,0
99,2008-11-24T00:00:00Z,30,2008-12-24T00:00:00Z,4.5,0,0
99,2008-11-24T00:00:00Z,30,2008-12-24T00:00:00Z,5.5,0,0
100,2008-12-01T00:00:00Z,1,2008-12-02T00:00:00Z,3.5,0,1
100,2008-12-01T00:00:00Z,1,2008-12-02T00:00:00Z,4.5,0,1
100,2008-12-01T00:00:00Z,1,2008-12-02T00:00:00Z,5.5,0,1
100,2008-12-01T00:00:00Z,7,2008-12-08T00:00:00Z,3.5,0,1
100,2008-12-01T00:00:00Z,7,2008-12-08T00:00:00Z,4.5,1,1
100,2008-12-01T00:00:00Z,7,2008-12-08T00:00:00Z,5.5,0,1
100,2008-12-01T00:00:00Z,30,2008-12-31T00:00:00Z,3.5,0,1
100,2008-12-01T00:00:00Z,30,2008-12-31T00:00:00Z,4.5,0,1
100,2008-12-01T00:00:00Z,30,2008-12-31T00:00:00Z,5.5,0,1
101,2008-12-08T00:00:00Z,1,2008-12-09T00:00:00Z,3.5,0,0
101,2008-12-08T00:00:00Z,1,2008-12-09T00:00:00Z,4.5,0,0
101,2008-12-08T00:00:00Z,1,2008-12-09T00:00:00Z,5.5,0,0
101,2008-12-08T00:00:00Z,7,2008-12-15T00:00:00Z,3.5,0,0
101,2008-12-08T00:00:00Z,7,2008-12-15T00:00:00Z,4.5,1,0
101,2008-12-08T00:00:00Z,7,2008-12-15T00:00:00Z,5.5,0,0
101,2008-12-08T00:00:00Z,30,2009-01-07T00:00:00Z,3.5,0,0
101,2008-12-08T00:00:00Z,30,2009-01-07T00:00:00Z,4.5,0,0
101,2008-12-08T00:00:00Z,30,2009-01-07T00:00:00Z,5.5,0,0
102,2008-12-15T00:00:00Z,1,2008-12-16T00:00:00Z,3.5,0,0
102,2008-12-15T00:00:00Z,1,2008-12-16T00:00:00Z,4.5,0,0
102,2008-12-15T00:00:00Z,1,2008-12-16T00:00:00Z,5.5,0,0
102,2008-12-15T00:00:00Z,7,2008-12-22T00:00:00Z,3.5,0,0
102,2008-12-15T00:00:00Z,7,2008-12-22T00:00:00Z,4.5,1,0
102,2008-12-15T00:00:00Z,7,2008-12-22T00:00:00Z,5.5,0,0
102,2008-12-15T00:00:00Z,30,2009-01-14T00:00:00Z,3.5,0,0
102,2008-12-15T00:00:00Z,30,2009-01-14T00:00:00Z,4.5,0,0
102,2008-12-15T00:00:00Z,30,2009-01-14T00:00:00Z,5.5,0,0
103,2008-12-22T00:00:00Z,1,2008-12-23T00:00:00Z,3.5,0,0
103,2008-12-22T00:00:00Z,1,2008-12-23T00:00:00Z,4.5,0,0
103,2008-12-22T00:00:00Z,1,2008-12-23T00:00:00Z,5.5,0,0
103,2008-12-22T00:00:00Z,7,2008-12-29T00:00:00Z,3.5,0,0
103,2008-12-22T00:00:00Z,7,2008-12-29T00:00:00Z,4.5,1,0
103,2008-12-22T00:00:00Z,7,2008-12-29T00:00:00Z,5.5,0,0
103,2008-12-22T00:00:00Z,30,2009-01-21T00:00:00Z,3.5,0,0
103,2008-12-22T00:00:00Z,30,2009-01-21T00:00:00Z,4.5,0,0
103,2008-12-22T00:00:00Z,30,2009-01-21T00:00:00Z,5.5,0,0
104,2008-12-29T00:00:00Z,1,2008-12-30T00:00:00Z,3.5,0,0
104,2008-12-29T00:00:00Z,1,2008-12-30T00:00:00Z,4.5,0,0
104,2008-12-29T00:00:00Z,1,2008-12-30T00:00:00Z,5.5,0,0
104,2008-12-29T00:00:00Z,7,2009-01-05T00:00:00Z,3.5,0,0
104,2008-12-29T00:00:00Z,7,2009-01-05T00:00:00Z,4.5,1,0
104,2008-12-29T00:00:00Z,7,2009-01-05T00:00:00Z,5.5,0,0
104,2008-12-29T00:00:00Z,30,2009-01-28T00:00:00Z,3.5,0,0
104,2008-12-29T00:00:00Z,30,2009-01-28T00:00:00Z,4.5,0,0
104,2008-12-29T00:00:00Z,30,2009-01-28T00:00:00Z,5.5,0,0
105,2009-01-05T00:00:00Z,1,2009-01-06T00:00:00Z,3.5,0,0
105,2009-01-05T00:00:00Z,1,2009-01-06T00:00:00Z,4.5,0,0
105,2009-01-05T00:00:00Z,1,2009-01-06T00:00:00Z,5.5,0,0
105,2009-01-05T00:00:00Z,7,2009-01-12T00:00:00Z,3.5,0,0
105,2009-01-05T00:00:00Z,7,2009-01-12T00:00:00Z,4.5,1,0
105,2009-01-05T00:00:00Z,7,2009-01-12T00:00:00Z,5.5,0,0
105,2009-01-05T00:00:00Z,30,2009-02-04T00:00:00Z,3.5,0,0
105,2009-01-05T00:00:00Z,30,2009-02-04T00:00:00Z,4.5,0,0
105,2009-01-05T00:00:00Z,30,2009-02-04T00:00:00Z,5.5,0,0
106,2009-01-12T00:00:00Z,1,2009-01-13T00:00:00Z,3.5,0,0
106,2009-01-12T00:00:00Z,1,2009-01-13T00:00:00Z,4.5,0,0
106,2009-01-12T00:00:00Z,1,2009-01-13T00:00:00Z,5.5,0,0
106,2009-01-12T00:00:00Z,7,2009-01-19T00:00:00Z,3.5,0,0
106,2009-01-12T00:00:00Z,7,2009-01-19T00:00:00Z,4.5,1,0
106,2009-01-12T00:00:00Z,7,2009-01-19T00:00:00Z,5.5,0,0
106,2009-01-12T00:00:00Z,30,2009-02-11T00:00:00Z,3.5,0,0
106,2009-01-12T00:00:00Z,30,2009-02-11T00:00:00Z,4.5,0,0
106,2009-01-12T00:00:00Z,30,2009-02-11T00:00:00Z,5.5,0,0
107,2009-01-19T00:00:00Z,1,2009-01-20T00:00:00Z,3.5,0,0
107,2009-01-19T00:00:00Z,1,2009-01-20T00:00:00Z,4.5,0,0
107,2009-01-19T00:00:00Z,1,2009-01-20T00:00:00Z,5.5,0,0
107,2009-01-19T00:00:00Z,7,2009-01-26T00:00:00Z,3.5,0,0
107,2009-01-19T00:00:00Z,7,2009-01-26T00:00:00Z,4.5,1,0
107,2009-01-19T00:00:00Z,7,2009-01-26T00:00:00Z,5.5,0,0
107,2009-01-19T00:00:00Z,30,2009-02-18T00:00:00Z,3.5,0,0
107,2009-01-19T00:00:00Z,30,2009-02-18T00:00:00Z,4.5,0,0
107,2009-01-19T00:00:00Z,30,2009-02-18T00:00:00Z,5.5,0,0
108,2009-01-26T00:00:00Z,1,2009-01-27T00:00:00Z,3.5,0,0
108,2009-01-26T00:00:00Z,1,2009-01-27T00:00:00Z,4.5,0,0
108,2009-01-26T00:00:00Z,1,2009-01-27T00:00:00Z,5.5,0,0
108,2009-01-26T00:00:00Z,7,2009-02-02T00:00:00Z,3.5,0,0
108,2009-01-26T00:00:00Z,7,2009-02-02T00:00:00Z,4.5,1,0
108,2009-01-26T00:00:00Z,7,2009-02-02T00:00:00Z,5.5,0,0
108,2009-01-26T00:00:00Z,30,2009-02-25T00:00:00Z,3.5,0,0
108,2009-01-26T00:00:00Z,30,2009-02-25T00:00:00Z,4.5,0,0
108,2009-01-26T00:00:00Z,30,2009-02-25T00:00:00Z,5.5,0,0
109,2009-02-02T00:00:00Z,1,2009-02-03T00:00:00Z,3.5,0,0
109,2009-02-02T00:00:00Z,1,2009-02-03T00:00:00Z,4.5,0,0
109,2009-02-02T00:00:00Z,1,2009-02-03T00:00:00Z,5.5,0,0
109,2009-02-02T00:00:00Z,7,2009-02-09T00:00:00Z,3.5,0,0
109,2009-02-02T00:00:00Z,7,2009-02-09T00:00:00Z,4.5,1,0
109,2009-02-02T00:00:00Z,7,2009-02-09T00:00:00Z,5.5,0,0
109,2009-02-02T00:00:00Z,30,2009-03-04T00:00:00Z,3.5,0,0
109,2009-02-02T00:00:00Z,30,2009-03-04T00:00:00Z,4.5,0,0
109,2009-02-02T00:00:00Z,30,2009-03-04T00:00:00Z,5.5,0,0
110,2009-02-09T00:00:00Z,1,2009-02-10T00:00:00Z,3.5,0,0
110,2009-02-09T00:00:00Z,1,2009-02-10T00:00:00Z,4.5,0,0
110,2009-02-09T00:00:00Z,1,2009-02-10T00:00:00Z,5.5,0,0
110,2009-02-09T00:00:00Z,7,2009-02-16T00:00:00Z,3.5,0,0
110,2009-02-09T00:00:00Z,7,2009-02-16T00:00:00Z,4.5,1,0
110,2009-02-09T00:00:00Z,7,2009-02-16T00:00:00Z,5.5,0,0
110,2009-02-09T00:00:00Z,30,2009-03-11T00:00:00Z,3.5,0,0
110,2009-02-09T00:00:00Z,30,2009-03-11T00:00:00Z,4.5,0,0
110,2009-02-09T00:00:00Z,30,2009-03-11T00:00:00Z,5.5,0,0
111,2009-02-16T00:00:00Z,1,2009-02-17T00:00:00Z,3.5,0,0
111,2009-02-16T00:00:00Z,1,2009-02-17T00:00:00Z,4.5,0,0
111,2009-02-16T00:00:00Z,1,2009-02-17T00:00:00Z,5.5,0,0
111,2009-02-16T00:00:00Z,7,2009-02-23T00:00:00Z,3.5,0,0
111,2009-02-16T00:00:00Z,7,2009-02-23T00:00:00Z,4.5,1,0
111,2009-02-16T00:00:00Z,7,2009-02-23T00:00:00Z,5.5,0,0
111,2009-02-16T00:00:00Z,30,2009-03-18T00:00:00Z,3.5,0,0
111,2009-02-16T00:00:00Z,30,2009-03-18T00:00:00Z,4.5,0,0
111,2009-02-16T00:00:00Z,30,2009-03-18T00:00:00Z,5.5,0,0
112,2009-02-23T00:00:00Z,1,2009-02-24T00:00:00Z,3.5,0,0
112,2009-02-23T00:00:00Z,1,2009-02-24T00:00:00Z,4.5,0,0
112,2009-02-23T00:00:00Z,1,2009-02-24T00:00:00Z,5.5,0,0
112,2009-02-23T00:00:00Z,7,2009-03-02T00:00:00Z,3.5,0,0
112,2009-02-23T00:00:00Z,7,2009-03-02T00:00:00Z,4.5,1,0
112,2009-02-23T00:00:00Z,7,2009-03-02T00:00:00Z,5.5,0,0
112,2009-02-23T00:00:00Z,30,2009-03-25T00:00:00Z,3.5,0,0
112,2009-02-23T00:00:00Z,30,2009-03-25T00:00:00Z,4.5,0,0
112,2009-02-23T00:00:00Z,30,2009-03-25T00:00:00Z,5.5,0,0
113,2009-03-02T00:00:00Z,1,2009-03-03T00:00:00Z,3.5,0,0
113,2009-03-02T00:00:00Z,1,2009-03-03T00:00:00Z,4.5,0,0
113,2009-03-02T00:00:00Z,1,2009-03-03T00:00:00Z,5.5,0,0
113,2009-03-02T00:00:00Z,7,2009-03-09T00:00:00Z,3.5,0,0
113,2009-03-02T00:00:00Z,7,2009-03-09T00:00:00Z,4.5,1,0
113,2009-03-02T00:00:00Z,7,2009-03-09T00:00:00Z,5.5,0,0
113,2009-03-02T00:00:00Z,30,2009-04-01T00:00:00Z,3.5,0,0
113,2009-03-02T00:00:00Z,30,2009-04-01T00:00:00Z,4.5,0,0
113,2009-03-02T00:00:00Z,30,2009-04-01T00:00:00Z,5.5,0,0
114,2009-03-09T00:00:00Z,1,2009-03-10T00:00:00Z,3.5,0,0
114,2009-03-09T00:00:00Z,1,2009-03-10T00:00:00Z,4.5,0,0
114,2009-03-09T00:00:00Z,1,2009-03-10T00:00:00Z,5.5,0,0
114,2009-03-09T00:00:00Z,7,2009-03-16T00:00:00Z,3.5,0,0
114,2009-03-09T00:00:00Z,7,2009-03-16T00:00:00Z,4.5,1,0
114,2009-03-09T00:00:00Z,7,2009-03-16T00:00:00Z,5.5,0,0
114,2009-03-09T00:00:00Z,30,2009-04-08T00:00:00Z,3.5,0,0
114,2009-03-09T00:00:00Z,30,2009-04-08T00:00:00Z,4.5,0,0
114,2009-03-09T00:00:00Z,30,2009-04-08T00:00:00Z,5.5,0,0
115,2009-03-16T00:00:00Z,1,2009-03-17T00:00:00Z,3.5,0,0
115,2009-03-16T00:00:00Z,1,2009-03-17T00:00:00Z,4.5,0,0
115,2009-03-16T00:00:00Z,1,2009-03-17T00:00:00Z,5.5,0,0
115,2009-03-16T00:00:00Z,7,2009-03-23T00:00:00Z,3.5,0,0
115,2009-03-16T00:00:00Z,7,2009-03-23T00:00:00Z,4.5,1,0
115,2009-03-16T00:00:00Z,7,2009-03-23T00:00:00Z,5.5,0,0
115,2009-03-16T00:00:00Z,30,2009-04-15T00:00:00Z,3.5,0,0
115,2009-03-16T00:00:00Z,30,2009-04-15T00:00:00Z,4.5,0,0
115,2009-03-16T00:00:00Z,30,2009-04-15T00:00:00Z,5.5,0,0
116,2009-03-23T00:00:00Z,1,2009-03-24T00:00:00Z,3.5,0,0
116,2009-03-23T00:00:00Z,1,2009-03-24T00:00:00Z,4.5,0,0
116,2009-03-23T00:00:00Z,1,2009-03-24T00:00:00Z,5.5,0,0
116,2009-03-23T00:00:00Z,7,2009-03-30T00:00:00Z,3.5,0,0
116,2009-03-23T00:00:00Z,7,2009-03-30T00:00:00Z,4.5,1,0
116,2009-03-23T00:00:00Z,7,2009-03-30T00:00:00Z,5.5,0,0
116,2009-03-23T00:00:00Z,30,2009-04-22T00:00:00Z,3.5,0,0
116,2009-03-23T00:00:00Z,30,2009-04-22T00:00:00Z,4.5,0,0
116,2009-03-23T00:00:00Z,30,2009-04-22T00:00:00Z,5.5,0,0
117,2009-03-30T00:00:00Z,1,2009-03-31T00:00:00Z,3.5,0,0
117,2009-03-30T00:00:00Z,1,2009-03-31T00:00:00Z,4.5,0,0
117,2009-03-30T00:00:00Z,1,2009-03-31T00:00:00Z,5.5,0,0
117,2009-03-30T00:00:00Z,7,2009-04-06T00:00:00Z,3.5,0,0
117,2009-03-30T00:00:00Z,7,2009-04-06T00:00:00Z,4.5,1,0
117,2009-03-30T00:00:00Z,7,2009-04-06T00:00:00Z,5.5,0,0
117,2009-03-30T00:00:00Z,30,2009-04-29T00:00:00Z,3.5,0,0
117,2009-03-30T00:00:00Z,30,2009-04-29T00:00:00Z,4.5,0,0
117,2009-03-30T00:00:00Z,30,2009-04-29T00:00:00Z,5.5,0,0
118,2009-04-06T00:00:00Z,1,2009-04-07T00:00:00Z,3.5,0,0
118,2009-04-06T00:00:00Z,1,2009-04-07T00:00:00Z,4.5,0,0
118,2009-04-06T00:00:00Z,1,2009-04-07T00:00:00Z,5.5,0,0
118,2009-04-06T00:00:00Z,7,2009-04-13T00:00:00Z,3.5,0,0
118,2009-04-06T00:00:00Z,7,2009-04-13T00:00:00Z,4.5,1,0
118,2009-04-06T00:00:00Z,7,2009-04-13T00:00:00Z,5.5,0,0
118,2009-04-06T00:00:00Z,30,2009-05-06T00:00:00Z,3.5,0,0
118,2009-04-06T00:00:00Z,30,2009-05-06T00:00:00Z,4.5,0,0
118,2009-04-06T00:00:00Z,30,2009-05-06T00:00:00Z,5.5,0,0
119,2009-04-13T00:00:00Z,1,2009-04-14T00:00:00Z,3.5,0,0
119,2009-04-13T00:00:00Z,1,2009-04-14T00:00:00Z,4.5,0,0
119,2009-04-13T00:00:00Z,1,2009-04-14T00:00:00Z,5.5,0,0
119,2009-04-13T00:00:00Z,7,2009-04-20T00:00:00Z,3.5,0,0
119,2009-04-13T00:00:00Z,7,2009-04-20T00:00:00Z,4.5,1,0
119,2009-04-13T00:00:00Z,7,2009-04-20T00:00:00Z,5.5,0,0
119,2009-04-13T00:00:00Z,30,2009-05-13T00:00:00Z,3.5,0,0
119,2009-04-13T00:00:00Z,30,2009-05-13T00:00:00Z,4.5,0,0
119,2009-04-13T00:00:00Z,30,2009-05-13T00:00:00Z,5.5,0,0
120,2009-04-20T00:00:00Z,1,2009-04-21T00:00:00Z,3.5,0,1
120,2009-04-20T00:00:00Z,1,2009-04-21T00:00:00Z,4.5,0,1
120,2009-04-20T00:00:00Z,1,2009-04-21T00:00:00Z,5.5,0,1
120,2009-04-20T00:00:00Z,7,2009-04-27T00:00:00Z,3.5,0,1
120,2009-04-20T00:00:00Z,7,2009-04-27T00:00:00Z,4.5,1,1
120,2009-04-20T00:00:00Z,7,2009-04-27T00:00:00Z,5.5,0,1
120,2009-04-20T00:00:00Z,30,2009-05-20T00:00:00Z,3.5,0,1
120,2009-04-20T00:00:00Z,30,2009-05-20T00:00:00Z,4.5,0,1
120,2009-04-20T00:00:00Z,30,2009-05-20T00:00:00Z,5.5,0,1
121,2009-04-27T00:00:00Z,1,2009-04-28T00:00:00Z,3.5,0,0
121,2009-04-27T00:00:00Z,1,2009-04-28T00:00:00Z,4.5,0,0
121,2009-04-27T00:00:00Z,1,2009-04-28T00:00:00Z,5.5,0,0
121,2009-04-27T00:00:00Z,7,2009-05-04T00:00:00Z,3.5,0,0
121,2009-04-27T00:00:00Z,7,2009-05-04T00:00:00Z,4.5,1,0
121,2009-04-27T00:00:00Z,7,2009-05-04T00:00:00Z,5.5,0,0
121,2009-04-27T00:00:00Z,30,2009-05-27T00:00:00Z,3.5,0,0
121,2009-04-27T00:00:00Z,30,2009-05-27T00:00:00Z,4.5,0,0
121,2009-04-27T00:00:00Z,30,2009-05-27T00:00:00Z,5.5,0,0
122,2009-05-04T00:00:00Z,1,2009-05-05T00:00:00Z,3.5,0,0
122,2009-05-04T00:00:00Z,1,2009-05-05T00:00:00Z,4.5,0,0
122,2009-05-04T00:00:00Z,1,2009-05-05T00:00:00Z,5.5,0,0
122,2009-05-04T00:00:00Z,7,2009-05-11T00:00:00Z,3.5,0,0
122,2009-05-04T00:00:00Z,7,2009-05-11T00:00:00Z,4.5,1,0
122,2009-05-04T00:00:00Z,7,2009-05-11T00:00:00Z,5.5,0,0
122,2009-05-04T00:00:00Z,30,2009-06-03T00:00:00Z,3.5,0,0
122,2009-05-04T00:00:00Z,30,2009-06-03T00:00:00Z,4.5,0,0
122,2009-05-04T00:00:00Z,30,2009-06-03T00:00:00Z,5.5,0,0
123,2009-05-11T00:00:00Z,1,2009-05-12T00:00:00Z,3.5,0,0
123,2009-05-11T00:00:00Z,1,2009-05-12T00:00:00Z,4.5,0,0
123,2009-05-11T00:00:00Z,1,2009-05-12T00:00:00Z,5.5,0,0
123,2009-05-11T00:00:00Z,7,2009-05-18T00:00:00Z,3.5,0,0
123,2009-05-11T00:00:00Z,7,2009-05-18T00:00:00Z,4.5,1,0
123,2009-05-11T00:00:00Z,7,2009-05-18T00:00:00Z,5.5,0,0
123,2009-05-11T00:00:00Z,30,2009-06-10T00:00:00Z,3.5,0,0
123,2009-05-11T00:00:00Z,30,2009-06-10T00:00:00Z,4.5,0,0
123,2009-05-11T00:00:00Z,30,2009-06-10T00:00:00Z,5.5,0,0
124,2009-05-18T00:00:00Z,1,2009-05-19T00:00:00Z,3.5,0,0
124,2009-05-18T00:00:00Z,1,2009-05-19T00:00:00Z,4.5,0,0
124,2009-05-18T00:00:00Z,1,2009-05-19T00:00:00Z,5.5,0,0
124,2009-05-18T00:00:00Z,7,2009-05-25T00:00:00Z,3.5,0,0
124,2009-05-18T00:00:00Z,7,2009-05-25T00:00:00Z,4.5,1,0
124,2009-05-18T00:00:00Z,7,2009-05-25T00:00:00Z,5.5,0,0
124,2009-05-18T00:00:00Z,30,2009-06-17T00:00:00Z,3.5,0,0
124,2009-05-18T00:00:00Z,30,2009-06-17T00:00:00Z,4.5,0,0
124,2009-05-18T00:00:00Z,30,2009-06-17T00:00:00Z,5.5,0,0
125,2009-05-25T00:00:00Z,1,2009-05-26T00:00:00Z,3.5,0,0
125,2009-05-25T00:00:00Z,1,2009-05-26T00:00:00Z,4.5,0,0
125,2009-05-25T00:00:00Z,1,2009-05-26T00:00:00Z,5.5,0,0
125,2009-05-25T00:00:00Z,7,2009-06-01T00:00:00Z,3.5,0,0
125,2009-05-25T00:00:00Z,7,2009-06-01T00:00:00Z,4.5,1,0
125,2009-05-25T00:00:00Z,7,2009-06-01T00:00:00Z,5.5,0,0
125,2009-05-25T00:00:00Z,30,2009-06-24T00:00:00Z,3.5,0,0
125,2009-05-25T00:00:00Z,30,2009-06-24T00:00:00Z,4.5,0,0
125,2009-05-25T00:00:00Z,30,2009-06-24T00:00:00Z,5.5,0,0
126,2009-06-01T00:00:00Z,1,2009-06-02T00:00:00Z,3.5,0,0
126,2009-06-01T00:00:00Z,1,2009-06-02T00:00:00Z,4.5,0,0
126,2009-06-01T00:00:00Z,1,2009-06-02T00:00:00Z,5.5,0,0
126,2009-06-01T00:00:00Z,7,2009-06-08T00:00:00Z,3.5,0,0
126,2009-06-01T00:00:00Z,7,2009-06-08T00:00:00Z,4.5,1,0
126,2009-06-01T00:00:00Z,7,2009-06-08T00:00:00Z,5.5,0,0
126,2009-06-01T00:00:00Z,30,2009-07-01T00:00:00Z,3.5,0,0
126,2009-06-01T00:00:00Z,30,2009-07-01T00:00:00Z,4.5,0,0
126,2009-06-01T00:00:00Z,30,2009-07-01T00:00:00Z,5.5,0,0
127,2009-06-08T00:00:00Z,1,2009-06-09T00:00:00Z,3.5,0,0
127,2009-06-08T00:00:00Z,1,2009-06-09T00:00:00Z,4.5,0,0
127,2009-06-08T00:00:00Z,1,2009-06-09T00:00:00Z,5.5,0,0
127,2009-06-08T00:00:00Z,7,2009-06-15T00:00:00Z,3.5,0,0
127,2009-06-08T00:00:00Z,7,2009-06-15T00:00:00Z,4.5,1,0
127,2009-06-08T00:00:00Z,7,2009-06-15T00:00:00Z,5.5,0,0
127,2009-06-08T00:00:00Z,30,2009-07-08T00:00:00Z,3.5,0,0
127,2009-06-08T00:00:00Z,30,2009-07-08T00:00:00Z,4.5,0,0
127,2009-06-08T00:00:00Z,30,2009-07-08T00:00:00Z,5.5,0,0
128,2009-06-15T00:00:00Z,1,2009-06-16T00:00:00Z,3.5,0,0
128,2009-06-15T00:00:00Z,1,2009-06-16T00:00:00Z,4.5,0,0
128,2009-06-15T00:00:00Z,1,2009-06-16T00:00:00Z,5.5,0,0
128,2009-06-15T00:00:00Z,7,2009-06-22T00:00:00Z,3.5,0,0
128,2009-06-15T00:00:00Z,7,2009-06-22T00:00:00Z,4.5,1,0
128,2009-06-15T00:00:00Z,7,2009-06-22T00:00:00Z,5.5,0,0
128,2009-06-15T00:00:00Z,30,2009-07-15T00:00:00Z,3.5,0,0
128,2009-06-15T00:00:00Z,30,2009-07-15T00:00:00Z,4.5,0,0
128,2009-06-15T00:00:00Z,30,2009-07-15T00:00:00Z,5.5,0,0
129,2009-06-22T00:00:00Z,1,2009-06-23T00:00:00Z,3.5,0,0
129,2009-06-22T00:00:00Z,1,2009-06-23T00:00:00Z,4.5,0,0
129,2009-06-22T00:00:00Z,1,2009-06-23T00:00:00Z,5.5,0,0
129,2009-06-22T00:00:00Z,7,2009-06-29T00:00:00Z,3.5,0,0
129,2009-06-22T00:00:00Z,7,2009-06-29T00:00:00Z,4.5,1,0
129,2009-06-22T00:00:00Z,7,2009-06-29T00:00:00Z,5.5,0,0
129,2009-06-22T00:00:00Z,30,2009-07-22T00:00:00Z,3.5,0,0
129,2009-06-22T00:00:00Z,30,2009-07-22T00:00:00Z,4.5,0,0
129,2009-06-22T00:00:00Z,30,2009-07-22T00:00:00Z,5.5,0,0
130,2009-06-29T00:00:00Z,1,2009-06-30T00:00:00Z,3.5,0,0
130,2009-06-29T00:00:00Z,1,2009-06-30T00:00:00Z,4.5,0,0
130,2009-06-29T00:00:00Z,1,2009-06-30T00:00:00Z,5.5,0,0
130,2009-06-29T00:00:00Z,7,2009-07-06T00:00:00Z,3.5,0,0
130,2009-06-29T00:00:00Z,7,2009-07-06T00:00:00Z,4.5,1,0
130,2009-06-29T00:00:00Z,7,2009-07-06T00:00:00Z,5.5,0,0
130,2009-06-29T00:00:00Z,30,2009-07-29T00:00:00Z,3.5,0,0
130,2009-06-29T00:00:00Z,30,2009-07-29T00:00:00Z,4.5,0,0
130,2009-06-29T00:00:00Z,30,2009-07-29T00:00:00Z,5.5,0,0
131,2009-07-06T00:00:00Z,1,2009-07-07T00:00:00Z,3.5,0,0
131,2009-07-06T00:00:00Z,1,2009-07-07T00:00:00Z,4.5,0,0
131,2009-07-06T00:00:00Z,1,2009-07-07T00:00:00Z,5.5,0,0
131,2009-07-06T00:00:00Z,7,2009-07-13T00:00:00Z,3.5,0,0
131,2009-07-06T00:00:00Z,7,2009-07-13T00:00:00Z,4.5,1,0
131,2009-07-06T00:00:00Z,7,2009-07-13T00:00:00Z,5.5,0,0
131,2009-07-06T00:00:00Z,30,2009-08-05T00:00:00Z,3.5,0,0
131,2009-07-06T00:00:00Z,30,2009-08-05T00:00:00Z,4.5,0,0
131,2009-07-06T00:00:00Z,30,2009-08-05T00:00:00Z,5.5,0,0
132,2009-07-13T00:00:00Z,1,2009-07-14T00:00:00Z,3.5,0,0
132,2009-07-13T00:00:00Z,1,2009-07-14T00:00:00Z,4.5,0,0
132,2009-07-13T00:00:00Z,1,2009-07-14T00:00:00Z,5.5,0,0
132,2009-07-13T00:00:00Z,7,2009-07-20T00:00:00Z,3.5,0,0
132,2009-07-13T00:00:00Z,7,2009-07-20T00:00:00Z,4.5,1,0
132,2009-07-13T00:00:00Z,7,2009-07-20T00:00:00Z,5.5,0,0
132,2009-07-13T00:00:00Z,30,2009-08-12T00:00:00Z,3.5,0,0
132,2009-07-13T00:00:00Z,30,2009-08-12T00:00:00Z,4.5,0,0
132,2009-07-13T00:00:00Z,30,2009-08-12T00:00:00Z,5.5,0,0
133,2009-07-20T00:00:00Z,1,2009-07-21T00:00:00Z,3.5,0,0
133,2009-07-20T00:00:00Z,1,2009-07-21T00:00:00Z,4.5,0,0
133,2009-07-20T00:00:00Z,1,2009-07-21T00:00:00Z,5.5,0,0
133,2009-07-20T00:00:00Z,7,2009-07-27T00:00:00Z,3.5,0,0
133,2009-07-20T00:00:00Z,7,2009-07-27T00:00:00Z,4.5,1,0
133,2009-07-20T00:00:00Z,7,2009-07-27T00:00:00Z,5.5,0,0
133,2009-07-20T00:00:00Z,30,2009-08-19T00:00:00Z,3.5,0,0
133,2009-07-20T00:00:00Z,30,2009-08-19T00:00:00Z,4.5,0,0
133,2009-07-20T00:00:00Z,30,2009-08-19T00:00:00Z,5.5,0,0
134,2009-07-27T00:00:00Z,1,2009-07-28T00:00:00Z,3.5,0,0
134,2009-07-27T00:00:00Z,1,2009-07-28T00:00:00Z,4.5,0,0
134,2009-07-27T00:00:00Z,1,2009-07-28T00:00:00Z,5.5,0,0
134,2009-07-27T00:00:00Z,7,2009-08-03T00:00:00Z,3.5,0,0
134,2009-07-27T00:00:00Z,7,2009-08-03T00:00:00Z,4.5,1,0
134,2009-07-27T00:00:00Z,7,2009-08-03T00:00:00Z,5.5,0,0
134,2009-07-27T00:00:00Z,30,2009-08-26T00:00:00Z,3.5,0,0
134,2009-07-27T00:00:00Z,30,2009-08-26T00:00:00Z,4.5,0,0
134,2009-07-27T00:00:00Z,30,2009-08-26T00:00:00Z,5.5,0,0
135,2009-08-03T00:00:00Z,1,2009-08-04T00:00:00Z,3.5,0,0
135,2009-08-03T00:00:00Z,1,2009-08-04T00:00:00Z,4.5,0,0
135,2009-08-03T00:00:00Z,1,2009-08-04T00:00:00Z,5.5,0,0
135,2009-08-03T00:00:00Z,7,2009-08-10T00:00:00Z,3.5,0,0
135,2009-08-03T00:00:00Z,7,2009-08-10T00:00:00Z,4.5,1,0
135,2009-08-03T00:00:00Z,7,2009-08-10T00:00:00Z,5.5,0,0
135,2009-08-03T00:00:00Z,30,2009-09-02T00:00:00Z,3.5,0,0
135,2009-08-03T00:00:00Z,30,2009-09-02T00:00:00Z,4.5,0,0
135,2009-08-03T00:00:00Z,30,2009-09-02T00:00:00Z,5.5,0,0
136,2009-08-10T00:00:00Z,1,2009-08-11T00:00:00Z,3.5,0,0
136,2009-08-10T00:00:00Z,1,2009-08-11T00:00:00Z,4.5,0,0
136,2009-08-10T00:00:00Z,1,2009-08-11T00:00:00Z,5.5,0,0
136,2009-08-10T00:00:00Z,7,2009-08-17T00:00:00Z,3.5,0,0
136,2009-08-10T00:00:00Z,7,2009-08-17T00:00:00Z,4.5,1,0
136,2009-08-10T00:00:00Z,7,2009-08-17T00:00:00Z,5.5,0,0
136,2009-08-10T00:00:00Z,30,2009-09-09T00:00:00Z,3.5,0,0
136,2009-08-10T00:00:00Z,30,2009-09-09T00:00:00Z,4.5,0,0
136,2009-08-10T00:00:00Z,30,2009-09-09T00:00:00Z,5.5,0,0
137,2009-08-17T00:00:00Z,1,2009-08-18T00:00:00Z,3.5,0,0
137,2009-08-17T00:00:00Z,1,2009-08-18T00:00:00Z,4.5,0,0
137,2009-08-17T00:00:00Z,1,2009-08-18T00:00:00Z,5.5,0,0
137,2009-08-17T00:00:00Z,7,2009-08-24T00:00:00Z,3.5,0,0
137,2009-08-17T00:00:00Z,7,2009-08-24T00:00:00Z,4.5,1,0
137,2009-08-17T00:00:00Z,7,2009-08-24T00:00:00Z,5.5,0,0
137,2009-08-17T00:00:00Z,30,2009-09-16T00:00:00Z,3.5,0,0
137,2009-08-17T00:00:00Z,30,2009-09-16T00:00:00Z,4.5,0,0
137,2009-08-17T00:00:00Z,30,2009-09-16T00:00:00Z,5.5,0,0
138,2009-08-24T00:00:00Z,1,2009-08-25T00:00:00Z,3.5,0,0
138,2009-08-24T00:00:00Z,1,2009-08-25T00:00:00Z,4.5,0,0
138,2009-08-24T00:00:00Z,1,2009-08-25T00:00:00Z,5.5,0,0
138,2009-08-24T00:00:00Z,7,2009-08-31T00:00:00Z,3.5,0,0
138,2009-08-24T00:00:00Z,7,2009-08-31T00:00:00Z,4.5,1,0
138,2009-08-24T00:00:00Z,7,2009-08-31T00:00:00Z,5.5,0,0
138,2009-08-24T00:00:00Z,30,2009-09-23T00:00:00Z,3.5,0,0
138,2009-08-24T00:00:00Z,30,2009-09-23T00:00:00Z,4.5,0,0
138,2009-08-24T00:00:00Z,30,2009-09-23T00:00:00Z,5.5,0,0
139,2009-08-31T00:00:00Z,1,2009-09-01T00:00:00Z,3.5,0,0
139,2009-08-31T00:00:00Z,1,2009-09-01T00:00:00Z,4.5,0,0
139,2009-08-31T00:00:00Z,1,2009-09-01T00:00:00Z,5.5,0,0
139,2009-08-31T00:00:00Z,7,2009-09-07T00:00:00Z,3.5,0,0
139,2009-08-31T00:00:00Z,7,2009-09-07T00:00:00Z,4.5,1,0
139,2009-08-31T00:00:00Z,7,2009-09-07T00:00:00Z,5.5,0,0
139,2009-08-31T00:00:00Z,30,2009-09-30T00:00:00Z,3.5,0,0
139,2009-08-31T00:00:00Z,30,2009-09-30T00:00:00Z,4.5,0,0
139,2009-08-31T00:00:00Z,30,2009-09-30T00:00:00Z,5.5,0,0
140,2009-09-07T00:00:00Z,1,2009-09-08T00:00:00Z,3.5,0,1
140,2009-09-07T00:00:00Z,1,2009-09-08T00:00:00Z,4.5,0,1
140,2009-09-07T00:00:00Z,1,2009-09-08T00:00:00Z,5.5,0,1
140,2009-09-07T00:00:00Z,7,2009-09-14T00:00:00Z,3.5,0,1
140,2009-09-07T00:00:00Z,7,2009-09-14T00:00:00Z,4.5,1,1
140,2009-09-07T00:00:00Z,7,2009-09-14T00:00:00Z,5.5,0,1
140,2009-09-07T00:00:00Z,30,2009-10-07T00:00:00Z,3.5,0,1
140,2009-09-07T00:00:00Z,30,2009-10-07T00:00:00Z,4.5,0,1
140,2009-09-07T00:00:00Z,30,2009-10-07T00:00:00Z,5.5,0,1
141,2009-09-14T00:00:00Z,1,2009-09-15T00:00:00Z,3.5,0,0
141,2009-09-14T00:00:00Z,1,2009-09-15T00:00:00Z,4.5,0,0
141,2009-09-14T00:00:00Z,1,2009-09-15T00:00:00Z,5.5,0,0
141,2009-09-14T00:00:00Z,7,2009-09-21T00:00:00Z,3.5,0,0
141,2009-09-14T00:00:00Z,7,2009-09-21T00:00:00Z,4.5,1,0
141,2009-09-14T00:00:00Z,7,2009-09-21T00:00:00Z,5.5,0,0
141,2009-09-14T00:00:00Z,30,2009-10-14T00:00:00Z,3.5,0,0
141,2009-09-14T00:00:00Z,30,2009-10-14T00:00:00Z,4.5,0,0
141,2009-09-14T00:00:00Z,30,2009-10-14T00:00:00Z,5.5,0,0
142,2009-09-21T00:00:00Z,1,2009-09-22T00:00:00Z,3.5,0,0
142,2009-09-21T00:00:00Z,1,2009-09-22T00:00:00Z,4.5,0,0
142,2009-09-21T00:00:00Z,1,2009-09-22T00:00:00Z,5.5,0,0
142,2009-09-21T00:00:00Z,7,2009-09-28T00:00:00Z,3.5,0,0
142,2009-09-21T00:00:00Z,7,2009-09-28T00:00:00Z,4.5,1,0
142,2009-09-21T00:00:00Z,7,2009-09-28T00:00:00Z,5.5,0,0
142,2009-09-21T00:00:00Z,30,2009-10-21T00:00:00Z,3.5,0,0
142,2009-09-21T00:00:00Z,30,2009-10-21T00:00:00Z,4.5,0,0
142,2009-09-21T00:00:00Z,30,2009-10-21T00:00:00Z,5.5,0,0
143,2009-09-28T00:00:00Z,1,2009-09-29T00:00:00Z,3.5,0,0
143,2009-09-28T00:00:00Z,1,2009-09-29T00:00:00Z,4.5,0,0
143,2009-09-28T00:00:00Z,1,2009-09-29T00:00:00Z,5.5,0,0
143,2009-09-28T00:00:00Z,7,2009-10-05T00:00:00Z,3.5,0,0
143,2009-09-28T00:00:00Z,7,2009-10-05T00:00:00Z,4.5,1,0
143,2009-09-28T00:00:00Z,7,2009-10-05T00:00:00Z,5.5,0,0
143,2009-09-28T00:00:00Z,30,2009-10-28T00:00:00Z,3.5,0,0
143,2009-09-28T00:00:00Z,30,2009-10-28T00:00:00Z,4.5,0,0
143,2009-09-28T00:00:00Z,30,2009-10-28T00:00:00Z,5.5,0,0
144,2009-10-05T00:00:00Z,1,2009-10-06T00:00:00Z,3.5,0,0
144,2009-10-05T00:00:00Z,1,2009-10-06T00:00:00Z,4.5,0,0
144,2009-10-05T00:00:00Z,1,2009-10-06T00:00:00Z,5.5,0,0
144,2009-10-05T00:00:00Z,7,2009-10-12T00:00:00Z,3.5,0,0
144,2009-10-05T00:00:00Z,7,2009-10-12T00:00:00Z,4.5,1,0
144,2009-10-05T00:00:00Z,7,2009-10-12T00:00:00Z,5.5,0,0
144,2009-10-05T00:00:00Z,30,2009-11-04T00:00:00Z,3.5,0,0
144,2009-10-05T00:00:00Z,30,2009-11-04T00:00:00Z,4.5,0,0
144,2009-10-05T00:00:00Z,30,2009-11-04T00:00:00Z,5.5,0,0
145,2009-10-12T00:00:00Z,1,2009-10-13T00:00:00Z,3.5,0,0
145,2009-10-12T00:00:00Z,1,2009-10-13T00:00:00Z,4.5,0,0
145,2009-10-12T00:00:00Z,1,2009-10-13T00:00:00Z,5.5,0,0
145,2009-10-12T00:00:00Z,7,2009-10-19T00:00:00Z,3.5,0,0
145,2009-10-12T00:00:00Z,7,2009-10-19T00:00:00Z,4.5,1,0
145,2009-10-12T00:00:00Z,7,2009-10-19T00:00:00Z,5.5,0,0
145,2009-10-12T00:00:00Z,30,2009-11-11T00:00:00Z,3.5,0,0
145,2009-10-12T00:00:00Z,30,2009-11-11T00:00:00Z,4.5,0,0
145,2009-10-12T00:00:00Z,30,2009-11-11T00:00:00Z,5.5,0,0
146,2009-10-19T00:00:00Z,1,2009-10-20T00:00:00Z,3.5,0,0
146,2009-10-19T00:00:00Z,1,2009-10-20T00:00:00Z,4.5,0,0
146,2009-10-19T00:00:00Z,1,2009-10-20T00:00:00Z,5.5,0,0
146,2009-10-19T00:00:00Z,7,2009-10-26T00:00:00Z,3.5,0,0
146,2009-10-19T00:00:00Z,7,2009-10-26T00:00:00Z,4.5,1,0
146,2009-10-19T00:00:00Z,7,2009-10-26T00:00:00Z,5.5,0,0
146,2009-10-19T00:00:00Z,30,2009-11-18T00:00:00Z,3.5,0,0
146,2009-10-19T00:00:00Z,30,2009-11-18T00:00:00Z,4.5,0,0
146,2009-10-19T00:00:00Z,30,2009-11-18T00:00:00Z,5.5,0,0
147,2009-10-26T00:00:00Z,1,2009-10-27T00:00:00Z,3.5,0,0
147,2009-10-26T00:00:00Z,1,2009-10-27T00:00:00Z,4.5,0,0
147,2009-10-26T00:00:00Z,1,2009-10-27T00:00:00Z,5.5,0,0
147,2009-10-26T00:00:00Z,7,2009-11-02T00:00:00Z,3.5,0,0
147,2009-10-26T00:00:00Z,7,2009-11-02T00:00:00Z,4.5,1,0
147,2009-10-26T00:00:00Z,7,2009-11-02T00:00:00Z,5.5,0,0
147,2009-10-26T00:00:00Z,30,2009-11-25T00:00:00Z,3.5,0,0
147,2009-10-26T00:00:00Z,30,2009-11-25T00:00:00Z,4.5,0,0
147,2009-10-26T00:00:00Z,30,2009-11-25T00:00:00Z,5.5,0,0
148,2009-11-02T00:00:00Z,1,2009-11-03T00:00:00Z,3.5,0,0
148,2009-11-02T00:00:00Z,1,2009-11-03T00:00:00Z,4.5,0,0
148,2009-11-02T00:00:00Z,1,2009-11-03T00:00:00Z,5.5,0,0
148,2009-11-02T00:00:00Z,7,2009-11-09T00:00:00Z,3.5,0,0
148,2009-11-02T00:00:00Z,7,2009-11-09T00:00:00Z,4.5,1,0
148,2009-11-02T00:00:00Z,7,2009-11-09T00:00:00Z,5.5,0,0
148,2009-11-02T00:00:00Z,30,2009-12-02T00:00:00Z,3.5,0,0
148,2009-11-02T00:00:00Z,30,2009-12-02T00:00:00Z,4.5,0,0
148,2009-11-02T00:00:00Z,30,2009-12-02T00:00:00Z,5.5,0,0
149,2009-11-09T00:00:00Z,1,2009-11-10T00:00:00Z,3.5,0,0
149,2009-11-09T00:00:00Z,1,2009-11-10T00:00:00Z,4.5,0,0
149,2009-11-09T00:00:00Z,1,2009-11-10T00:00:00Z,5.5,0,0
149,2009-11-09T00:00:00Z,7,2009-11-16T00:00:00Z,3.5,0,0
149,2009-11-09T00:00:00Z,7,2009-11-16T00:00:00Z,4.5,1,0
149,2009-11-09T00:00:00Z,7,2009-11-16T00:00:00Z,5.5,0,0
149,2009-11-09T00:00:00Z,30,2009-12-09T00:00:00Z,3.5,0,0
149,2009-11-09T00:00:00Z,30,2009-12-09T00:00:00Z,4.5,0,0
149,2009-11-09T00:00:00Z,30,2009-12-09T00:00:00Z,5.5,0,0
150,2009-11-16T00:00:00Z,1,2009-11-17T00:00:00Z,3.5,0,0
150,2009-11-16T00:00:00Z,1,2009-11-17T00:00:00Z,4.5,0,0
150,2009-11-16T00:00:00Z,1,2009-11-17T00:00:00Z,5.5,0,0
150,2009-11-16T00:00:00Z,7,2009-11-23T00:00:00Z,3.5,0,0
150,2009-11-16T00:00:00Z,7,2009-11-23T00:00:00Z,4.5,1,0
150,2009-11-16T00:00:00Z,7,2009-11-23T00:00:00Z,5.5,0,0
150,2009-11-16T00:00:00Z,30,2009-12-16T00:00:00Z,3.5,0,0
150,2009-11-16T00:00:00Z,30,2009-12-16T00:00:00Z,4.5,0,0
150,2009-11-16T00:00:00Z,30,2009-12-16T00:00:00Z,5.5,0,0
151,2009-11-23T00:00:00Z,1,2009-11-24T00:00:00Z,3.5,0,0
151,2009-11-23T00:00:00Z,1,2009-11-24T00:00:00Z,4.5,0,0
151,2009-11-23T00:00:00Z,1,2009-11-24T00:00:00Z,5.5,0,0
151,2009-11-23T00:00:00Z,7,2009-11-30T00:00:00Z,3.5,0,0
151,2009-11-23T00:00:00Z,7,2009-11-30T00:00:00Z,4.5,1,0
151,2009-11-23T00:00:00Z,7,2009-11-30T00:00:00Z,5.5,0,0
151,2009-11-23T00:00:00Z,30,2009-12-23T00:00:00Z,3.5,0,0
151,2009-11-23T00:00:00Z,30,2009-12-23T00:00:00Z,4.5,0,0
151,2009-11-23T00:00:00Z,30,2009-12-23T00:00:00Z,5.5,0,0
152,2009-11-30T00:00:00Z,1,2009-12-01T00:00:00Z,3.5,0,0
152,2009-11-30T00:00:00Z,1,2009-12-01T00:00:00Z,4.5,0,0
152,2009-11-30T00:00:00Z,1,2009-12-01T00:00:00Z,5.5,0,0
152,2009-11-30T00:00:00Z,7,2009-12-07T00:00:00Z,3.5,0,0
152,2009-11-30T00:00:00Z,7,2009-12-07T00:00:00Z,4.5,1,0
152,2009-11-30T00:00:00Z,7,2009-12-07T00:00:00Z,5.5,0,0
152,2009-11-30T00:00:00Z,30,2009-12-30T00:00:00Z,3.5,0,0
152,2009-11-30T00:00:00Z,30,2009-12-30T00:00:00Z,4.5,0,0
152,2009-11-30T00:00:00Z,30,2009-12-30T00:00:00Z,5.5,0,0
153,2009-12-07T00:00:00Z,1,2009-12-08T00:00:00Z,3.5,0,0
153,2009-12-07T00:00:00Z,1,2009-12-08T00:00:00Z,4.5,0,0
153,2009-12-07T00:00:00Z,1,2009-12-08T00:00:00Z,5.5,0,0
153,2009-12-07T00:00:00Z,7,2009-12-14T00:00:00Z,3.5,0,0
153,2009-12-07T00:00:00Z,7,2009-12-14T00:00:00Z,4.5,1,0
153,2009-12-07T00:00:00Z,7,2009-12-14T00:00:00Z,5.5,0,0
153,2009-12-07T00:00:00Z,30,2010-01-06T00:00:00Z,3.5,0,0
153,2009-12-07T00:00:00Z,30,2010-01-06T00:00:00Z,4.5,0,0
153,2009-12-07T00:00:00Z,30,2010-01-06T00:00:00Z,5.5,0,0
154,2009-12-14T00:00:00Z,1,2009-12-15T00:00:00Z,3.5,0,0
154,2009-12-14T00:00:00Z,1,2009-12-15T00:00:00Z,4.5,0,0
154,2009-12-14T00:00:00Z,1,2009-12-15T00:00:00Z,5.5,0,0
154,2009-12-14T00:00:00Z,7,2009-12-21T00:00:00Z,3.5,0,0
154,2009-12-14T00:00:00Z,7,2009-12-21T00:00:00Z,4.5,1,0
154,2009-12-14T00:00:00Z,7,2009-12-21T00:00:00Z,5.5,0,0
154,2009-12-14T00:00:00Z,30,2010-01-13T00:00:00Z,3.5,0,0
154,2009-12-14T00:00:00Z,30,2010-01-13T00:00:00Z,4.5,0,0
154,2009-12-14T00:00:00Z,30,2010-01-13T00:00:00Z,5.5,0,0
155,2009-12-21T00:00:00Z,1,2009-12-22T00:00:00Z,3.5,0,0
155,2009-12-21T00:00:00Z,1,2009-12-22T00:00:00Z,4.5,0,0
155,2009-12-21T00:00:00Z,1,2009-12-22T00:00:00Z,5.5,0,0
155,2009-12-21T00:00:00Z,7,2009-12-28T00:00:00Z,3.5,0,0
155,2009-12-21T00:00:00Z,7,2009-12-28T00:00:00Z,4.5,1,0
155,2009-12-21T00:00:00Z,7,2009-12-28T00:00:00Z,5.5,0,0
155,2009-12-21T00:00:00Z,30,2010-01-20T00:00:00Z,3.5,0,0
155,2009-12-21T00:00:00Z,30,2010-01-20T00:00:00Z,4.5,0,0
155,2009-12-21T00:00:00Z,30,2010-01-20T00:00:00Z,5.5,0,0
156,2009-12-28T00:00:00Z,1,2009-12-29T00:00:00Z,3.5,0,0
156,2009-12-28T00:00:00Z,1,2009-12-29T00:00:00Z,4.5,0,0
156,2009-12-28T00:00:00Z,1,2009-12-29T00:00:00Z,5.5,0,0
156,2009-12-28T00:00:00Z,7,2010-01-04T00:00:00Z,3.5,0,0
156,2009-12-28T00:00:00Z,7,2010-01-04T00:00:00Z,4.5,1,0
156,2009-12-28T00:00:00Z,7,2010-01-04T00:00:00Z,5.5,0,0
156,2009-12-28T00:00:00Z,30,2010-01-27T00:00:00Z,3.5,0,0
156,2009-12-28T00:00:00Z,30,2010-01-27T00:00:00Z,4.5,0,0
156,2009-12-28T00:00:00Z,30,2010-01-27T00:00:00Z,5.5,0,0
157,2010-01-04T00:00:00Z,1,2010-01-05T00:00:00Z,3.5,0,0
157,2010-01-04T00:00:00Z,1,2010-01-05T00:00:00Z,4.5,0,0
157,2010-01-04T00:00:00Z,1,2010-01-05T00:00:00Z,5.5,0,0
157,2010-01-04T00:00:00Z,7,2010-01-11T00:00:00Z,3.5,0,0
157,2010-01-04T00:00:00Z,7,2010-01-11T00:00:00Z,4.5,1,0
157,2010-01-04T00:00:00Z,7,2010-01-11T00:00:00Z,5.5,0,0
157,2010-01-04T00:00:00Z,30,2010-02-03T00:00:00Z,3.5,0,0
157,2010-01-04T00:00:00Z,30,2010-02-03T00:00:00Z,4.5,0,0
157,2010-01-04T00:00:00Z,30,2010-02-03T00:00:00Z,5.5,0,0
158,2010-01-11T00:00:00Z,1,2010-01-12T00:00:00Z,3.5,0,0
158,2010-01-11T00:00:00Z,1,2010-01-12T00:00:00Z,4.5,0,0
158,2010-01-11T00:00:00Z,1,2010-01-12T00:00:00Z,5.5,0,0
158,2010-01-11T00:00:00Z,7,2010-01-18T00:00:00Z,3.5,0,0
158,2010-01-11T00:00:00Z,7,2010-01-18T00:00:00Z,4.5,1,0
158,2010-01-11T00:00:00Z,7,2010-01-18T00:00:00Z,5.5,0,0
158,2010-01-11T00:00:00Z,30,2010-02-10T00:00:00Z,3.5,0,0
158,2010-01-11T00:00:00Z,30,2010-02-10T00:00:00Z,4.5,0,0
158,2010-01-11T00:00:00Z,30,2010-02-10T00:00:00Z,5.5,0,0
159,2010-01-18T00:00:00Z,1,2010-01-19T00:00:00Z,3.5,0,0
159,2010-01-18T00:00:00Z,1,2010-01-19T00:00:00Z,4.5,0,0
159,2010-01-18T00:00:00Z,1,2010-01-19T00:00:00Z,5.5,0,0
159,2010-01-18T00:00:00Z,7,2010-01-25T00:00:00Z,3.5,0,0
159,2010-01-18T00:00:00Z,7,2010-01-25T00:00:00Z,4.5,1,0
159,2010-01-18T00:00:00Z,7,2010-01-25T00:00:00Z,5.5,0,0
159,2010-01-18T00:00:00Z,30,2010-02-17T00:00:00Z,3.5,0,0
159,2010-01-18T00:00:00Z,30,2010-02-17T00:00:00Z,4.5,0,0
159,2010-01-18T00:00:00Z,30,2010-02-17T00:00:00Z,5.5,0,0
160,2010-01-25T00:00:00Z,1,2010-01-26T00:00:00Z,3.5,0,1
160,2010-01-25T00:00:00Z,1,2010-01-26T00:00:00Z,4.5,0,1
160,2010-01-25T00:00:00Z,1,2010-01-26T00:00:00Z,5.5,0,1
160,2010-01-25T00:00:00Z,7,2010-02-01T00:00:00Z,3.5,0,1
160,2010-01-25T00:00:00Z,7,2010-02-01T00:00:00Z,4.5,1,1
160,2010-01-25T00:00:00Z,7,2010-02-01T00:00:00Z,5.5,0,1
160,2010-01-25T00:00:00Z,30,2010-02-24T00:00:00Z,3.5,0,1
160,2010-01-25T00:00:00Z,30,2010-02-24T00:00:00Z,4.5,0,1
160,2010-01-25T00:00:00Z,30,2010-02-24T00:00:00Z,5.5,0,1
161,2010-02-01T00:00:00Z,1,2010-02-02T00:00:00Z,3.5,0,0
161,2010-02-01T00:00:00Z,1,2010-02-02T00:00:00Z,4.5,0,0
161,2010-02-01T00:00:00Z,1,2010-02-02T00:00:00Z,5.5,0,0
161,2010-02-01T00:00:00Z,7,2010-02-08T00:00:00Z,3.5,0,0
161,2010-02-01T00:00:00Z,7,2010-02-08T00:00:00Z,4.5,1,0
161,2010-02-01T00:00:00Z,7,2010-02-08T00:00:00Z,5.5,0,0
161,2010-02-01T00:00:00Z,30,2010-03-03T00:00:00Z,3.5,0,0
161,2010-02-01T00:00:00Z,30,2010-03-03T00:00:00Z,4.5,0,0
161,2010-02-01T00:00:00Z,30,2010-03-03T00:00:00Z,5.5,0,0
162,2010-02-08T00:00:00Z,1,2010-02-09T00:00:00Z,3.5,0,0
162,2010-02-08T00:00:00Z,1,2010-02-09T00:00:00Z,4.5,0,0
162,2010-02-08T00:00:00Z,1,2010-02-09T00:00:00Z,5.5,0,0
162,2010-02-08T00:00:00Z,7,2010-02-15T00:00:00Z,3.5,0,0
162,2010-02-08T00:00:00Z,7,2010-02-15T00:00:00Z,4.5,1,0
162,2010-02-08T00:00:00Z,7,2010-02-15T00:00:00Z,5.5,0,0
162,2010-02-08T00:00:00Z,30,2010-03-10T00:00:00Z,3.5,0,0
162,2010-02-08T00:00:00Z,30,2010-03-10T00:00:00Z,4.5,0,0
162,2010-02-08T00:00:00Z,30,2010-03-10T00:00:00Z,5.5,0,0
163,2010-02-15T00:00:00Z,1,2010-02-16T00:00:00Z,3.5,0,0
163,2010-02-15T00:00:00Z,1,2010-02-16T00:00:00Z,4.5,0,0
163,2010-02-15T00:00:00Z,1,2010-02-16T00:00:00Z,5.5,0,0
163,2010-02-15T00:00:00Z,7,2010-02-22T00:00:00Z,3.5,0,0
163,2010-02-15T00:00:00Z,7,2010-02-22T00:00:00Z,4.5,1,0
163,2010-02-15T00:00:00Z,7,2010-02-22T00:00:00Z,5.5,0,0
163,2010-02-15T00:00:00Z,30,2010-03-17T00:00:00Z,3.5,0,0
163,2010-02-15T00:00:00Z,30,2010-03-17T00:00:00Z,4.5,0,0
163,2010-02-15T00:00:00Z,30,2010-03-17T00:00:00Z,5.5,0,0
164,2010-02-22T00:00:00Z,1,2010-02-23T00:00:00Z,3.5,0,0
164,2010-02-22T00:00:00Z,1,2010-02-23T00:00:00Z,4.5,0,0
164,2010-02-22T00:00:00Z,1,2010-02-23T00:00:00Z,5.5,0,0
164,2010-02-22T00:00:00Z,7,2010-03-01T00:00:00Z,3.5,0,0
164,2010-02-22T00:00:00Z,7,2010-03-01T00:00:00Z,4.5,1,0
164,2010-02-22T00:00:00Z,7,2010-03-01T00:00:00Z,5.5,0,0
164,2010-02-22T00:00:00Z,30,2010-03-24T00:00:00Z,3.5,0,0
164,2010-02-22T00:00:00Z,30,2010-03-24T00:00:00Z,4.5,0,0
164,2010-02-22T00:00:00Z,30,2010-03-24T00:00:00Z,5.5,0,0
165,2010-03-01T00:00:00Z,1,2010-03-02T00:00:00Z,3.5,0,0
165,2010-03-01T00:00:00Z,1,2010-03-02T00:00:00Z,4.5,0,0
165,2010-03-01T00:00:00Z,1,2010-03-02T00:00:00Z,5.5,0,0
165,2010-03-01T00:00:00Z,7,2010-03-08T00:00:00Z,3.5,0,0
165,2010-03-01T00:00:00Z,7,2010-03-08T00:00:00Z,4.5,1,0
165,2010-03-01T00:00:00Z,7,2010-03-08T00:00:00Z,5.5,0,0
165,2010-03-01T00:00:00Z,30,2010-03-31T00:00:00Z,3.5,0,0
165,2010-03-01T00:00:00Z,30,2010-03-31T00:00:00Z,4.5,0,0
165,2010-03-01T00:00:00Z,30,2010-03-31T00:00:00Z,5.5,0,0
166,2010-03-08T00:00:00Z,1,2010-03-09T00:00:00Z,3.5,0,0
166,2010-03-08T00:00:00Z,1,2010-03-09T00:00:00Z,4.5,0,0
166,2010-03-08T00:00:00Z,1,2010-03-09T00:00:00Z,5.5,0,0
166,2010-03-08T00:00:00Z,7,2010-03-15T00:00:00Z,3.5,0,0
166,2010-03-08T00:00:00Z,7,2010-03-15T00:00:00Z,4.5,1,0
166,2010-03-08T00:00:00Z,7,2010-03-15T00:00:00Z,5.5,0,0
166,2010-03-08T00:00:00Z,30,2010-04-07T00:00:00Z,3.5,0,0
166,2010-03-08T00:00:00Z,30,2010-04-07T00:00:00Z,4.5,0,0
166,2010-03-08T00:00:00Z,30,2010-04-07T00:00:00Z,5.5,0,0
167,2010-03-15T00:00:00Z,1,2010-03-16T00:00:00Z,3.5,0,0
167,2010-03-15T00:00:00Z,1,2010-03-16T00:00:00Z,4.5,0,0
167,2010-03-15T00:00:00Z,1,2010-03-16T00:00:00Z,5.5,0,0
167,2010-03-15T00:00:00Z,7,2010-03-22T00:00:00Z,3.5,0,0
167,2010-03-15T00:00:00Z,7,2010-03-22T00:00:00Z,4.5,1,0
167,2010-03-15T00:00:00Z,7,2010-03-22T00:00:00Z,5.5,0,0
167,2010-03-15T00:00:00Z,30,2010-04-14T00:00:00Z,3.5,0,0
167,2010-03-15T00:00:00Z,30,2010-04-14T00:00:00Z,4.5,0,0
167,2010-03-15T00:00:00Z,30,2010-04-14T00:00:00Z,5.5,0,0
168,2010-03-22T00:00:00Z,1,2010-03-23T00:00:00Z,3.5,0,0
168,2010-03-22T00:00:00Z,1,2010-03-23T00:00:00Z,4.5,0,0
168,2010-03-22T00:00:00Z,1,2010-03-23T00:00:00Z,5.5,0,0
168,2010-03-22T00:00:00Z,7,2010-03-29T00:00:00Z,3.5,0,0
168,2010-03-22T00:00:00Z,7,2010-03-29T00:00:00Z,4.5,1,0
168,2010-03-22T00:00:00Z,7,2010-03-29T00:00:00Z,5.5,0,0
168,2010-03-22T00:00:00Z,30,2010-04-21T00:00:00Z,3.5,0,0
168,2010-03-22T00:00:00Z,30,2010-04-21T00:00:00Z,4.5,0,0
168,2010-03-22T00:00:00Z,30,2010-04-21T00:00:00Z,5.5,0,0
169,2010-03-29T00:00:00Z,1,2010-03-30T00:00:00Z,3.5,0,0
169,2010-03-29T00:00:00Z,1,2010-03-30T00:00:00Z,4.5,0,0
169,2010-03-29T00:00:00Z,1,2010-03-30T00:00:00Z,5.5,0,0
169,2010-03-29T00:00:00Z,7,2010-04-05T00:00:00Z,3.5,0,0
169,2010-03-29T00:00:00Z,7,2010-04-05T00:00:00Z,4.5,1,0
169,2010-03-29T00:00:00Z,7,2010-04-05T00:00:00Z,5.5,0,0
169,2010-03-29T00:00:00Z,30,2010-04-28T00:00:00Z,3.5,0,0
169,2010-03-29T00:00:00Z,30,2010-04-28T00:00:00Z,4.5,0,0
169,2010-03-29T00:00:00Z,30,2010-04-28T00:00:00Z,5.5,0,0
170,2010-04-05T00:00:00Z,1,2010-04-06T00:00:00Z,3.5,0,0
170,2010-04-05T00:00:00Z,1,2010-04-06T00:00:00Z,4.5,0,0
170,2010-04-05T00:00:00Z,1,2010-04-06T00:00:00Z,5.5,0,0
170,2010-04-05T00:00:00Z,7,2010-04-12T00:00:00Z,3.5,0,0
170,2010-04-05T00:00:00Z,7,2010-04-12T00:00:00Z,4.5,1,0
170,2010-04-05T00:00:00Z,7,2010-04-12T00:00:00Z,5.5,0,0
170,2010-04-05T00:00:00Z,30,2010-05-05T00:00:00Z,3.5,0,0
170,2010-04-05T00:00:00Z,30,2010-05-05T00:00:00Z,4.5,0,0
170,2010-04-05T00:00:00Z,30,2010-05-05T00:00:00Z,5.5,0,0
171,2010-04-12T00:00:00Z,1,2010-04-13T00:00:00Z,3.5,0,0
171,2010-04-12T00:00:00Z,1,2010-04-13T00:00:00Z,4.5,0,0
171,2010-04-12T00:00:00Z,1,2010-04-13T00:00:00Z,5.5,0,0
171,2010-04-12T00:00:00Z,7,2010-04-19T00:00:00Z,3.5,0,0
171,2010-04-12T00:00:00Z,7,2010-04-19T00:00:00Z,4.5,1,0
171,2010-04-12T00:00:00Z,7,2010-04-19T00:00:00Z,5.5,0,0
171,2010-04-12T00:00:00Z,30,2010-05-12T00:00:00Z,3.5,0,0
171,2010-04-12T00:00:00Z,30,2010-05-12T00:00:00Z,4.5,0,0
171,2010-04-12T00:00:00Z,30,2010-05-12T00:00:00Z,5.5,0,0
172,2010-04-19T00:00:00Z,1,2010-04-20T00:00:00Z,3.5,0,0
172,2010-04-19T00:00:00Z,1,2010-04-20T00:00:00Z,4.5,0,0
172,2010-04-19T00:00:00Z,1,2010-04-20T00:00:00Z,5.5,0,0
172,2010-04-19T00:00:00Z,7,2010-04-26T00:00:00Z,3.5,0,0
172,2010-04-19T00:00:00Z,7,2010-04-26T00:00:00Z,4.5,1,0
172,2010-04-19T00:00:00Z,7,2010-04-26T00:00:00Z,5.5,0,0
172,2010-04-19T00:00:00Z,30,2010-05-19T00:00:00Z,3.5,0,0
172,2010-04-19T00:00:00Z,30,2010-05-19T00:00:00Z,4.5,0,0
172,2010-04-19T00:00:00Z,30,2010-05-19T00:00:00Z,5.5,0,0
173,2010-04-26T00:00:00Z,1,2010-04-27T00:00:00Z,3.5,0,0
173,2010-04-26T00:00:00Z,1,2010-04-27T00:00:00Z,4.5,0,0
173,2010-04-26T00:00:00Z,1,2010-04-27T00:00:00Z,5.5,0,0
173,2010-04-26T00:00:00Z,7,2010-05-03T00:00:00Z,3.5,0,0
173,2010-04-26T00:00:00Z,7,2010-05-03T00:00:00Z,4.5,1,0
173,2010-04-26T00:00:00Z,7,2010-05-03T00:00:00Z,5.5,0,0
173,2010-04-26T00:00:00Z,30,2010-05-26T00:00:00Z,3.5,0,0
173,2010-04-26T00:00:00Z,30,2010-05-26T00:00:00Z,4.5,0,0
173,2010-04-26T00:00:00Z,30,2010-05-26T00:00:00Z,5.5,0,0
174,2010-05-03T00:00:00Z,1,2010-05-04T00:00:00Z,3.5,0,0
174,2010-05-03T00:00:00Z,1,2010-05-04T00:00:00Z,4.5,0,0
174,2010-05-03T00:00:00Z,1,2010-05-04T00:00:00Z,5.5,0,0
174,2010-05-03T00:00:00Z,7,2010-05-10T00:00:00Z,3.5,0,0
174,2010-05-03T00:00:00Z,7,2010-05-10T00:00:00Z,4.5,1,0
174,2010-05-03T00:00:00Z,7,2010-05-10T00:00:00Z,5.5,0,0
174,2010-05-03T00:00:00Z,30,2010-06-02T00:00:00Z,3.5,0,0
174,2010-05-03T00:00:00Z,30,2010-06-02T00:00:00Z,4.5,0,0
174,2010-05-03T00:00:00Z,30,2010-06-02T00:00:00Z,5.5,0,0
175,2010-05-10T00:00:00Z,1,2010-05-11T00:00:00Z,3.5,0,0
175,2010-05-10T00:00:00Z,1,2010-05-11T00:00:00Z,4.5,0,0
175,2010-05-10T00:00:00Z,1,2010-05-11T00:00:00Z,5.5,0,0
175,2010-05-10T00:00:00Z,7,2010-05-17T00:00:00Z,3.5,0,0
175,2010-05-10T00:00:00Z,7,2010-05-17T00:00:00Z,4.5,1,0
175,2010-05-10T00:00:00Z,7,2010-05-17T00:00:00Z,5.5,0,0
175,2010-05-10T00:00:00Z,30,2010-06-09T00:00:00Z,3.5,0,0
175,2010-05-10T00:00:00Z,30,2010-06-09T00:00:00Z,4.5,0,0
175,2010-05-10T00:00:00Z,30,2010-06-09T00:00:00Z,5.5,0,0
176,2010-05-17T00:00:00Z,1,2010-05-18T00:00:00Z,3.5,0,0
176,2010-05-17T00:00:00Z,1,2010-05-18T00:00:00Z,4.5,0,0
176,2010-05-17T00:00:00Z,1,2010-05-18T00:00:00Z,5.5,0,0
176,2010-05-17T00:00:00Z,7,2010-05-24T00:00:00Z,3.5,0,0
176,2010-05-17T00:00:00Z,7,2010-05-24T00:00:00Z,4.5,1,0
176,2010-05-17T00:00:00Z,7,2010-05-24T00:00:00Z,5.5,0,0
176,2010-05-17T00:00:00Z,30,2010-06-16T00:00:00Z,3.5,0,0
176,2010-05-17T00:00:00Z,30,2010-06-16T00:00:00Z,4.5,0,0
176,2010-05-17T00:00:00Z,30,2010-06-16T00:00:00Z,5.5,0,0
177,2010-05-24T00:00:00Z,1,2010-05-25T00:00:00Z,3.5,0,0
177,2010-05-24T00:00:00Z,1,2010-05-25T00:00:00Z,4.5,0,0
177,2010-05-24T00:00:00Z,1,2010-05-25T00:00:00Z,5.5,0,0
177,2010-05-24T00:00:00Z,7,2010-05-31T00:00:00Z,3.5,0,0
177,2010-05-24T00:00:00Z,7,2010-05-31T00:00:00Z,4.5,1,0
177,2010-05-24T00:00:00Z,7,2010-05-31T00:00:00Z,5.5,0,0
177,2010-05-24T00:00:00Z,30,2010-06-23T00:00:00Z,3.5,0,0
177,2010-05-24T00:00:00Z,30,2010-06-23T00:00:00Z,4.5,0,0
177,2010-05-24T00:00:00Z,30,2010-06-23T00:00:00Z,5.5,0,0
178,2010-05-31T00:00:00Z,1,2010-06-01T00:00:00Z,3.5,0,0
178,2010-05-31T00:00:00Z,1,2010-06-01T00:00:00Z,4.5,0,0
178,2010-05-31T00:00:00Z,1,2010-06-01T00:00:00Z,5.5,0,0
178,2010-05-31T00:00:00Z,7,2010-06-07T00:00:00Z,3.5,0,0
178,2010-05-31T00:00:00Z,7,2010-06-07T00:00:00Z,4.5,1,0
178,2010-05-31T00:00:00Z,7,2010-06-07T00:00:00Z,5.5,0,0
178,2010-05-31T00:00:00Z,30,2010-06-30T00:00:00Z,3.5,0,0
178,2010-05-31T00:00:00Z,30,2010-06-30T00:00:00Z,4.5,0,0
178,2010-05-31T00:00:00Z,30,2010-06-30T00:00:00Z,5.5,0,0
179,2010-06-07T00:00:00Z,1,2010-06-08T00:00:00Z,3.5,0,0
179,2010-06-07T00:00:00Z,1,2010-06-08T00:00:00Z,4.5,0,0
179,2010-06-07T00:00:00Z,1,2010-06-08T00:00:00Z,5.5,0,0
179,2010-06-07T00:00:00Z,7,2010-06-14T00:00:00Z,3.5,0,0
179,2010-06-07T00:00:00Z,7,2010-06-14T00:00:00Z,4.5,1,0
179,2010-06-07T00:00:00Z,7,2010-06-14T00:00:00Z,5.5,0,0
179,2010-06-07T00:00:00Z,30,2010-07-07T00:00:00Z,3.5,0,0
179,2010-06-07T00:00:00Z,30,2010-07-07T00:00:00Z,4.5,0,0
179,2010-06-07T00:00:00Z,30,2010-07-07T00:00:00Z,5.5,0,0
180,2010-06-14T00:00:00Z,1,2010-06-15T00:00:00Z,3.5,0,1
180,2010-06-14T00:00:00Z,1,2010-06-15T00:00:00Z,4.5,0,1
180,2010-06-14T00:00:00Z,1,2010-06-15T00:00:00Z,5.5,0,1
180,2010-06-14T00:00:00Z,7,2010-06-21T00:00:00Z,3.5,0,1
180,2010-06-14T00:00:00Z,7,2010-06-21T00:00:00Z,4.5,1,1
180,2010-06-14T00:00:00Z,7,2010-06-21T00:00:00Z,5.5,0,1
180,2010-06-14T00:00:00Z,30,2010-07-14T00:00:00Z,3.5,0,1
180,2010-06-14T00:00:00Z,30,2010-07-14T00:00:00Z,4.5,0,1
180,2010-06-14T00:00:00Z,30,2010-07-14T00:00:00Z,5.5,0,1
181,2010-06-21T00:00:00Z,1,2010-06-22T00:00:00Z,3.5,0,0
181,2010-06-21T00:00:00Z,1,2010-06-22T00:00:00Z,4.5,0,0
181,2010-06-21T00:00:00Z,1,2010-06-22T00:00:00Z,5.5,0,0
181,2010-06-21T00:00:00Z,7,2010-06-28T00:00:00Z,3.5,0,0
181,2010-06-21T00:00:00Z,7,2010-06-28T00:00:00Z,4.5,1,0
181,2010-06-21T00:00:00Z,7,2010-06-28T00:00:00Z,5.5,0,0
181,2010-06-21T00:00:00Z,30,2010-07-21T00:00:00Z,3.5,0,0
181,2010-06-21T00:00:00Z,30,2010-07-21T00:00:00Z,4.5,0,0
181,2010-06-21T00:00:00Z,30,2010-07-21T00:00:00Z,5.5,0,0
182,2010-06-28T00:00:00Z,1,2010-06-29T00:00:00Z,3.5,0,0
182,2010-06-28T00:00:00Z,1,2010-06-29T00:00:00Z,4.5,0,0
182,2010-06-28T00:00:00Z,1,2010-06-29T00:00:00Z,5.5,0,0
182,2010-06-28T00:00:00Z,7,2010-07-05T00:00:00Z,3.5,0,0
182,2010-06-28T00:00:00Z,7,2010-07-05T00:00:00Z,4.5,1,0
182,2010-06-28T00:00:00Z,7,2010-07-05T00:00:00Z,5.5,0,0
182,2010-06-28T00:00:00Z,30,2010-07-28T00:00:00Z,3.5,0,0
182,2010-06-28T00:00:00Z,30,2010-07-28T00:00:00Z,4.5,0,0
182,2010-06-28T00:00:00Z,30,2010-07-28T00:00:00Z,5.5,0,0
183,2010-07-05T00:00:00Z,1,2010-07-06T00:00:00Z,3.5,0,0
183,2010-07-05T00:00:00Z,1,2010-07-06T00:00:00Z,4.5,0,0
183,2010-07-05T00:00:00Z,1,2010-07-06T00:00:00Z,5.5,0,0
183,2010-07-05T00:00:00Z,7,2010-07-12T00:00:00Z,3.5,0,0
183,2010-07-05T00:00:00Z,7,2010-07-12T00:00:00Z,4.5,1,0
183,2010-07-05T00:00:00Z,7,2010-07-12T00:00:00Z,5.5,0,0
183,2010-07-05T00:00:00Z,30,2010-08-04T00:00:00Z,3.5,0,0
183,2010-07-05T00:00:00Z,30,2010-08-04T00:00:00Z,4.5,0,0
183,2010-07-05T00:00:00Z,30,2010-08-04T00:00:00Z,5.5,0,0
184,2010-07-12T00:00:00Z,1,2010-07-13T00:00:00Z,3.5,0,0
184,2010-07-12T00:00:00Z,1,2010-07-13T00:00:00Z,4.5,0,0
184,2010-07-12T00:00:00Z,1,2010-07-13T00:00:00Z,5.5,0,0
184,2010-07-12T00:00:00Z,7,2010-07-19T00:00:00Z,3.5,0,0
184,2010-07-12T00:00:00Z,7,2010-07-19T00:00:00Z,4.5,1,0
184,2010-07-12T00:00:00Z,7,2010-07-19T00:00:00Z,5.5,0,0
184,2010-07-12T00:00:00Z,30,2010-08-11T00:00:00Z,3.5,0,0
184,2010-07-12T00:00:00Z,30,2010-08-11T00:00:00Z,4.5,0,0
184,2010-07-12T00:00:00Z,30,2010-08-11T00:00:00Z,5.5,0,0
185,2010-07-19T00:00:00Z,1,2010-07-20T00:00:00Z,3.5,0,0
185,2010-07-19T00:00:00Z,1,2010-07-20T00:00:00Z,4.5,0,0
185,2010-07-19T00:00:00Z,1,2010-07-20T00:00:00Z,5.5,0,0
185,2010-07-19T00:00:00Z,7,2010-07-26T00:00:00Z,3.5,0,0
185,2010-07-19T00:00:00Z,7,2010-07-26T00:00:00Z,4.5,1,0
185,2010-07-19T00:00:00Z,7,2010-07-26T00:00:00Z,5.5,0,0
185,2010-07-19T00:00:00Z,30,2010-08-18T00:00:00Z,3.5,0,0
185,2010-07-19T00:00:00Z,30,2010-08-18T00:00:00Z,4.5,0,0
185,2010-07-19T00:00:00Z,30,2010-08-18T00:00:00Z,5.5,0,0
186,2010-07-26T00:00:00Z,1,2010-07-27T00:00:00Z,3.5,0,0
186,2010-07-26T00:00:00Z,1,2010-07-27T00:00:00Z,4.5,0,0
186,2010-07-26T00:00:00Z,1,2010-07-27T00:00:00Z,5.5,0,0
186,2010-07-26T00:00:00Z,7,2010-08-02T00:00:00Z,3.5,0,0
186,2010-07-26T00:00:00Z,7,2010-08-02T00:00:00Z,4.5,1,0
186,2010-07-26T00:00:00Z,7,2010-08-02T00:00:00Z,5.5,0,0
186,2010-07-26T00:00:00Z,30,2010-08-25T00:00:00Z,3.5,0,0
186,2010-07-26T00:00:00Z,30,2010-08-25T00:00:00Z,4.5,0,0
186,2010-07-26T00:00:00Z,30,2010-08-25T00:00:00Z,5.5,0,0
187,2010-08-02T00:00:00Z,1,2010-08-03T00:00:00Z,3.5,0,0
187,2010-08-02T00:00:00Z,1,2010-08-03T00:00:00Z,4.5,0,0
187,2010-08-02T00:00:00Z,1,2010-08-03T00:00:00Z,5.5,0,0
187,2010-08-02T00:00:00Z,7,2010-08-09T00:00:00Z,3.5,0,0
187,2010-08-02T00:00:00Z,7,2010-08-09T00:00:00Z,4.5,1,0
187,2010-08-02T00:00:00Z,7,2010-08-09T00:00:00Z,5.5,0,0
187,2010-08-02T00:00:00Z,30,2010-09-01T00:00:00Z,3.5,0,0
187,2010-08-02T00:00:00Z,30,2010-09-01T00:00:00Z,4.5,0,0
187,2010-08-02T00:00:00Z,30,2010-09-01T00:00:00Z,5.5,0,0
188,2010-08-09T00:00:00Z,1,2010-08-10T00:00:00Z,3.5,0,0
188,2010-08-09T00:00:00Z,1,2010-08-10T00:00:00Z,4.5,0,0
188,2010-08-09T00:00:00Z,1,2010-08-10T00:00:00Z,5.5,0,0
188,2010-08-09T00:00:00Z,7,2010-08-16T00:00:00Z,3.5,0,0
188,2010-08-09T00:00:00Z,7,2010-08-16T00:00:00Z,4.5,1,0
188,2010-08-09T00:00:00Z,7,2010-08-16T00:00:00Z,5.5,0,0
188,2010-08-09T00:00:00Z,30,2010-09-08T00:00:00Z,3.5,0,0
188,2010-08-09T00:00:00Z,30,2010-09-08T00:00:00Z,4.5,0,0
188,2010-08-09T00:00:00Z,30,2010-09-08T00:00:00Z,5.5,0,0
189,2010-08-16T00:00:00Z,1,2010-08-17T00:00:00Z,3.5,0,0
189,2010-08-16T00:00:00Z,1,2010-08-17T00:00:00Z,4.5,0,0
189,2010-08-16T00:00:00Z,1,2010-08-17T00:00:00Z,5.5,0,0
189,2010-08-16T00:00:00Z,7,2010-08-23T00:00:00Z,3.5,0,0
189,2010-08-16T00:00:00Z,7,2010-08-23T00:00:00Z,4.5,1,0
189,2010-08-16T00:00:00Z,7,2010-08-23T00:00:00Z,5.5,0,0
189,2010-08-16T00:00:00Z,30,2010-09-15T00:00:00Z,3.5,0,0
189,2010-08-16T00:00:00Z,30,2010-09-15T00:00:00Z,4.5,0,0
189,2010-08-16T00:00:00Z,30,2010-09-15T00:00:00Z,5.5,0,0
190,2010-08-23T00:00:00Z,1,2010-08-24T00:00:00Z,3.5,0,0
190,2010-08-23T00:00:00Z,1,2010-08-24T00:00:00Z,4.5,0,0
190,2010-08-23T00:00:00Z,1,2010-08-24T00:00:00Z,5.5,0,0
190,2010-08-23T00:00:00Z,7,2010-08-30T00:00:00Z,3.5,0,0
190,2010-08-23T00:00:00Z,7,2010-08-30T00:00:00Z,4.5,1,0
190,2010-08-23T00:00:00Z,7,2010-08-30T00:00:00Z,5.5,0,0
190,2010-08-23T00:00:00Z,30,2010-09-22T00:00:00Z,3.5,0,0
190,2010-08-23T00:00:00Z,30,2010-09-22T00:00:00Z,4.5,0,0
190,2010-08-23T00:00:00Z,30,2010-09-22T00:00:00Z,5.5,0,0
191,2010-08-30T00:00:00Z,1,2010-08-31T00:00:00Z,3.5,0,0
191,2010-08-30T00:00:00Z,1,2010-08-31T00:00:00Z,4.5,0,0
191,2010-08-30T00:00:00Z,1,2010-08-31T00:00:00Z,5.5,0,0
191,2010-08-30T00:00:00Z,7,2010-09-06T00:00:00Z,3.5,0,0
191,2010-08-30T00:00:00Z,7,2010-09-06T00:00:00Z,4.5,1,0
191,2010-08-30T00:00:00Z,7,2010-09-06T00:00:00Z,5.5,0,0
191,2010-08-30T00:00:00Z,30,2010-09-29T00:00:00Z,3.5,0,0
191,2010-08-30T00:00:00Z,30,2010-09-29T00:00:00Z,4.5,0,0
191,2010-08-30T00:00:00Z,30,2010-09-29T00:00:00Z,5.5,0,0
192,2010-09-06T00:00:00Z,1,2010-09-07T00:00:00Z,3.5,0,0
192,2010-09-06T00:00:00Z,1,2010-09-07T00:00:00Z,4.5,0,0
192,2010-09-06T00:00:00Z,1,2010-09-07T00:00:00Z,5.5,0,0
192,2010-09-06T00:00:00Z,7,2010-09-13T00:00:00Z,3.5,0,0
192,2010-09-06T00:00:00Z,7,2010-09-13T00:00:00Z,4.5,1,0
192,2010-09-06T00:00:00Z,7,2010-09-13T00:00:00Z,5.5,0,0
192,2010-09-06T00:00:00Z,30,2010-10-06T00:00:00Z,3.5,0,0
192,2010-09-06T00:00:00Z,30,2010-10-06T00:00:00Z,4.5,0,0
192,2010-09-06T00:00:00Z,30,2010-10-06T00:00:00Z,5.5,0,0
193,2010-09-13T00:00:00Z,1,2010-09-14T00:00:00Z,3.5,0,0
193,2010-09-13T00:00:00Z,1,2010-09-14T00:00:00Z,4.5,0,0
193,2010-09-13T00:00:00Z,1,2010-09-14T00:00:00Z,5.5,0,0
193,2010-09-13T00:00:00Z,7,2010-09-20T00:00:00Z,3.5,0,0
193,2010-09-13T00:00:00Z,7,2010-09-20T00:00:00Z,4.5,1,0
193,2010-09-13T00:00:00Z,7,2010-09-20T00:00:00Z,5.5,0,0
193,2010-09-13T00:00:00Z,30,2010-10-13T00:00:00Z,3.5,0,0
193,2010-09-13T00:00:00Z,30,2010-10-13T00:00:00Z,4.5,0,0
193,2010-09-13T00:00:00Z,30,2010-10-13T00:00:00Z,5.5,0,0
194,2010-09-20T00:00:00Z,1,2010-09-21T00:00:00Z,3.5,0,0
194,2010-09-20T00:00:00Z,1,2010-09-21T00:00:00Z,4.5,0,0
194,2010-09-20T00:00:00Z,1,2010-09-21T00:00:00Z,5.5,0,0
194,2010-09-20T00:00:00Z,7,2010-09-27T00:00:00Z,3.5,0,0
194,2010-09-20T00:00:00Z,7,2010-09-27T00:00:00Z,4.5,1,0
194,2010-09-20T00:00:00Z,7,2010-09-27T00:00:00Z,5.5,0,0
194,2010-09-20T00:00:00Z,30,2010-10-20T00:00:00Z,3.5,0,0
194,2010-09-20T00:00:00Z,30,2010-10-20T00:00:00Z,4.5,0,0
194,2010-09-20T00:00:00Z,30,2010-10-20T00:00:00Z,5.5,0,0
195,2010-09-27T00:00:00Z,1,2010-09-28T00:00:00Z,3.5,0,0
195,2010-09-27T00:00:00Z,1,2010-09-28T00:00:00Z,4.5,0,0
195,2010-09-27T00:00:00Z,1,2010-09-28T00:00:00Z,5.5,0,0
195,2010-09-27T00:00:00Z,7,2010-10-04T00:00:00Z,3.5,0,0
195,2010-09-27T00:00:00Z,7,2010-10-04T00:00:00Z,4.5,1,0
195,2010-09-27T00:00:00Z,7,2010-10-04T00:00:00Z,5.5,0,0
195,2010-09-27T00:00:00Z,30,2010-10-27T00:00:00Z,3.5,0,0
195,2010-09-27T00:00:00Z,30,2010-10-27T00:00:00Z,4.5,0,0
195,2010-09-27T00:00:00Z,30,2010-10-27T00:00:00Z,5.5,0,0
196,2010-10-04T00:00:00Z,1,2010-10-05T00:00:00Z,3.5,0,0
196,2010-10-04T00:00:00Z,1,2010-10-05T00:00:00Z,4.5,0,0
196,2010-10-04T00:00:00Z,1,2010-10-05T00:00:00Z,5.5,0,0
196,2010-10-04T00:00:00Z,7,2010-10-11T00:00:00Z,3.5,0,0
196,2010-10-04T00:00:00Z,7,2010-10-11T00:00:00Z,4.5,1,0
196,2010-10-04T00:00:00Z,7,2010-10-11T00:00:00Z,5.5,0,0
196,2010-10-04T00:00:00Z,30,2010-11-03T00:00:00Z,3.5,0,0
196,2010-10-04T00:00:00Z,30,2010-11-03T00:00:00Z,4.5,0,0
196,2010-10-04T00:00:00Z,30,2010-11-03T00:00:00Z,5.5,0,0
197,2010-10-11T00:00:00Z,1,2010-10-12T00:00:00Z,3.5,0,0
197,2010-10-11T00:00:00Z,1,2010-10-12T00:00:00Z,4.5,0,0
197,2010-10-11T00:00:00Z,1,2010-10-12T00:00:00Z,5.5,0,0
197,2010-10-11T00:00:00Z,7,2010-10-18T00:00:00Z,3.5,0,0
197,2010-10-11T00:00:00Z,7,2010-10-18T00:00:00Z,4.5,1,0
197,2010-10-11T00:00:00Z,7,2010-10-18T00:00:00Z,5.5,0,0
197,2010-10-11T00:00:00Z,30,2010-11-10T00:00:00Z,3.5,0,0
197,2010-10-11T00:00:00Z,30,2010-11-10T00:00:00Z,4.5,0,0
197,2010-10-11T00:00:00Z,30,2010-11-10T00:00:00Z,5.5,0,0
198,2010-10-18T00:00:00Z,1,2010-10-19T00:00:00Z,3.5,0,0
198,2010-10-18T00:00:00Z,1,2010-10-19T00:00:00Z,4.5,0,0
198,2010-10-18T00:00:00Z,1,2010-10-19T00:00:00Z,5.5,0,0
198,2010-10-18T00:00:00Z,7,2010-10-25T00:00:00Z,3.5,0,0
198,2010-10-18T00:00:00Z,7,2010-10-25T00:00:00Z,4.5,1,0
198,2010-10-18T00:00:00Z,7,2010-10-25T00:00:00Z,5.5,0,0
198,2010-10-18T00:00:00Z,30,2010-11-17T00:00:00Z,3.5,0,0
198,2010-10-18T00:00:00Z,30,2010-11-17T00:00:00Z,4.5,0,0
198,2010-10-18T00:00:00Z,30,2010-11-17T00:00:00Z,5.5,0,0
199,2010-10-25T00:00:00Z,1,2010-10-26T00:00:00Z,3.5,0,0
199,2010-10-25T00:00:00Z,1,2010-10-26T00:00:00Z,4.5,0,0
199,2010-10-25T00:00:00Z,1,2010-10-26T00:00:00Z,5.5,0,0
199,2010-10-25T00:00:00Z,7,2010-11-01T00:00:00Z,3.5,0,0
199,2010-10-25T00:00:00Z,7,2010-11-01T00:00:00Z,4.5,1,0
199,2010-10-25T00:00:00Z,7,2010-11-01T00:00:00Z,5.5,0,0
199,2010-10-25T00:00:00Z,30,2010-11-24T00:00:00Z,3.5,0,0
199,2010-10-25T00:00:00Z,30,2010-11-24T00:00:00Z,4.5,0,0
199,2010-10-25T00:00:00Z,30,2010-11-24T00:00:00Z,5.5,0,0
200,2010-11-01T00:00:00Z,1,2010-11-02T00:00:00Z,3.5,0,1
200,2010-11-01T00:00:00Z,1,2010-11-02T00:00:00Z,4.5,0,1
200,2010-11-01T00:00:00Z,1,2010-11-02T00:00:00Z,5.5,0,1
200,2010-11-01T00:00:00Z,7,2010-11-08T00:00:00Z,3.5,0,1
200,2010-11-01T00:00:00Z,7,2010-11-08T00:00:00Z,4.5,1,1
200,2010-11-01T00:00:00Z,7,2010-11-08T00:00:00Z,5.5,0,1
200,2010-11-01T00:00:00Z,30,2010-12-01T00:00:00Z,3.5,0,1
200,2010-11-01T00:00:00Z,30,2010-12-01T00:00:00Z,4.5,0,1
200,2010-11-01T00:00:00Z,30,2010-12-01T00:00:00Z,5.5,0,1
201,2010-11-08T00:00:00Z,1,2010-11-09T00:00:00Z,3.5,0,0
201,2010-11-08T00:00:00Z,1,2010-11-09T00:00:00Z,4.5,0,0
201,2010-11-08T00:00:00Z,1,2010-11-09T00:00:00Z,5.5,0,0
201,2010-11-08T00:00:00Z,7,2010-11-15T00:00:00Z,3.5,0,0
201,2010-11-08T00:00:00Z,7,2010-11-15T00:00:00Z,4.5,1,0
201,2010-11-08T00:00:00Z,7,2010-11-15T00:00:00Z,5.5,0,0
201,2010-11-08T00:00:00Z,30,2010-12-08T00:00:00Z,3.5,0,0
201,2010-11-08T00:00:00Z,30,2010-12-08T00:00:00Z,4.5,0,0
201,2010-11-08T00:00:00Z,30,2010-12-08T00:00:00Z,5.5,0,0
202,2010-11-15T00:00:00Z,1,2010-11-16T00:00:00Z,3.5,0,0
202,2010-11-15T00:00:00Z,1,2010-11-16T00:00:00Z,4.5,0,0
202,2010-11-15T00:00:00Z,1,2010-11-16T00:00:00Z,5.5,0,0
202,2010-11-15T00:00:00Z,7,2010-11-22T00:00:00Z,3.5,0,0
202,2010-11-15T00:00:00Z,7,2010-11-22T00:00:00Z,4.5,1,0
202,2010-11-15T00:00:00Z,7,2010-11-22T00:00:00Z,5.5,0,0
202,2010-11-15T00:00:00Z,30,2010-12-15T00:00:00Z,3.5,0,0
202,2010-11-15T00:00:00Z,30,2010-12-15T00:00:00Z,4.5,0,0
202,2010-11-15T00:00:00Z,30,2010-12-15T00:00:00Z,5.5,0,0
203,2010-11-22T00:00:00Z,1,2010-11-23T00:00:00Z,3.5,0,0
203,2010-11-22T00:00:00Z,1,2010-11-23T00:00:00Z,4.5,0,0
203,2010-11-22T00:00:00Z,1,2010-11-23T00:00:00Z,5.5,0,0
203,2010-11-22T00:00:00Z,7,2010-11-29T00:00:00Z,3.5,0,0
203,2010-11-22T00:00:00Z,7,2010-11-29T00:00:00Z,4.5,1,0
203,2010-11-22T00:00:00Z,7,2010-11-29T00:00:00Z,5.5,0,0
203,2010-11-22T00:00:00Z,30,2010-12-22T00:00:00Z,3.5,0,0
203,2010-11-22T00:00:00Z,30,2010-12-22T00:00:00Z,4.5,0,0
203,2010-11-22T00:00:00Z,30,2010-12-22T00:00:00Z,5.5,0,0
204,2010-11-29T00:00:00Z,1,2010-11-30T00:00:00Z,3.5,0,0
204,2010-11-29T00:00:00Z,1,2010-11-30T00:00:00Z,4.5,0,0
204,2010-11-29T00:00:00Z,1,2010-11-30T00:00:00Z,5.5,0,0
204,2010-11-29T00:00:00Z,7,2010-12-06T00:00:00Z,3.5,0,0
204,2010-11-29T00:00:00Z,7,2010-12-06T00:00:00Z,4.5,1,0
204,2010-11-29T00:00:00Z,7,2010-12-06T00:00:00Z,5.5,0,0
204,2010-11-29T00:00:00Z,30,2010-12-29T00:00:00Z,3.5,0,0
204,2010-11-29T00:00:00Z,30,2010-12-29T00:00:00Z,4.5,0,0
204,2010-11-29T00:00:00Z,30,2010-12-29T00:00:00Z,5.5,0,0
205,2010-12-06T00:00:00Z,1,2010-12-07T00:00:00Z,3.5,0,0
205,2010-12-06T00:00:00Z,1,2010-12-07T00:00:00Z,4.5,0,0
205,2010-12-06T00:00:00Z,1,2010-12-07T00:00:00Z,5.5,0,0
205,2010-12-06T00:00:00Z,7,2010-12-13T00:00:00Z,3.5,0,0
205,2010-12-06T00:00:00Z,7,2010-12-13T00:00:00Z,4.5,1,0
205,2010-12-06T00:00:00Z,7,2010-12-13T00:00:00Z,5.5,0,0
205,2010-12-06T00:00:00Z,30,2011-01-05T00:00:00Z,3.5,0,0
205,2010-12-06T00:00:00Z,30,2011-01-05T00:00:00Z,4.5,0,0
205,2010-12-06T00:00:00Z,30,2011-01-05T00:00:00Z,5.5,0,0
206,2010-12-13T00:00:00Z,1,2010-12-14T00:00:00Z,3.5,0,0
206,2010-12-13T00:00:00Z,1,2010-12-14T00:00:00Z,4.5,0,0
206,2010-12-13T00:00:00Z,1,2010-12-14T00:00:00Z,5.5,0,0
206,2010-12-13T00:00:00Z,7,2010-12-20T00:00:00Z,3.5,0,0
206,2010-12-13T00:00:00Z,7,2010-12-20T00:00:00Z,4.5,1,0
206,2010-12-13T00:00:00Z,7,2010-12-20T00:00:00Z,5.5,0,0
206,2010-12-13T00:00:00Z,30,2011-01-12T00:00:00Z,3.5,0,0
206,2010-12-13T00:00:00Z,30,2011-01-12T00:00:00Z,4.5,0,0
206,2010-12-13T00:00:00Z,30,2011-01-12T00:00:00Z,5.5,0,0
207,2010-12-20T00:00:00Z,1,2010-12-21T00:00:00Z,3.5,0,0
207,2010-12-20T00:00:00Z,1,2010-12-21T00:00:00Z,4.5,0,0
207,2010-12-20T00:00:00Z,1,2010-12-21T00:00:00Z,5.5,0,0
207,2010-12-20T00:00:00Z,7,2010-12-27T00:00:00Z,3.5,0,0
207,2010-12-20T00:00:00Z,7,2010-12-27T00:00:00Z,4.5,1,0
207,2010-12-20T00:00:00Z,7,2010-12-27T00:00:00Z,5.5,0,0
207,2010-12-20T00:00:00Z,30,2011-01-19T00:00:00Z,3.5,0,0
207,2010-12-20T00:00:00Z,30,2011-01-19T00:00:00Z,4.5,0,0
207,2010-12-20T00:00:00Z,30,2011-01-19T00:00:00Z,5.5,0,0
208,2010-12-27T00:00:00Z,1,2010-12-28T00:00:00Z,3.5,0,0
208,2010-12-27T00:00:00Z,1,2010-12-28T00:00:00Z,4.5,0,0
208,2010-12-27T00:00:00Z,1,2010-12-28T00:00:00Z,5.5,0,0
208,2010-12-27T00:00:00Z,7,2011-01-03T00:00:00Z,3.5,0,0
208,2010-12-27T00:00:00Z,7,2011-01-03T00:00:00Z,4.5,1,0
208,2010-12-27T00:00:00Z,7,2011-01-03T00:00:00Z,5.5,0,0
208,2010-12-27T00:00:00Z,30,2011-01-26T00:00:00Z,3.5,0,0
208,2010-12-27T00:00:00Z,30,2011-01-26T00:00:00Z,4.5,0,0
208,2010-12-27T00:00:00Z,30,2011-01-26T00:00:00Z,5.5,0,0
209,2011-01-03T00:00:00Z,1,2011-01-04T00:00:00Z,3.5,0,0
209,2011-01-03T00:00:00Z,1,2011-01-04T00:00:00Z,4.5,0,0
209,2011-01-03T00:00:00Z,1,2011-01-04T00:00:00Z,5.5,0,0
209,2011-01-03T00:00:00Z,7,2011-01-10T00:00:00Z,3.5,0,0
209,2011-01-03T00:00:00Z,7,2011-01-10T00:00:00Z,4.5,1,0
209,2011-01-03T00:00:00Z,7,2011-01-10T00:00:00Z,5.5,0,0
209,2011-01-03T00:00:00Z,30,2011-02-02T00:00:00Z,3.5,0,0
209,2011-01-03T00:00:00Z,30,2011-02-02T00:00:00Z,4.5,0,0
209,2011-01-03T00:00:00Z,30,2011-02-02T00:00:00Z,5.5,0,0
210,2011-01-10T00:00:00Z,1,2011-01-11T00:00:00Z,3.5,0,0
210,2011-01-10T00:00:00Z,1,2011-01-11T00:00:00Z,4.5,0,0
210,2011-01-10T00:00:00Z,1,2011-01-11T00:00:00Z,5.5,0,0
210,2011-01-10T00:00:00Z,7,2011-01-17T00:00:00Z,3.5,0,0
210,2011-01-10T00:00:00Z,7,2011-01-17T00:00:00Z,4.5,1,0
210,2011-01-10T00:00:00Z,7,2011-01-17T00:00:00Z,5.5,0,0
210,2011-01-10T00:00:00Z,30,2011-02-09T00:00:00Z,3.5,0,0
210,2011-01-10T00:00:00Z,30,2011-02-09T00:00:00Z,4.5,0,0
210,2011-01-10T00:00:00Z,30,2011-02-09T00:00:00Z,5.5,0,0
211,2011-01-17T00:00:00Z,1,2011-01-18T00:00:00Z,3.5,0,0
211,2011-01-17T00:00:00Z,1,2011-01-18T00:00:00Z,4.5,0,0
211,2011-01-17T00:00:00Z,1,2011-01-18T00:00:00Z,5.5,0,0
211,2011-01-17T00:00:00Z,7,2011-01-24T00:00:00Z,3.5,0,0
211,2011-01-17T00:00:00Z,7,2011-01-24T00:00:00Z,4.5,1,0
211,2011-01-17T00:00:00Z,7,2011-01-24T00:00:00Z,5.5,0,0
211,2011-01-17T00:00:00Z,30,2011-02-16T00:00:00Z,3.5,0,0
211,2011-01-17T00:00:00Z,30,2011-02-16T00:00:00Z,4.5,0,0
211,2011-01-17T00:00:00Z,30,2011-02-16T00:00:00Z,5.5,0,0
212,2011-01-24T00:00:00Z,1,2011-01-25T00:00:00Z,3.5,0,0
212,2011-01-24T00:00:00Z,1,2011-01-25T00:00:00Z,4.5,0,0
212,2011-01-24T00:00:00Z,1,2011-01-25T00:00:00Z,5.5,0,0
212,2011-01-24T00:00:00Z,7,2011-01-31T00:00:00Z,3.5,0,0
212,2011-01-24T00:00:00Z,7,2011-01-31T00:00:00Z,4.5,1,0
212,2011-01-24T00:00:00Z,7,2011-01-31T00:00:00Z,5.5,0,0
212,2011-01-24T00:00:00Z,30,2011-02-23T00:00:00Z,3.5,0,0
212,2011-01-24T00:00:00Z,30,2011-02-23T00:00:00Z,4.5,0,0
212,2011-01-24T00:00:00Z,30,2011-02-23T00:00:00Z,5.5,0,0
213,2011-01-31T00:00:00Z,1,2011-02-01T00:00:00Z,3.5,0,0
213,2011-01-31T00:00:00Z,1,2011-02-01T00:00:00Z,4.5,0,0
213,2011-01-31T00:00:00Z,1,2011-02-01T00:00:00Z,5.5,0,0
213,2011-01-31T00:00:00Z,7,2011-02-07T00:00:00Z,3.5,0,0
213,2011-01-31T00:00:00Z,7,2011-02-07T00:00:00Z,4.5,1,0
213,2011-01-31T00:00:00Z,7,2011-02-07T00:00:00Z,5.5,0,0
213,2011-01-31T00:00:00Z,30,2011-03-02T00:00:00Z,3.5,0,0
213,2011-01-31T00:00:00Z,30,2011-03-02T00:00:00Z,4.5,0,0
213,2011-01-31T00:00:00Z,30,2011-03-02T00:00:00Z,5.5,0,0
214,2011-02-07T00:00:00Z,1,2011-02-08T00:00:00Z,3.5,0,0
214,2011-02-07T00:00:00Z,1,2011-02-08T00:00:00Z,4.5,0,0
214,2011-02-07T00:00:00Z,1,2011-02-08T00:00:00Z,5.5,0,0
214,2011-02-07T00:00:00Z,7,2011-02-14T00:00:00Z,3.5,0,0
214,2011-02-07T00:00:00Z,7,2011-02-14T00:00:00Z,4.5,1,0
214,2011-02-07T00:00:00Z,7,2011-02-14T00:00:00Z,5.5,0,0
214,2011-02-07T00:00:00Z,30,2011-03-09T00:00:00Z,3.5,0,0
214,2011-02-07T00:00:00Z,30,2011-03-09T00:00:00Z,4.5,0,0
214,2011-02-07T00:00:00Z,30,2011-03-09T00:00:00Z,5.5,0,0
215,2011-02-14T00:00:00Z,1,2011-02-15T00:00:00Z,3.5,0,0
215,2011-02-14T00:00:00Z,1,2011-02-15T00:00:00Z,4.5,0,0
215,2011-02-14T00:00:00Z,1,2011-02-15T00:00:00Z,5.5,0,0
215,2011-02-14T00:00:00Z,7,2011-02-21T00:00:00Z,3.5,0,0
215,2011-02-14T00:00:00Z,7,2011-02-21T00:00:00Z,4.5,1,0
215,2011-02-14T00:00:00Z,7,2011-02-21T00:00:00Z,5.5,0,0
215,2011-02-14T00:00:00Z,30,2011-03-16T00:00:00Z,3.5,0,0
215,2011-02-14T00:00:00Z,30,2011-03-16T00:00:00Z,4.5,0,0
215,2011-02-14T00:00:00Z,30,2011-03-16T00:00:00Z,5.5,0,0
216,2011-02-21T00:00:00Z,1,2011-02-22T00:00:00Z,3.5,0,0
216,2011-02-21T00:00:00Z,1,2011-02-22T00:00:00Z,4.5,0,0
216,2011-02-21T00:00:00Z,1,2011-02-22T00:00:00Z,5.5,0,0
216,2011-02-21T00:00:00Z,7,2011-02-28T00:00:00Z,3.5,0,0
216,2011-02-21T00:00:00Z,7,2011-02-28T00:00:00Z,4.5,1,0
216,2011-02-21T00:00:00Z,7,2011-02-28T00:00:00Z,5.5,0,0
216,2011-02-21T00:00:00Z,30,2011-03-23T00:00:00Z,3.5,0,0
216,2011-02-21T00:00:00Z,30,2011-03-23T00:00:00Z,4.5,0,0
216,2011-02-21T00:00:00Z,30,2011-03-23T00:00:00Z,5.5,0,0
217,2011-02-28T00:00:00Z,1,2011-03-01T00:00:00Z,3.5,0,0
217,2011-02-28T00:00:00Z,1,2011-03-01T00:00:00Z,4.5,0,0
217,2011-02-28T00:00:00Z,1,2011-03-01T00:00:00Z,5.5,0,0
217,2011-02-28T00:00:00Z,7,2011-03-07T00:00:00Z,3.5,0,0
217,2011-02-28T00:00:00Z,7,2011-03-07T00:00:00Z,4.5,1,0
217,2011-02-28T00:00:00Z,7,2011-03-07T00:00:00Z,5.5,0,0
217,2011-02-28T00:00:00Z,30,2011-03-30T00:00:00Z,3.5,0,0
217,2011-02-28T00:00:00Z,30,2011-03-30T00:00:00Z,4.5,0,0
217,2011-02-28T00:00:00Z,30,2011-03-30T00:00:00Z,5.5,0,0
218,2011-03-07T00:00:00Z,1,2011-03-08T00:00:00Z,3.5,0,0
218,2011-03-07T00:00:00Z,1,2011-03-08T00:00:00Z,4.5,0,0
218,2011-03-07T00:00:00Z,1,2011-03-08T00:00:00Z,5.5,0,0
218,2011-03-07T00:00:00Z,7,2011-03-14T00:00:00Z,3.5,0,0
218,2011-03-07T00:00:00Z,7,2011-03-14T00:00:00Z,4.5,1,0
218,2011-03-07T00:00:00Z,7,2011-03-14T00:00:00Z,5.5,0,0
218,2011-03-07T00:00:00Z,30,2011-04-06T00:00:00Z,3.5,0,0
218,2011-03-07T00:00:00Z,30,2011-04-06T00:00:00Z,4.5,0,0
218,2011-03-07T00:00:00Z,30,2011-04-06T00:00:00Z,5.5,0,0
219,2011-03-14T00:00:00Z,1,2011-03-15T00:00:00Z,3.5,0,0
219,2011-03-14T00:00:00Z,1,2011-03-15T00:00:00Z,4.5,0,0
219,2011-03-14T00:00:00Z,1,2011-03-15T00:00:00Z,5.5,0,0
219,2011-03-14T00:00:00Z,7,2011-03-21T00:00:00Z,3.5,0,0
219,2011-03-14T00:00:00Z,7,2011-03-21T00:00:00Z,4.5,1,0
219,2011-03-14T00:00:00Z,7,2011-03-21T00:00:00Z,5.5,0,0
219,2011-03-14T00:00:00Z,30,2011-04-13T00:00:00Z,3.5,0,0
219,2011-03-14T00:00:00Z,30,2011-04-13T00:00:00Z,4.5,0,0
219,2011-03-14T00:00:00Z,30,2011-04-13T00:00:00Z,5.5,0,0
220,2011-03-21T00:00:00Z,1,2011-03-22T00:00:00Z,3.5,0,1
220,2011-03-21T00:00:00Z,1,2011-03-22T00:00:00Z,4.5,0,1
220,2011-03-21T00:00:00Z,1,2011-03-22T00:00:00Z,5.5,0,1
220,2011-03-21T00:00:00Z,7,2011-03-28T00:00:00Z,3.5,0,1
220,2011-03-21T00:00:00Z,7,2011-03-28T00:00:00Z,4.5,1,1
220,2011-03-21T00:00:00Z,7,2011-03-28T00:00:00Z,5.5,0,1
220,2011-03-21T00:00:00Z,30,2011-04-20T00:00:00Z,3.5,0,1
220,2011-03-21T00:00:00Z,30,2011-04-20T00:00:00Z,4.5,0,1
220,2011-03-21T00:00:00Z,30,2011-04-20T00:00:00Z,5.5,0,1
221,2011-03-28T00:00:00Z,1,2011-03-29T00:00:00Z,3.5,0,0
221,2011-03-28T00:00:00Z,1,2011-03-29T00:00:00Z,4.5,0,0
221,2011-03-28T00:00:00Z,1,2011-03-29T00:00:00Z,5.5,0,0
221,2011-03-28T00:00:00Z,7,2011-04-04T00:00:00Z,3.5,0,0
221,2011-03-28T00:00:00Z,7,2011-04-04T00:00:00Z,4.5,1,0
221,2011-03-28T00:00:00Z,7,2011-04-04T00:00:00Z,5.5,0,0
221,2011-03-28T00:00:00Z,30,2011-04-27T00:00:00Z,3.5,0,0
221,2011-03-28T00:00:00Z,30,2011-04-27T00:00:00Z,4.5,0,0
221,2011-03-28T00:00:00Z,30,2011-04-27T00:00:00Z,5.5,0,0
222,2011-04-04T00:00:00Z,1,2011-04-05T00:00:00Z,3.5,0,0
222,2011-04-04T00:00:00Z,1,2011-04-05T00:00:00Z,4.5,0,0
222,2011-04-04T00:00:00Z,1,2011-04-05T00:00:00Z,5.5,0,0
222,2011-04-04T00:00:00Z,7,2011-04-11T00:00:00Z,3.5,0,0
222,2011-04-04T00:00:00Z,7,2011-04-11T00:00:00Z,4.5,1,0
222,2011-04-04T00:00:00Z,7,2011-04-11T00:00:00Z,5.5,0,0
222,2011-04-04T00:00:00Z,30,2011-05-04T00:00:00Z,3.5,0,0
222,2011-04-04T00:00:00Z,30,2011-05-04T00:00:00Z,4.5,0,0
222,2011-04-04T00:00:00Z,30,2011-05-04T00:00:00Z,5.5,0,0
223,2011-04-11T00:00:00Z,1,2011-04-12T00:00:00Z,3.5,0,0
223,2011-04-11T00:00:00Z,1,2011-04-12T00:00:00Z,4.5,0,0
223,2011-04-11T00:00:00Z,1,2011-04-12T00:00:00Z,5.5,0,0
223,2011-04-11T00:00:00Z,7,2011-04-18T00:00:00Z,3.5,0,0
223,2011-04-11T00:00:00Z,7,2011-04-18T00:00:00Z,4.5,1,0
223,2011-04-11T00:00:00Z,7,2011-04-18T00:00:00Z,5.5,0,0
223,2011-04-11T00:00:00Z,30,2011-05-11T00:00:00Z,3.5,0,0
223,2011-04-11T00:00:00Z,30,2011-05-11T00:00:00Z,4.5,0,0
223,2011-04-11T00:00:00Z,30,2011-05-11T00:00:00Z,5.5,0,0
224,2011-04-18T00:00:00Z,1,2011-04-19T00:00:00Z,3.5,0,0
224,2011-04-18T00:00:00Z,1,2011-04-19T00:00:00Z,4.5,0,0
224,2011-04-18T00:00:00Z,1,2011-04-19T00:00:00Z,5.5,0,0
224,2011-04-18T00:00:00Z,7,2011-04-25T00:00:00Z,3.5,0,0
224,2011-04-18T00:00:00Z,7,2011-04-25T00:00:00Z,4.5,1,0
224,2011-04-18T00:00:00Z,7,2011-04-25T00:00:00Z,5.5,0,0
224,2011-04-18T00:00:00Z,30,2011-05-18T00:00:00Z,3.5,0,0
224,2011-04-18T00:00:00Z,30,2011-05-18T00:00:00Z,4.5,0,0
224,2011-04-18T00:00:00Z,30,2011-05-18T00:00:00Z,5.5,0,0
225,2011-04-25T00:00:00Z,1,2011-04-26T00:00:00Z,3.5,0,0
225,2011-04-25T00:00:00Z,1,2011-04-26T00:00:00Z,4.5,0,0
225,2011-04-25T00:00:00Z,1,2011-04-26T00:00:00Z,5.5,0,0
225,2011-04-25T00:00:00Z,7,2011-05-02T00:00:00Z,3.5,0,0
225,2011-04-25T00:00:00Z,7,2011-05-02T00:00:00Z,4.5,1,0
225,2011-04-25T00:00:00Z,7,2011-05-02T00:00:00Z,5.5,0,0
225,2011-04-25T00:00:00Z,30,2011-05-25T00:00:00Z,3.5,0,0
225,2011-04-25T00:00:00Z,30,2011-05-25T00:00:00Z,4.5,0,0
225,2011-04-25T00:00:00Z,30,2011-05-25T00:00:00Z,5.5,0,0
226,2011-05-02T00:00:00Z,1,2011-05-03T00:00:00Z,3.5,0,0
226,2011-05-02T00:00:00Z,1,2011-05-03T00:00:00Z,4.5,0,0
226,2011-05-02T00:00:00Z,1,2011-05-03T00:00:00Z,5.5,0,0
226,2011-05-02T00:00:00Z,7,2011-05-09T00:00:00Z,3.5,0,0
226,2011-05-02T00:00:00Z,7,2011-05-09T00:00:00Z,4.5,1,0
226,2011-05-02T00:00:00Z,7,2011-05-09T00:00:00Z,5.5,0,0
226,2011-05-02T00:00:00Z,30,2011-06-01T00:00:00Z,3.5,0,0
226,2011-05-02T00:00:00Z,30,2011-06-01T00:00:00Z,4.5,0,0
226,2011-05-02T00:00:00Z,30,2011-06-01T00:00:00Z,5.5,0,0
227,2011-05-09T00:00:00Z,1,2011-05-10T00:00:00Z,3.5,0,0
227,2011-05-09T00:00:00Z,1,2011-05-10T00:00:00Z,4.5,0,0
227,2011-05-09T00:00:00Z,1,2011-05-10T00:00:00Z,5.5,0,0
227,2011-05-09T00:00:00Z,7,2011-05-16T00:00:00Z,3.5,0,0
227,2011-05-09T00:00:00Z,7,2011-05-16T00:00:00Z,4.5,1,0
227,2011-05-09T00:00:00Z,7,2011-05-16T00:00:00Z,5.5,0,0
227,2011-05-09T00:00:00Z,30,2011-06-08T00:00:00Z,3.5,0,0
227,2011-05-09T00:00:00Z,30,2011-06-08T00:00:00Z,4.5,0,0
227,2011-05-09T00:00:00Z,30,2011-06-08T00:00:00Z,5.5,0,0
228,2011-05-16T00:00:00Z,1,2011-05-17T00:00:00Z,3.5,0,0
228,2011-05-16T00:00:00Z,1,2011-05-17T00:00:00Z,4.5,0,0
228,2011-05-16T00:00:00Z,1,2011-05-17T00:00:00Z,5.5,0,0
228,2011-05-16T00:00:00Z,7,2011-05-23T00:00:00Z,3.5,0,0
228,2011-05-16T00:00:00Z,7,2011-05-23T00:00:00Z,4.5,1,0
228,2011-05-16T00:00:00Z,7,2011-05-23T00:00:00Z,5.5,0,0
228,2011-05-16T00:00:00Z,30,2011-06-15T00:00:00Z,3.5,0,0
228,2011-05-16T00:00:00Z,30,2011-06-15T00:00:00Z,4.5,0,0
228,2011-05-16T00:00:00Z,30,2011-06-15T00:00:00Z,5.5,0,0
229,2011-05-23T00:00:00Z,1,2011-05-24T00:00:00Z,3.5,0,0
229,2011-05-23T00:00:00Z,1,2011-05-24T00:00:00Z,4.5,0,0
229,2011-05-23T00:00:00Z,1,2011-05-24T00:00:00Z,5.5,0,0
229,2011-05-23T00:00:00Z,7,2011-05-30T00:00:00Z,3.5,0,0
229,2011-05-23T00:00:00Z,7,2011-05-30T00:00:00Z,4.5,1,0
229,2011-05-23T00:00:00Z,7,2011-05-30T00:00:00Z,5.5,0,0
229,2011-05-23T00:00:00Z,30,2011-06-22T00:00:00Z,3.5,0,0
229,2011-05-23T00:00:00Z,30,2011-06-22T00:00:00Z,4.5,0,0
229,2011-05-23T00:00:00Z,30,2011-06-22T00:00:00Z,5.5,0,0
230,2011-05-30T00:00:00Z,1,2011-05-31T00:00:00Z,3.5,0,0
230,2011-05-30T00:00:00Z,1,2011-05-31T00:00:00Z,4.5,0,0
230,2011-05-30T00:00:00Z,1,2011-05-31T00:00:00Z,5.5,0,0
230,2011-05-30T00:00:00Z,7,2011-06-06T00:00:00Z,3.5,0,0
230,2011-05-30T00:00:00Z,7,2011-06-06T00:00:00Z,4.5,1,0
230,2011-05-30T00:00:00Z,7,2011-06-06T00:00:00Z,5.5,0,0
230,2011-05-30T00:00:00Z,30,2011-06-29T00:00:00Z,3.5,0,0
230,2011-05-30T00:00:00Z,30,2011-06-29T00:00:00Z,4.5,0,0
230,2011-05-30T00:00:00Z,30,2011-06-29T00:00:00Z,5.5,0,0
231,2011-06-06T00:00:00Z,1,2011-06-07T00:00:00Z,3.5,0,0
231,2011-06-06T00:00:00Z,1,2011-06-07T00:00:00Z,4.5,0,0
231,2011-06-06T00:00:00Z,1,2011-06-07T00:00:00Z,5.5,0,0
231,2011-06-06T00:00:00Z,7,2011-06-13T00:00:00Z,3.5,0,0
231,2011-06-06T00:00:00Z,7,2011-06-13T00:00:00Z,4.5,1,0
231,2011-06-06T00:00:00Z,7,2011-06-13T00:00:00Z,5.5,0,0
231,2011-06-06T00:00:00Z,30,2011-07-06T00:00:00Z,3.5,0,0
231,2011-06-06T00:00:00Z,30,2011-07-06T00:00:00Z,4.5,0,0
231,2011-06-06T00:00:00Z,30,2011-07-06T00:00:00Z,5.5,0,0
232,2011-06-13T00:00:00Z,1,2011-06-14T00:00:00Z,3.5,0,0
232,2011-06-13T00:00:00Z,1,2011-06-14T00:00:00Z,4.5,0,0
232,2011-06-13T00:00:00Z,1,2011-06-14T00:00:00Z,5.5,0,0
232,2011-06-13T00:00:00Z,7,2011-06-20T00:00:00Z,3.5,0,0
232,2011-06-13T00:00:00Z,7,2011-06-20T00:00:00Z,4.5,1,0
232,2011-06-13T00:00:00Z,7,2011-06-20T00:00:00Z,5.5,0,0
232,2011-06-13T00:00:00Z,30,2011-07-13T00:00:00Z,3.5,0,0
232,2011-06-13T00:00:00Z,30,2011-07-13T00:00:00Z,4.5,0,0
232,2011-06-13T00:00:00Z,30,2011-07-13T00:00:00Z,5.5,0,0
233,2011-06-20T00:00:00Z,1,2011-06-21T00:00:00Z,3.5,0,0
233,2011-06-20T00:00:00Z,1,2011-06-21T00:00:00Z,4.5,0,0
233,2011-06-20T00:00:00Z,1,2011-06-21T00:00:00Z,5.5,0,0
233,2011-06-20T00:00:00Z,7,2011-06-27T00:00:00Z,3.5,0,0
233,2011-06-20T00:00:00Z,7,2011-06-27T00:00:00Z,4.5,1,0
233,2011-06-20T00:00:00Z,7,2011-06-27T00:00:00Z,5.5,0,0
233,2011-06-20T00:00:00Z,30,2011-07-20T00:00:00Z,3.5,0,0
233,2011-06-20T00:00:00Z,30,2011-07-20T00:00:00Z,4.5,0,0
233,2011-06-20T00:00:00Z,30,2011-07-20T00:00:00Z,5.5,0,0
234,2011-06-27T00:00:00Z,1,2011-06-28T00:00:00Z,3.5,0,0
234,2011-06-27T00:00:00Z,1,2011-06-28T00:00:00Z,4.5,0,0
234,2011-06-27T00:00:00Z,1,2011-06-28T00:00:00Z,5.5,0,0
234,2011-06-27T00:00:00Z,7,2011-07-04T00:00:00Z,3.5,0,0
234,2011-06-27T00:00:00Z,7,2011-07-04T00:00:00Z,4.5,1,0
234,2011-06-27T00:00:00Z,7,2011-07-04T00:00:00Z,5.5,0,0
234,2011-06-27T00:00:00Z,30,2011-07-27T00:00:00Z,3.5,0,0
234,2011-06-27T00:00:00Z,30,2011-07-27T00:00:00Z,4.5,0,0
234,2011-06-27T00:00:00Z,30,2011-07-27T00:00:00Z,5.5,0,0
235,2011-07-04T00:00:00Z,1,2011-07-05T00:00:00Z,3.5,0,0
235,2011-07-04T00:00:00Z,1,2011-07-05T00:00:00Z,4.5,0,0
235,2011-07-04T00:00:00Z,1,2011-07-05T00:00:00Z,5.5,0,0
235,2011-07-04T00:00:00Z,7,2011-07-11T00:00:00Z,3.5,0,0
235,2011-07-04T00:00:00Z,7,2011-07-11T00:00:00Z,4.5,1,0
235,2011-07-04T00:00:00Z,7,2011-07-11T00:00:00Z,5.5,0,0
235,2011-07-04T00:00:00Z,30,2011-08-03T00:00:00Z,3.5,0,0
235,2011-07-04T00:00:00Z,30,2011-08-03T00:00:00Z,4.5,0,0
235,2011-07-04T00:00:00Z,30,2011-08-03T00:00:00Z,5.5,0,0
236,2011-07-11T00:00:00Z,1,2011-07-12T00:00:00Z,3.5,0,0
236,2011-07-11T00:00:00Z,1,2011-07-12T00:00:00Z,4.5,0,0
236,2011-07-11T00:00:00Z,1,2011-07-12T00:00:00Z,5.5,0,0
236,2011-07-11T00:00:00Z,7,2011-07-18T00:00:00Z,3.5,0,0
236,2011-07-11T00:00:00Z,7,2011-07-18T00:00:00Z,4.5,1,0
236,2011-07-11T00:00:00Z,7,2011-07-18T00:00:00Z,5.5,0,0
236,2011-07-11T00:00:00Z,30,2011-08-10T00:00:00Z,3.5,0,0
236,2011-07-11T00:00:00Z,30,2011-08-10T00:00:00Z,4.5,0,0
236,2011-07-11T00:00:00Z,30,2011-08-10T00:00:00Z,5.5,0,0
237,2011-07-18T00:00:00Z,1,2011-07-19T00:00:00Z,3.5,0,0
237,2011-07-18T00:00:00Z,1,2011-07-19T00:00:00Z,4.5,0,0
237,2011-07-18T00:00:00Z,1,2011-07-19T00:00:00Z,5.5,0,0
237,2011-07-18T00:00:00Z,7,2011-07-25T00:00:00Z,3.5,0,0
237,2011-07-18T00:00:00Z,7,2011-07-25T00:00:00Z,4.5,1,0
237,2011-07-18T00:00:00Z,7,2011-07-25T00:00:00Z,5.5,0,0
237,2011-07-18T00:00:00Z,30,2011-08-17T00:00:00Z,3.5,0,0
237,2011-07-18T00:00:00Z,30,2011-08-17T00:00:00Z,4.5,0,0
237,2011-07-18T00:00:00Z,30,2011-08-17T00:00:00Z,5.5,0,0
238,2011-07-25T00:00:00Z,1,2011-07-26T00:00:00Z,3.5,0,0
238,2011-07-25T00:00:00Z,1,2011-07-26T00:00:00Z,4.5,0,0
238,2011-07-25T00:00:00Z,1,2011-07-26T00:00:00Z,5.5,0,0
238,2011-07-25T00:00:00Z,7,2011-08-01T00:00:00Z,3.5,0,0
238,2011-07-25T00:00:00Z,7,2011-08-01T00:00:00Z,4.5,1,0
238,2011-07-25T00:00:00Z,7,2011-08-01T00:00:00Z,5.5,0,0
238,2011-07-25T00:00:00Z,30,2011-08-24T00:00:00Z,3.5,0,0
238,2011-07-25T00:00:00Z,30,2011-08-24T00:00:00Z,4.5,0,0
238,2011-07-25T00:00:00Z,30,2011-08-24T00:00:00Z,5.5,0,0
239,2011-08-01T00:00:00Z,1,2011-08-02T00:00:00Z,3.5,0,0
239,2011-08-01T00:00:00Z,1,2011-08-02T00:00:00Z,4.5,0,0
239,2011-08-01T00:00:00Z,1,2011-08-02T00:00:00Z,5.5,0,0
239,2011-08-01T00:00:00Z,7,2011-08-08T00:00:00Z,3.5,0,0
239,2011-08-01T00:00:00Z,7,2011-08-08T00:00:00Z,4.5,1,0
239,2011-08-01T00:00:00Z,7,2011-08-08T00:00:00Z,5.5,0,0
239,2011-08-01T00:00:00Z,30,2011-08-31T00:00:00Z,3.5,0,0
239,2011-08-01T00:00:00Z,30,2011-08-31T00:00:00Z,4.5,0,0
239,2011-08-01T00:00:00Z,30,2011-08-31T00:00:00Z,5.5,0,0
240,2011-08-08T00:00:00Z,1,2011-08-09T00:00:00Z,3.5,0,1
240,2011-08-08T00:00:00Z,1,2011-08-09T00:00:00Z,4.5,0,1
240,2011-08-08T00:00:00Z,1,2011-08-09T00:00:00Z,5.5,0,1
240,2011-08-08T00:00:00Z,7,2011-08-15T00:00:00Z,3.5,0,1
240,2011-08-08T00:00:00Z,7,2011-08-15T00:00:00Z,4.5,1,1
240,2011-08-08T00:00:00Z,7,2011-08-15T00:00:00Z,5.5,0,1
240,2011-08-08T00:00:00Z,30,2011-09-07T00:00:00Z,3.5,0,1
240,2011-08-08T00:00:00Z,30,2011-09-07T00:00:00Z,4.5,0,1
240,2011-08-08T00:00:00Z,30,2011-09-07T00:00:00Z,5.5,0,1
241,2011-08-15T00:00:00Z,1,2011-08-16T00:00:00Z,3.5,0,0
241,2011-08-15T00:00:00Z,1,2011-08-16T00:00:00Z,4.5,0,0
241,2011-08-15T00:00:00Z,1,2011-08-16T00:00:00Z,5.5,0,0
241,2011-08-15T00:00:00Z,7,2011-08-22T00:00:00Z,3.5,0,0
241,2011-08-15T00:00:00Z,7,2011-08-22T00:00:00Z,4.5,1,0
241,2011-08-15T00:00:00Z,7,2011-08-22T00:00:00Z,5.5,0,0
241,2011-08-15T00:00:00Z,30,2011-09-14T00:00:00Z,3.5,0,0
241,2011-08-15T00:00:00Z,30,2011-09-14T00:00:00Z,4.5,0,0
241,2011-08-15T00:00:00Z,30,2011-09-14T00:00:00Z,5.5,0,0
242,2011-08-22T00:00:00Z,1,2011-08-23T00:00:00Z,3.5,0,0
242,2011-08-22T00:00:00Z,1,2011-08-23T00:00:00Z,4.5,0,0
242,2011-08-22T00:00:00Z,1,2011-08-23T00:00:00Z,5.5,0,0
242,2011-08-22T00:00:00Z,7,2011-08-29T00:00:00Z,3.5,0,0
242,2011-08-22T00:00:00Z,7,2011-08-29T00:00:00Z,4.5,1,0
242,2011-08-22T00:00:00Z,7,2011-08-29T00:00:00Z,5.5,0,0
242,2011-08-22T00:00:00Z,30,2011-09-21T00:00:00Z,3.5,0,0
242,2011-08-22T00:00:00Z,30,2011-09-21T00:00:00Z,4.5,0,0
242,2011-08-22T00:00:00Z,30,2011-09-21T00:00:00Z,5.5,0,0
243,2011-08-29T00:00:00Z,1,2011-08-30T00:00:00Z,3.5,0,0
243,2011-08-29T00:00:00Z,1,2011-08-30T00:00:00Z,4.5,0,0
243,2011-08-29T00:00:00Z,1,2011-08-30T00:00:00Z,5.5,0,0
243,2011-08-29T00:00:00Z,7,2011-09-05T00:00:00Z,3.5,0,0
243,2011-08-29T00:00:00Z,7,2011-09-05T00:00:00Z,4.5,1,0
243,2011-08-29T00:00:00Z,7,2011-09-05T00:00:00Z,5.5,0,0
243,2011-08-29T00:00:00Z,30,2011-09-28T00:00:00Z,3.5,0,0
243,2011-08-29T00:00:00Z,30,2011-09-28T00:00:00Z,4.5,0,0
243,2011-08-29T00:00:00Z,30,2011-09-28T00:00:00Z,5.5,0,0
244,2011-09-05T00:00:00Z,1,2011-09-06T00:00:00Z,3.5,0,0
244,2011-09-05T00:00:00Z,1,2011-09-06T00:00:00Z,4.5,0,0
244,2011-09-05T00:00:00Z,1,2011-09-06T00:00:00Z,5.5,0,0
244,2011-09-05T00:00:00Z,7,2011-09-12T00:00:00Z,3.5,0,0
244,2011-09-05T00:00:00Z,7,2011-09-12T00:00:00Z,4.5,1,0
244,2011-09-05T00:00:00Z,7,2011-09-12T00:00:00Z,5.5,0,0
244,2011-09-05T00:00:00Z,30,2011-10-05T00:00:00Z,3.5,0,0
244,2011-09-05T00:00:00Z,30,2011-10-05T00:00:00Z,4.5,0,0
244,2011-09-05T00:00:00Z,30,2011-10-05T00:00:00Z,5.5,0,0
245,2011-09-12T00:00:00Z,1,2011-09-13T00:00:00Z,3.5,0,0
245,2011-09-12T00:00:00Z,1,2011-09-13T00:00:00Z,4.5,0,0
245,2011-09-12T00:00:00Z,1,2011-09-13T00:00:00Z,5.5,0,0
245,2011-09-12T00:00:00Z,7,2011-09-19T00:00:00Z,3.5,0,0
245,2011-09-12T00:00:00Z,7,2011-09-19T00:00:00Z,4.5,1,0
245,2011-09-12T00:00:00Z,7,2011-09-19T00:00:00Z,5.5,0,0
245,2011-09-12T00:00:00Z,30,2011-10-12T00:00:00Z,3.5,0,0
245,2011-09-12T00:00:00Z,30,2011-10-12T00:00:00Z,4.5,0,0
245,2011-09-12T00:00:00Z,30,2011-10-12T00:00:00Z,5.5,0,0
246,2011-09-19T00:00:00Z,1,2011-09-20T00:00:00Z,3.5,0,0
246,2011-09-19T00:00:00Z,1,2011-09-20T00:00:00Z,4.5,0,0
246,2011-09-19T00:00:00Z,1,2011-09-20T00:00:00Z,5.5,0,0
246,2011-09-19T00:00:00Z,7,2011-09-26T00:00:00Z,3.5,0,0
246,2011-09-19T00:00:00Z,7,2011-09-26T00:00:00Z,4.5,1,0
246,2011-09-19T00:00:00Z,7,2011-09-26T00:00:00Z,5.5,0,0
246,2011-09-19T00:00:00Z,30,2011-10-19T00:00:00Z,3.5,0,0
246,2011-09-19T00:00:00Z,30,2011-10-19T00:00:00Z,4.5,0,0
246,2011-09-19T00:00:00Z,30,2011-10-19T00:00:00Z,5.5,0,0
247,2011-09-26T00:00:00Z,1,2011-09-27T00:00:00Z,3.5,0,0
247,2011-09-26T00:00:00Z,1,2011-09-27T00:00:00Z,4.5,0,0
247,2011-09-26T00:00:00Z,1,2011-09-27T00:00:00Z,5.5,0,0
247,2011-09-26T00:00:00Z,7,2011-10-03T00:00:00Z,3.5,0,0
247,2011-09-26T00:00:00Z,7,2011-10-03T00:00:00Z,4.5,1,0
247,2011-09-26T00:00:00Z,7,2011-10-03T00:00:00Z,5.5,0,0
247,2011-09-26T00:00:00Z,30,2011-10-26T00:00:00Z,3.5,0,0
247,2011-09-26T00:00:00Z,30,2011-10-26T00:00:00Z,4.5,0,0
247,2011-09-26T00:00:00Z,30,2011-10-26T00:00:00Z,5.5,0,0
248,2011-10-03T00:00:00Z,1,2011-10-04T00:00:00Z,3.5,0,0
248,2011-10-03T00:00:00Z,1,2011-10-04T00:00:00Z,4.5,0,0
248,2011-10-03T00:00:00Z,1,2011-10-04T00:00:00Z,5.5,0,0
248,2011-10-03T00:00:00Z,7,2011-10-10T00:00:00Z,3.5,0,0
248,2011-10-03T00:00:00Z,7,2011-10-10T00:00:00Z,4.5,1,0
248,2011-10-03T00:00:00Z,7,2011-10-10T00:00:00Z,5.5,0,0
248,2011-10-03T00:00:00Z,30,2011-11-02T00:00:00Z,3.5,0,0
248,2011-10-03T00:00:00Z,30,2011-11-02T00:00:00Z,4.5,0,0
248,2011-10-03T00:00:00Z,30,2011-11-02T00:00:00Z,5.5,0,0
249,2011-10-10T00:00:00Z,1,2011-10-11T00:00:00Z,3.5,0,0
249,2011-10-10T00:00:00Z,1,2011-10-11T00:00:00Z,4.5,0,0
249,2011-10-10T00:00:00Z,1,2011-10-11T00:00:00Z,5.5,0,0
249,2011-10-10T00:00:00Z,7,2011-10-17T00:00:00Z,3.5,0,0
249,2011-10-10T00:00:00Z,7,2011-10-17T00:00:00Z,4.5,1,0
249,2011-10-10T00:00:00Z,7,2011-10-17T00:00:00Z,5.5,0,0
249,2011-10-10T00:00:00Z,30,2011-11-09T00:00:00Z,3.5,0,0
249,2011-10-10T00:00:00Z,30,2011-11-09T00:00:00Z,4.5,0,0
249,2011-10-10T00:00:00Z,30,2011-11-09T00:00:00Z,5.5,0,0
250,2011-10-17T00:00:00Z,1,2011-10-18T00:00:00Z,3.5,0,0
250,2011-10-17T00:00:00Z,1,2011-10-18T00:00:00Z,4.5,0,0
250,2011-10-17T00:00:00Z,1,2011-10-18T00:00:00Z,5.5,0,0
250,2011-10-17T00:00:00Z,7,2011-10-24T00:00:00Z,3.5,0,0
250,2011-10-17T00:00:00Z,7,2011-10-24T00:00:00Z,4.5,1,0
250,2011-10-17T00:00:00Z,7,2011-10-24T00:00:00Z,5.5,0,0
250,2011-10-17T00:00:00Z,30,2011-11-16T00:00:00Z,3.5,0,0
250,2011-10-17T00:00:00Z,30,2011-11-16T00:00:00Z,4.5,0,0
250,2011-10-17T00:00:00Z,30,2011-11-16T00:00:00Z,5.5,0,0
251,2011-10-24T00:00:00Z,1,2011-10-25T00:00:00Z,3.5,0,0
251,2011-10-24T00:00:00Z,1,2011-10-25T00:00:00Z,4.5,0,0
251,2011-10-24T00:00:00Z,1,2011-10-25T00:00:00Z,5.5,0,0
251,2011-10-24T00:00:00Z,7,2011-10-31T00:00:00Z,3.5,0,0
251,2011-10-24T00:00:00Z,7,2011-10-31T00:00:00Z,4.5,1,0
251,2011-10-24T00:00:00Z,7,2011-10-31T00:00:00Z,5.5,0,0
251,2011-10-24T00:00:00Z,30,2011-11-23T00:00:00Z,3.5,0,0
251,2011-10-24T00:00:00Z,30,2011-11-23T00:00:00Z,4.5,0,0
251,2011-10-24T00:00:00Z,30,2011-11-23T00:00:00Z,5.5,0,0
252,2011-10-31T00:00:00Z,1,2011-11-01T00:00:00Z,3.5,0,0
252,2011-10-31T00:00:00Z,1,2011-11-01T00:00:00Z,4.5,0,0
252,2011-10-31T00:00:00Z,1,2011-11-01T00:00:00Z,5.5,0,0
252,2011-10-31T00:00:00Z,7,2011-11-07T00:00:00Z,3.5,0,0
252,2011-10-31T00:00:00Z,7,2011-11-07T00:00:00Z,4.5,1,0
252,2011-10-31T00:00:00Z,7,2011-11-07T00:00:00Z,5.5,0,0
252,2011-10-31T00:00:00Z,30,2011-11-30T00:00:00Z,3.5,0,0
252,2011-10-31T00:00:00Z,30,2011-11-30T00:00:00Z,4.5,0,0
252,2011-10-31T00:00:00Z,30,2011-11-30T00:00:00Z,5.5,0,0
253,2011-11-07T00:00:00Z,1,2011-11-08T00:00:00Z,3.5,0,0
253,2011-11-07T00:00:00Z,1,2011-11-08T00:00:00Z,4.5,0,0
253,2011-11-07T00:00:00Z,1,2011-11-08T00:00:00Z,5.5,0,0
253,2011-11-07T00:00:00Z,7,2011-11-14T00:00:00Z,3.5,0,0
253,2011-11-07T00:00:00Z,7,2011-11-14T00:00:00Z,4.5,1,0
253,2011-11-07T00:00:00Z,7,2011-11-14T00:00:00Z,5.5,0,0
253,2011-11-07T00:00:00Z,30,2011-12-07T00:00:00Z,3.5,0,0
253,2011-11-07T00:00:00Z,30,2011-12-07T00:00:00Z,4.5,0,0
253,2011-11-07T00:00:00Z,30,2011-12-07T00:00:00Z,5.5,0,0
254,2011-11-14T00:00:00Z,1,2011-11-15T00:00:00Z,3.5,0,0
254,2011-11-14T00:00:00Z,1,2011-11-15T00:00:00Z,4.5,0,0
254,2011-11-14T00:00:00Z,1,2011-11-15T00:00:00Z,5.5,0,0
254,2011-11-14T00:00:00Z,7,2011-11-21T00:00:00Z,3.5,0,0
254,2011-11-14T00:00:00Z,7,2011-11-21T00:00:00Z,4.5,1,0
254,2011-11-14T00:00:00Z,7,2011-11-21T00:00:00Z,5.5,0,0
254,2011-11-14T00:00:00Z,30,2011-12-14T00:00:00Z,3.5,0,0
254,2011-11-14T00:00:00Z,30,2011-12-14T00:00:00Z,4.5,0,0
254,2011-11-14T00:00:00Z,30,2011-12-14T00:00:00Z,5.5,0,0
255,2011-11-21T00:00:00Z,1,2011-11-22T00:00:00Z,3.5,0,0
255,2011-11-21T00:00:00Z,1,2011-11-22T00:00:00Z,4.5,0,0
255,2011-11-21T00:00:00Z,1,2011-11-22T00:00:00Z,5.5,0,0
255,2011-11-21T00:00:00Z,7,2011-11-28T00:00:00Z,3.5,0,0
255,2011-11-21T00:00:00Z,7,2011-11-28T00:00:00Z,4.5,1,0
255,2011-11-21T00:00:00Z,7,2011-11-28T00:00:00Z,5.5,0,0
255,2011-11-21T00:00:00Z,30,2011-12-21T00:00:00Z,3.5,0,0
255,2011-11-21T00:00:00Z,30,2011-12-21T00:00:00Z,4.5,0,0
255,2011-11-21T00:00:00Z,30,2011-12-21T00:00:00Z,5.5,0,0
256,2011-11-28T00:00:00Z,1,2011-11-29T00:00:00Z,3.5,0,0
256,2011-11-28T00:00:00Z,1,2011-11-29T00:00:00Z,4.5,0,0
256,2011-11-28T00:00:00Z,1,2011-11-29T00:00:00Z,5.5,0,0
256,2011-11-28T00:00:00Z,7,2011-12-05T00:00:00Z,3.5,0,0
256,2011-11-28T00:00:00Z,7,2011-12-05T00:00:00Z,4.5,1,0
256,2011-11-28T00:00:00Z,7,2011-12-05T00:00:00Z,5.5,0,0
256,2011-11-28T00:00:00Z,30,2011-12-28T00:00:00Z,3.5,0,0
256,2011-11-28T00:00:00Z,30,2011-12-28T00:00:00Z,4.5,0,0
256,2011-11-28T00:00:00Z,30,2011-12-28T00:00:00Z,5.5,0,0
257,2011-12-05T00:00:00Z,1,2011-12-06T00:00:00Z,3.5,0,0
257,2011-12-05T00:00:00Z,1,2011-12-06T00:00:00Z,4.5,0,0
257,2011-12-05T00:00:00Z,1,2011-12-06T00:00:00Z,5.5,0,0
257,2011-12-05T00:00:00Z,7,2011-12-12T00:00:00Z,3.5,0,0
257,2011-12-05T00:00:00Z,7,2011-12-12T00:00:00Z,4.5,1,0
257,2011-12-05T00:00:00Z,7,2011-12-12T00:00:00Z,5.5,0,0
257,2011-12-05T00:00:00Z,30,2012-01-04T00:00:00Z,3.5,0,0
257,2011-12-05T00:00:00Z,30,2012-01-04T00:00:00Z,4.5,0,0
257,2011-12-05T00:00:00Z,30,2012-01-04T00:00:00Z,5.5,0,0
258,2011-12-12T00:00:00Z,1,2011-12-13T00:00:00Z,3.5,0,0
258,2011-12-12T00:00:00Z,1,2011-12-13T00:00:00Z,4.5,0,0
258,2011-12-12T00:00:00Z,1,2011-12-13T00:00:00Z,5.5,0,0
258,2011-12-12T00:00:00Z,7,2011-12-19T00:00:00Z,3.5,0,0
258,2011-12-12T00:00:00Z,7,2011-12-19T00:00:00Z,4.5,1,0
258,2011-12-12T00:00:00Z,7,2011-12-19T00:00:00Z,5.5,0,0
258,2011-12-12T00:00:00Z,30,2012-01-11T00:00:00Z,3.5,0,0
258,2011-12-12T00:00:00Z,30,2012-01-11T00:00:00Z,4.5,0,0
258,2011-12-12T00:00:00Z,30,2012-01-11T00:00:00Z,5.5,0,0
259,2011-12-19T00:00:00Z,1,2011-12-20T00:00:00Z,3.5,0,0
259,2011-12-19T00:00:00Z,1,2011-12-20T00:00:00Z,4.5,0,0
259,2011-12-19T00:00:00Z,1,2011-12-20T00:00:00Z,5.5,0,0
259,2011-12-19T00:00:00Z,7,2011-12-26T00:00:00Z,3.5,0,0
259,2011-12-19T00:00:00Z,7,2011-12-26T00:00:00Z,4.5,1,0
259,2011-12-19T00:00:00Z,7,2011-12-26T00:00:00Z,5.5,0,0
259,2011-12-19T00:00:00Z,30,2012-01-18T00:00:00Z,3.5,0,0
259,2011-12-19T00:00:00Z,30,2012-01-18T00:00:00Z,4.5,0,0
259,2011-12-19T00:00:00Z,30,2012-01-18T00:00:00Z,5.5,0,0
260,2011-12-26T00:00:00Z,1,2011-12-27T00:00:00Z,3.5,0,1
260,2011-12-26T00:00:00Z,1,2011-12-27T00:00:00Z,4.5,0,1
260,2011-12-26T00:00:00Z,1,2011-12-27T00:00:00Z,5.5,0,1
260,2011-12-26T00:00:00Z,7,2012-01-02T00:00:00Z,3.5,0,1
260,2011-12-26T00:00:00Z,7,2012-01-02T00:00:00Z,4.5,1,1
260,2011-12-26T00:00:00Z,7,2012-01-02T00:00:00Z,5.5,0,1
260,2011-12-26T00:00:00Z,30,2012-01-25T00:00:00Z,3.5,0,1
260,2011-12-26T00:00:00Z,30,2012-01-25T00:00:00Z,4.5,0,1
260,2011-12-26T00:00:00Z,30,2012-01-25T00:00:00Z,5.5,0,1
261,2012-01-02T00:00:00Z,1,2012-01-03T00:00:00Z,3.5,0,0
261,2012-01-02T00:00:00Z,1,2012-01-03T00:00:00Z,4.5,0,0
261,2012-01-02T00:00:00Z,1,2012-01-03T00:00:00Z,5.5,0,0
261,2012-01-02T00:00:00Z,7,2012-01-09T00:00:00Z,3.5,0,0
261,2012-01-02T00:00:00Z,7,2012-01-09T00:00:00Z,4.5,1,0
261,2012-01-02T00:00:00Z,7,2012-01-09T00:00:00Z,5.5,0,0
261,2012-01-02T00:00:00Z,30,2012-02-01T00:00:00Z,3.5,0,0
261,2012-01-02T00:00:00Z,30,2012-02-01T00:00:00Z,4.5,0,0
261,2012-01-02T00:00:00Z,30,2012-02-01T00:00:00Z,5.5,0,0
262,2012-01-09T00:00:00Z,1,2012-01-10T00:00:00Z,3.5,0,0
262,2012-01-09T00:00:00Z,1,2012-01-10T00:00:00Z,4.5,0,0
262,2012-01-09T00:00:00Z,1,2012-01-10T00:00:00Z,5.5,0,0
262,2012-01-09T00:00:00Z,7,2012-01-16T00:00:00Z,3.5,0,0
262,2012-01-09T00:00:00Z,7,2012-01-16T00:00:00Z,4.5,1,0
262,2012-01-09T00:00:00Z,7,2012-01-16T00:00:00Z,5.5,0,0
262,2012-01-09T00:00:00Z,30,2012-02-08T00:00:00Z,3.5,0,0
262,2012-01-09T00:00:00Z,30,2012-02-08T00:00:00Z,4.5,0,0
262,2012-01-09T00:00:00Z,30,2012-02-08T00:00:00Z,5.5,0,0
263,2012-01-16T00:00:00Z,1,2012-01-17T00:00:00Z,3.5,0,0
263,2012-01-16T00:00:00Z,1,2012-01-17T00:00:00Z,4.5,0,0
263,2012-01-16T00:00:00Z,1,2012-01-17T00:00:00Z,5.5,0,0
263,2012-01-16T00:00:00Z,7,2012-01-23T00:00:00Z,3.5,0,0
263,2012-01-16T00:00:00Z,7,2012-01-23T00:00:00Z,4.5,1,0
263,2012-01-16T00:00:00Z,7,2012-01-23T00:00:00Z,5.5,0,0
263,2012-01-16T00:00:00Z,30,2012-02-15T00:00:00Z,3.5,0,0
263,2012-01-16T00:00:00Z,30,2012-02-15T00:00:00Z,4.5,0,0
263,2012-01-16T00:00:00Z,30,2012-02-15T00:00:00Z,5.5,0,0
264,2012-01-23T00:00:00Z,1,2012-01-24T00:00:00Z,3.5,0,0
264,2012-01-23T00:00:00Z,1,2012-01-24T00:00:00Z,4.5,0,0
264,2012-01-23T00:00:00Z,1,2012-01-24T00:00:00Z,5.5,0,0
264,2012-01-23T00:00:00Z,7,2012-01-30T00:00:00Z,3.5,0,0
264,2012-01-23T00:00:00Z,7,2012-01-30T00:00:00Z,4.5,1,0
264,2012-01-23T00:00:00Z,7,2012-01-30T00:00:00Z,5.5,0,0
264,2012-01-23T00:00:00Z,30,2012-02-22T00:00:00Z,3.5,0,0
264,2012-01-23T00:00:00Z,30,2012-02-22T00:00:00Z,4.5,0,0
264,2012-01-23T00:00:00Z,30,2012-02-22T00:00:00Z,5.5,0,0
265,2012-01-30T00:00:00Z,1,2012-01-31T00:00:00Z,3.5,0,0
265,2012-01-30T00:00:00Z,1,2012-01-31T00:00:00Z,4.5,0,0
265,2012-01-30T00:00:00Z,1,2012-01-31T00:00:00Z,5.5,0,0
265,2012-01-30T00:00:00Z,7,2012-02-06T00:00:00Z,3.5,0,0
265,2012-01-30T00:00:00Z,7,2012-02-06T00:00:00Z,4.5,1,0
265,2012-01-30T00:00:00Z,7,2012-02-06T00:00:00Z,5.5,0,0
265,2012-01-30T00:00:00Z,30,2012-02-29T00:00:00Z,3.5,0,0
265,2012-01-30T00:00:00Z,30,2012-02-29T00:00:00Z,4.5,0,0
265,2012-01-30T00:00:00Z,30,2012-02-29T00:00:00Z,5.5,0,0
266,2012-02-06T00:00:00Z,1,2012-02-07T00:00:00Z,3.5,0,0
266,2012-02-06T00:00:00Z,1,2012-02-07T00:00:00Z,4.5,0,0
266,2012-02-06T00:00:00Z,1,2012-02-07T00:00:00Z,5.5,0,0
266,2012-02-06T00:00:00Z,7,2012-02-13T00:00:00Z,3.5,0,0
266,2012-02-06T00:00:00Z,7,2012-02-13T00:00:00Z,4.5,1,0
266,2012-02-06T00:00:00Z,7,2012-02-13T00:00:00Z,5.5,0,0
266,2012-02-06T00:00:00Z,30,2012-03-07T00:00:00Z,3.5,0,0
266,2012-02-06T00:00:00Z,30,2012-03-07T00:00:00Z,4.5,0,0
266,2012-02-06T00:00:00Z,30,2012-03-07T00:00:00Z,5.5,0,0
267,2012-02-13T00:00:00Z,1,2012-02-14T00:00:00Z,3.5,0,0
267,2012-02-13T00:00:00Z,1,2012-02-14T00:00:00Z,4.5,0,0
267,2012-02-13T00:00:00Z,1,2012-02-14T00:00:00Z,5.5,0,0
267,2012-02-13T00:00:00Z,7,2012-02-20T00:00:00Z,3.5,0,0
267,2012-02-13T00:00:00Z,7,2012-02-20T00:00:00Z,4.5,1,0
267,2012-02-13T00:00:00Z,7,2012-02-20T00:00:00Z,5.5,0,0
267,2012-02-13T00:00:00Z,30,2012-03-14T00:00:00Z,3.5,0,0
267,2012-02-13T00:00:00Z,30,2012-03-14T00:00:00Z,4.5,0,0
267,2012-02-13T00:00:00Z,30,2012-03-14T00:00:00Z,5.5,0,0
268,2012-02-20T00:00:00Z,1,2012-02-21T00:00:00Z,3.5,0,0
268,2012-02-20T00:00:00Z,1,2012-02-21T00:00:00Z,4.5,0,0
268,2012-02-20T00:00:00Z,1,2012-02-21T00:00:00Z,5.5,0,0
268,2012-02-20T00:00:00Z,7,2012-02-27T00:00:00Z,3.5,0,0
268,2012-02-20T00:00:00Z,7,2012-02-27T00:00:00Z,4.5,1,0
268,2012-02-20T00:00:00Z,7,2012-02-27T00:00:00Z,5.5,0,0
268,2012-02-20T00:00:00Z,30,2012-03-21T00:00:00Z,3.5,0,0
268,2012-02-20T00:00:00Z,30,2012-03-21T00:00:00Z,4.5,0,0
268,2012-02-20T00:00:00Z,30,2012-03-21T00:00:00Z,5.5,0,0
269,2012-02-27T00:00:00Z,1,2012-02-28T00:00:00Z,3.5,0,0
269,2012-02-27T00:00:00Z,1,2012-02-28T00:00:00Z,4.5,0,0
269,2012-02-27T00:00:00Z,1,2012-02-28T00:00:00Z,5.5,0,0
269,2012-02-27T00:00:00Z,7,2012-03-05T00:00:00Z,3.5,0,0
269,2012-02-27T00:00:00Z,7,2012-03-05T00:00:00Z,4.5,1,0
269,2012-02-27T00:00:00Z,7,2012-03-05T00:00:00Z,5.5,0,0
269,2012-02-27T00:00:00Z,30,2012-03-28T00:00:00Z,3.5,0,0
269,2012-02-27T00:00:00Z,30,2012-03-28T00:00:00Z,4.5,0,0
269,2012-02-27T00:00:00Z,30,2012-03-28T00:00:00Z,5.5,0,0
270,2012-03-05T00:00:00Z,1,2012-03-06T00:00:00Z,3.5,0,0
270,2012-03-05T00:00:00Z,1,2012-03-06T00:00:00Z,4.5,0,0
270,2012-03-05T00:00:00Z,1,2012-03-06T00:00:00Z,5.5,0,0
270,2012-03-05T00:00:00Z,7,2012-03-12T00:00:00Z,3.5,0,0
270,2012-03-05T00:00:00Z,7,2012-03-12T00:00:00Z,4.5,1,0
270,2012-03-05T00:00:00Z,7,2012-03-12T00:00:00Z,5.5,0,0
270,2012-03-05T00:00:00Z,30,2012-04-04T00:00:00Z,3.5,0,0
270,2012-03-05T00:00:00Z,30,2012-04-04T00:00:00Z,4.5,0,0
270,2012-03-05T00:00:00Z,30,2012-04-04T00:00:00Z,5.5,0,0
271,2012-03-12T00:00:00Z,1,2012-03-13T00:00:00Z,3.5,0,0
271,2012-03-12T00:00:00Z,1,2012-03-13T00:00:00Z,4.5,0,0
271,2012-03-12T00:00:00Z,1,2012-03-13T00:00:00Z,5.5,0,0
271,2012-03-12T00:00:00Z,7,2012-03-19T00:00:00Z,3.5,0,0
271,2012-03-12T00:00:00Z,7,2012-03-19T00:00:00Z,4.5,1,0
271,2012-03-12T00:00:00Z,7,2012-03-19T00:00:00Z,5.5,0,0
271,2012-03-12T00:00:00Z,30,2012-04-11T00:00:00Z,3.5,0,0
271,2012-03-12T00:00:00Z,30,2012-04-11T00:00:00Z,4.5,0,0
271,2012-03-12T00:00:00Z,30,2012-04-11T00:00:00Z,5.5,0,0
272,2012-03-19T00:00:00Z,1,2012-03-20T00:00:00Z,3.5,0,0
272,2012-03-19T00:00:00Z,1,2012-03-20T00:00:00Z,4.5,0,0
272,2012-03-19T00:00:00Z,1,2012-03-20T00:00:00Z,5.5,0,0
272,2012-03-19T00:00:00Z,7,2012-03-26T00:00:00Z,3.5,0,0
272,2012-03-19T00:00:00Z,7,2012-03-26T00:00:00Z,4.5,1,0
272,2012-03-19T00:00:00Z,7,2012-03-26T00:00:00Z,5.5,0,0
272,2012-03-19T00:00:00Z,30,2012-04-18T00:00:00Z,3.5,0,0
272,2012-03-19T00:00:00Z,30,2012-04-18T00:00:00Z,4.5,0,0
272,2012-03-19T00:00:00Z,30,2012-04-18T00:00:00Z,5.5,0,0
273,2012-03-26T00:00:00Z,1,2012-03-27T00:00:00Z,3.5,0,0
273,2012-03-26T00:00:00Z,1,2012-03-27T00:00:00Z,4.5,0,0
273,2012-03-26T00:00:00Z,1,2012-03-27T00:00:00Z,5.5,0,0
273,2012-03-26T00:00:00Z,7,2012-04-02T00:00:00Z,3.5,0,0
273,2012-03-26T00:00:00Z,7,2012-04-02T00:00:00Z,4.5,1,0
273,2012-03-26T00:00:00Z,7,2012-04-02T00:00:00Z,5.5,0,0
273,2012-03-26T00:00:00Z,30,2012-04-25T00:00:00Z,3.5,0,0
273,2012-03-26T00:00:00Z,30,2012-04-25T00:00:00Z,4.5,0,0
273,2012-03-26T00:00:00Z,30,2012-04-25T00:00:00Z,5.5,0,0
274,2012-04-02T00:00:00Z,1,2012-04-03T00:00:00Z,3.5,0,0
274,2012-04-02T00:00:00Z,1,2012-04-03T00:00:00Z,4.5,0,0
274,2012-04-02T00:00:00Z,1,2012-04-03T00:00:00Z,5.5,0,0
274,2012-04-02T00:00:00Z,7,2012-04-09T00:00:00Z,3.5,0,0
274,2012-04-02T00:00:00Z,7,2012-04-09T00:00:00Z,4.5,1,0
274,2012-04-02T00:00:00Z,7,2012-04-09T00:00:00Z,5.5,0,0
274,2012-04-02T00:00:00Z,30,2012-05-02T00:00:00Z,3.5,0,0
274,2012-04-02T00:00:00Z,30,2012-05-02T00:00:00Z,4.5,0,0
274,2012-04-02T00:00:00Z,30,2012-05-02T00:00:00Z,5.5,0,0
275,2012-04-09T00:00:00Z,1,2012-04-10T00:00:00Z,3.5,0,0
275,2012-04-09T00:00:00Z,1,2012-04-10T00:00:00Z,4.5,0,0
275,2012-04-09T00:00:00Z,1,2012-04-10T00:00:00Z,5.5,0,0
275,2012-04-09T00:00:00Z,7,2012-04-16T00:00:00Z,3.5,0,0
275,2012-04-09T00:00:00Z,7,2012-04-16T00:00:00Z,4.5,1,0
275,2012-04-09T00:00:00Z,7,2012-04-16T00:00:00Z,5.5,0,0
275,2012-04-09T00:00:00Z,30,2012-05-09T00:00:00Z,3.5,0,0
275,2012-04-09T00:00:00Z,30,2012-05-09T00:00:00Z,4.5,0,0
275,2012-04-09T00:00:00Z,30,2012-05-09T00:00:00Z,5.5,0,0
276,2012-04-16T00:00:00Z,1,2012-04-17T00:00:00Z,3.5,0,0
276,2012-04-16T00:00:00Z,1,2012-04-17T00:00:00Z,4.5,0,0
276,2012-04-16T00:00:00Z,1,2012-04-17T00:00:00Z,5.5,0,0
276,2012-04-16T00:00:00Z,7,2012-04-23T00:00:00Z,3.5,0,0
276,2012-04-16T00:00:00Z,7,2012-04-23T00:00:00Z,4.5,1,0
276,2012-04-16T00:00:00Z,7,2012-04-23T00:00:00Z,5.5,0,0
276,2012-04-16T00:00:00Z,30,2012-05-16T00:00:00Z,3.5,0,0
276,2012-04-16T00:00:00Z,30,2012-05-16T00:00:00Z,4.5,0,0
276,2012-04-16T00:00:00Z,30,2012-05-16T00:00:00Z,5.5,0,0
277,2012-04-23T00:00:00Z,1,2012-04-24T00:00:00Z,3.5,0,0
277,2012-04-23T00:00:00Z,1,2012-04-24T00:00:00Z,4.5,0,0
277,2012-04-23T00:00:00Z,1,2012-04-24T00:00:00Z,5.5,0,0
277,2012-04-23T00:00:00Z,7,2012-04-30T00:00:00Z,3.5,0,0
277,2012-04-23T00:00:00Z,7,2012-04-30T00:00:00Z,4.5,1,0
277,2012-04-23T00:00:00Z,7,2012-04-30T00:00:00Z,5.5,0,0
277,2012-04-23T00:00:00Z,30,2012-05-23T00:00:00Z,3.5,0,0
277,2012-04-23T00:00:00Z,30,2012-05-23T00:00:00Z,4.5,0,0
277,2012-04-23T00:00:00Z,30,2012-05-23T00:00:00Z,5.5,0,0
278,2012-04-30T00:00:00Z,1,2012-05-01T00:00:00Z,3.5,0,0
278,2012-04-30T00:00:00Z,1,2012-05-01T00:00:00Z,4.5,0,0
278,2012-04-30T00:00:00Z,1,2012-05-01T00:00:00Z,5.5,0,0
278,2012-04-30T00:00:00Z,7,2012-05-07T00:00:00Z,3.5,0,0
278,2012-04-30T00:00:00Z,7,2012-05-07T00:00:00Z,4.5,1,0
278,2012-04-30T00:00:00Z,7,2012-05-07T00:00:00Z,5.5,0,0
278,2012-04-30T00:00:00Z,30,2012-05-30T00:00:00Z,3.5,0,0
278,2012-04-30T00:00:00Z,30,2012-05-30T00:00:00Z,4.5,0,0
278,2012-04-30T00:00:00Z,30,2012-05-30T00:00:00Z,5.5,0,0
279,2012-05-07T00:00:00Z,1,2012-05-08T00:00:00Z,3.5,0,0
279,2012-05-07T00:00:00Z,1,2012-05-08T00:00:00Z,4.5,0,0
279,2012-05-07T00:00:00Z,1,2012-05-08T00:00:00Z,5.5,0,0
279,2012-05-07T00:00:00Z,7,2012-05-14T00:00:00Z,3.5,0,0
279,2012-05-07T00:00:00Z,7,2012-05-14T00:00:00Z,4.5,1,0
279,2012-05-07T00:00:00Z,7,2012-05-14T00:00:00Z,5.5,0,0
279,2012-05-07T00:00:00Z,30,2012-06-06T00:00:00Z,3.5,0,0
279,2012-05-07T00:00:00Z,30,2012-06-06T00:00:00Z,4.5,0,0
279,2012-05-07T00:00:00Z,30,2012-06-06T00:00:00Z,5.5,0,0
280,2012-05-14T00:00:00Z,1,2012-05-15T00:00:00Z,3.5,0,1
280,2012-05-14T00:00:00Z,1,2012-05-15T00:00:00Z,4.5,0,1
280,2012-05-14T00:00:00Z,1,2012-05-15T00:00:00Z,5.5,0,1
280,2012-05-14T00:00:00Z,7,2012-05-21T00:00:00Z,3.5,0,1
280,2012-05-14T00:00:00Z,7,2012-05-21T00:00:00Z,4.5,1,1
280,2012-05-14T00:00:00Z,7,2012-05-21T00:00:00Z,5.5,0,1
280,2012-05-14T00:00:00Z,30,2012-06-13T00:00:00Z,3.5,0,1
280,2012-05-14T00:00:00Z,30,2012-06-13T00:00:00Z,4.5,0,1
280,2012-05-14T00:00:00Z,30,2012-06-13T00:00:00Z,5.5,0,1
281,2012-05-21T00:00:00Z,1,2012-05-22T00:00:00Z,3.5,0,0
281,2012-05-21T00:00:00Z,1,2012-05-22T00:00:00Z,4.5,0,0
281,2012-05-21T00:00:00Z,1,2012-05-22T00:00:00Z,5.5,0,0
281,2012-05-21T00:00:00Z,7,2012-05-28T00:00:00Z,3.5,0,0
281,2012-05-21T00:00:00Z,7,2012-05-28T00:00:00Z,4.5,1,0
281,2012-05-21T00:00:00Z,7,2012-05-28T00:00:00Z,5.5,0,0
281,2012-05-21T00:00:00Z,30,2012-06-20T00:00:00Z,3.5,0,0
281,2012-05-21T00:00:00Z,30,2012-06-20T00:00:00Z,4.5,0,0
281,2012-05-21T00:00:00Z,30,2012-06-20T00:00:00Z,5.5,0,0
282,2012-05-28T00:00:00Z,1,2012-05-29T00:00:00Z,3.5,0,0
282,2012-05-28T00:00:00Z,1,2012-05-29T00:00:00Z,4.5,0,0
282,2012-05-28T00:00:00Z,1,2012-05-29T00:00:00Z,5.5,0,0
282,2012-05-28T00:00:00Z,7,2012-06-04T00:00:00Z,3.5,0,0
282,2012-05-28T00:00:00Z,7,2012-06-04T00:00:00Z,4.5,1,0
282,2012-05-28T00:00:00Z,7,2012-06-04T00:00:00Z,5.5,0,0
282,2012-05-28T00:00:00Z,30,2012-06-27T00:00:00Z,3.5,0,0
282,2012-05-28T00:00:00Z,30,2012-06-27T00:00:00Z,4.5,0,0
282,2012-05-28T00:00:00Z,30,2012-06-27T00:00:00Z,5.5,0,0
283,2012-06-04T00:00:00Z,1,2012-06-05T00:00:00Z,3.5,0,0
283,2012-06-04T00:00:00Z,1,2012-06-05T00:00:00Z,4.5,0,0
283,2012-06-04T00:00:00Z,1,2012-06-05T00:00:00Z,5.5,0,0
283,2012-06-04T00:00:00Z,7,2012-06-11T00:00:00Z,3.5,0,0
283,2012-06-04T00:00:00Z,7,2012-06-11T00:00:00Z,4.5,1,0
283,2012-06-04T00:00:00Z,7,2012-06-11T00:00:00Z,5.5,0,0
283,2012-06-04T00:00:00Z,30,2012-07-04T00:00:00Z,3.5,0,0
283,2012-06-04T00:00:00Z,30,2012-07-04T00:00:00Z,4.5,0,0
283,2012-06-04T00:00:00Z,30,2012-07-04T00:00:00Z,5.5,0,0
284,2012-06-11T00:00:00Z,1,2012-06-12T00:00:00Z,3.5,0,0
284,2012-06-11T00:00:00Z,1,2012-06-12T00:00:00Z,4.5,0,0
284,2012-06-11T00:00:00Z,1,2012-06-12T00:00:00Z,5.5,0,0
284,2012-06-11T00:00:00Z,7,2012-06-18T00:00:00Z,3.5,0,0
284,2012-06-11T00:00:00Z,7,2012-06-18T00:00:00Z,4.5,1,0
284,2012-06-11T00:00:00Z,7,2012-06-18T00:00:00Z,5.5,0,0
284,2012-06-11T00:00:00Z,30,2012-07-11T00:00:00Z,3.5,0,0
284,2012-06-11T00:00:00Z,30,2012-07-11T00:00:00Z,4.5,0,0
284,2012-06-11T00:00:00Z,30,2012-07-11T00:00:00Z,5.5,0,0
285,2012-06-18T00:00:00Z,1,2012-06-19T00:00:00Z,3.5,0,0
285,2012-06-18T00:00:00Z,1,2012-06-19T00:00:00Z,4.5,0,0
285,2012-06-18T00:00:00Z,1,2012-06-19T00:00:00Z,5.5,0,0
285,2012-06-18T00:00:00Z,7,2012-06-25T00:00:00Z,3.5,0,0
285,2012-06-18T00:00:00Z,7,2012-06-25T00:00:00Z,4.5,1,0
285,2012-06-18T00:00:00Z,7,2012-06-25T00:00:00Z,5.5,0,0
285,2012-06-18T00:00:00Z,30,2012-07-18T00:00:00Z,3.5,0,0
285,2012-06-18T00:00:00Z,30,2012-07-18T00:00:00Z,4.5,0,0
285,2012-06-18T00:00:00Z,30,2012-07-18T00:00:00Z,5.5,0,0
286,2012-06-25T00:00:00Z,1,2012-06-26T00:00:00Z,3.5,0,0
286,2012-06-25T00:00:00Z,1,2012-06-26T00:00:00Z,4.5,0,0
286,2012-06-25T00:00:00Z,1,2012-06-26T00:00:00Z,5.5,0,0
286,2012-06-25T00:00:00Z,7,2012-07-02T00:00:00Z,3.5,0,0
286,2012-06-25T00:00:00Z,7,2012-07-02T00:00:00Z,4.5,1,0
286,2012-06-25T00:00:00Z,7,2012-07-02T00:00:00Z,5.5,0,0
286,2012-06-25T00:00:00Z,30,2012-07-25T00:00:00Z,3.5,0,0
286,2012-06-25T00:00:00Z,30,2012-07-25T00:00:00Z,4.5,0,0
286,2012-06-25T00:00:00Z,30,2012-07-25T00:00:00Z,5.5,0,0
287,2012-07-02T00:00:00Z,1,2012-07-03T00:00:00Z,3.5,0,0
287,2012-07-02T00:00:00Z,1,2012-07-03T00:00:00Z,4.5,0,0
287,2012-07-02T00:00:00Z,1,2012-07-03T00:00:00Z,5.5,0,0
287,2012-07-02T00:00:00Z,7,2012-07-09T00:00:00Z,3.5,0,0
287,2012-07-02T00:00:00Z,7,2012-07-09T00:00:00Z,4.5,1,0
287,2012-07-02T00:00:00Z,7,2012-07-09T00:00:00Z,5.5,0,0
287,2012-07-02T00:00:00Z,30,2012-08-01T00:00:00Z,3.5,0,0
287,2012-07-02T00:00:00Z,30,2012-08-01T00:00:00Z,4.5,0,0
287,2012-07-02T00:00:00Z,30,2012-08-01T00:00:00Z,5.5,0,0
288,2012-07-09T00:00:00Z,1,2012-07-10T00:00:00Z,3.5,0,0
288,2012-07-09T00:00:00Z,1,2012-07-10T00:00:00Z,4.5,0,0
288,2012-07-09T00:00:00Z,1,2012-07-10T00:00:00Z,5.5,0,0
288,2012-07-09T00:00:00Z,7,2012-07-16T00:00:00Z,3.5,0,0
288,2012-07-09T00:00:00Z,7,2012-07-16T00:00:00Z,4.5,1,0
288,2012-07-09T00:00:00Z,7,2012-07-16T00:00:00Z,5.5,0,0
288,2012-07-09T00:00:00Z,30,2012-08-08T00:00:00Z,3.5,0,0
288,2012-07-09T00:00:00Z,30,2012-08-08T00:00:00Z,4.5,0,0
288,2012-07-09T00:00:00Z,30,2012-08-08T00:00:00Z,5.5,0,0
289,2012-07-16T00:00:00Z,1,2012-07-17T00:00:00Z,3.5,0,0
289,2012-07-16T00:00:00Z,1,2012-07-17T00:00:00Z,4.5,0,0
289,2012-07-16T00:00:00Z,1,2012-07-17T00:00:00Z,5.5,0,0
289,2012-07-16T00:00:00Z,7,2012-07-23T00:00:00Z,3.5,0,0
289,2012-07-16T00:00:00Z,7,2012-07-23T00:00:00Z,4.5,1,0
289,2012-07-16T00:00:00Z,7,2012-07-23T00:00:00Z,5.5,0,0
289,2012-07-16T00:00:00Z,30,2012-08-15T00:00:00Z,3.5,0,0
289,2012-07-16T00:00:00Z,30,2012-08-15T00:00:00Z,4.5,0,0
289,2012-07-16T00:00:00Z,30,2012-08-15T00:00:00Z,5.5,0,0
290,2012-07-23T00:00:00Z,1,2012-07-24T00:00:00Z,3.5,0,0
290,2012-07-23T00:00:00Z,1,2012-07-24T00:00:00Z,4.5,0,0
290,2012-07-23T00:00:00Z,1,2012-07-24T00:00:00Z,5.5,0,0
290,2012-07-23T00:00:00Z,7,2012-07-30T00:00:00Z,3.5,0,0
290,2012-07-23T00:00:00Z,7,2012-07-30T00:00:00Z,4.5,1,0
290,2012-07-23T00:00:00Z,7,2012-07-30T00:00:00Z,5.5,0,0
290,2012-07-23T00:00:00Z,30,2012-08-22T00:00:00Z,3.5,0,0
290,2012-07-23T00:00:00Z,30,2012-08-22T00:00:00Z,4.5,0,0
290,2012-07-23T00:00:00Z,30,2012-08-22T00:00:00Z,5.5,0,0
291,2012-07-30T00:00:00Z,1,2012-07-31T00:00:00Z,3.5,0,0
291,2012-07-30T00:00:00Z,1,2012-07-31T00:00:00Z,4.5,0,0
291,2012-07-30T00:00:00Z,1,2012-07-31T00:00:00Z,5.5,0,0
291,2012-07-30T00:00:00Z,7,2012-08-06T00:00:00Z,3.5,0,0
291,2012-07-30T00:00:00Z,7,2012-08-06T00:00:00Z,4.5,1,0
291,2012-07-30T00:00:00Z,7,2012-08-06T00:00:00Z,5.5,0,0
291,2012-07-30T00:00:00Z,30,2012-08-29T00:00:00Z,3.5,0,0
291,2012-07-30T00:00:00Z,30,2012-08-29T00:00:00Z,4.5,0,0
291,2012-07-30T00:00:00Z,30,2012-08-29T00:00:00Z,5.5,0,0
292,2012-08-06T00:00:00Z,1,2012-08-07T00:00:00Z,3.5,0,0
292,2012-08-06T00:00:00Z,1,2012-08-07T00:00:00Z,4.5,0,0
292,2012-08-06T00:00:00Z,1,2012-08-07T00:00:00Z,5.5,0,0
292,2012-08-06T00:00:00Z,7,2012-08-13T00:00:00Z,3.5,0,0
292,2012-08-06T00:00:00Z,7,2012-08-13T00:00:00Z,4.5,1,0
292,2012-08-06T00:00:00Z,7,2012-08-13T00:00:00Z,5.5,0,0
292,2012-08-06T00:00:00Z,30,2012-09-05T00:00:00Z,3.5,0,0
292,2012-08-06T00:00:00Z,30,2012-09-05T00:00:00Z,4.5,0,0
292,2012-08-06T00:00:00Z,30,2012-09-05T00:00:00Z,5.5,0,0
293,2012-08-13T00:00:00Z,1,2012-08-14T00:00:00Z,3.5,0,0
293,2012-08-13T00:00:00Z,1,2012-08-14T00:00:00Z,4.5,0,0
293,2012-08-13T00:00:00Z,1,2012-08-14T00:00:00Z,5.5,0,0
293,2012-08-13T00:00:00Z,7,2012-08-20T00:00:00Z,3.5,0,0
293,2012-08-13T00:00:00Z,7,2012-08-20T00:00:00Z,4.5,1,0
293,2012-08-13T00:00:00Z,7,2012-08-20T00:00:00Z,5.5,0,0
293,2012-08-13T00:00:00Z,30,2012-09-12T00:00:00Z,3.5,0,0
293,2012-08-13T00:00:00Z,30,2012-09-12T00:00:00Z,4.5,0,0
293,2012-08-13T00:00:00Z,30,2012-09-12T00:00:00Z,5.5,0,0
294,2012-08-20T00:00:00Z,1,2012-08-21T00:00:00Z,3.5,0,0
294,2012-08-20T00:00:00Z,1,2012-08-21T00:00:00Z,4.5,0,0
294,2012-08-20T00:00:00Z,1,2012-08-21T00:00:00Z,5.5,0,0
294,2012-08-20T00:00:00Z,7,2012-08-27T00:00:00Z,3.5,0,0
294,2012-08-20T00:00:00Z,7,2012-08-27T00:00:00Z,4.5,1,0
294,2012-08-20T00:00:00Z,7,2012-08-27T00:00:00Z,5.5,0,0
294,2012-08-20T00:00:00Z,30,2012-09-19T00:00:00Z,3.5,0,0
294,2012-08-20T00:00:00Z,30,2012-09-19T00:00:00Z,4.5,0,0
294,2012-08-20T00:00:00Z,30,2012-09-19T00:00:00Z,5.5,0,0
295,2012-08-27T00:00:00Z,1,2012-08-28T00:00:00Z,3.5,0,0
295,2012-08-27T00:00:00Z,1,2012-08-28T00:00:00Z,4.5,0,0
295,2012-08-27T00:00:00Z,1,2012-08-28T00:00:00Z,5.5,0,0
295,2012-08-27T00:00:00Z,7,2012-09-03T00:00:00Z,3.5,0,0
295,2012-08-27T00:00:00Z,7,2012-09-03T00:00:00Z,4.5,1,0
295,2012-08-27T00:00:00Z,7,2012-09-03T00:00:00Z,5.5,0,0
295,2012-08-27T00:00:00Z,30,2012-09-26T00:00:00Z,3.5,0,0
295,2012-08-27T00:00:00Z,30,2012-09-26T00:00:00Z,4.5,0,0
295,2012-08-27T00:00:00Z,30,2012-09-26T00:00:00Z,5.5,0,0
296,2012-09-03T00:00:00Z,1,2012-09-04T00:00:00Z,3.5,0,0
296,2012-09-03T00:00:00Z,1,2012-09-04T00:00:00Z,4.5,0,0
296,2012-09-03T00:00:00Z,1,2012-09-04T00:00:00Z,5.5,0,0
296,2012-09-03T00:00:00Z,7,2012-09-10T00:00:00Z,3.5,0,0
296,2012-09-03T00:00:00Z,7,2012-09-10T00:00:00Z,4.5,1,0
296,2012-09-03T00:00:00Z,7,2012-09-10T00:00:00Z,5.5,0,0
296,2012-09-03T00:00:00Z,30,2012-10-03T00:00:00Z,3.5,0,0
296,2012-09-03T00:00:00Z,30,2012-10-03T00:00:00Z,4.5,0,0
296,2012-09-03T00:00:00Z,30,2012-10-03T00:00:00Z,5.5,0,0
297,2012-09-10T00:00:00Z,1,2012-09-11T00:00:00Z,3.5,0,0
297,2012-09-10T00:00:00Z,1,2012-09-11T00:00:00Z,4.5,0,0
297,2012-09-10T00:00:00Z,1,2012-09-11T00:00:00Z,5.5,0,0
297,2012-09-10T00:00:00Z,7,2012-09-17T00:00:00Z,3.5,0,0
297,2012-09-10T00:00:00Z,7,2012-09-17T00:00:00Z,4.5,1,0
297,2012-09-10T00:00:00Z,7,2012-09-17T00:00:00Z,5.5,0,0
297,2012-09-10T00:00:00Z,30,2012-10-10T00:00:00Z,3.5,0,0
297,2012-09-10T00:00:00Z,30,2012-10-10T00:00:00Z,4.5,0,0
297,2012-09-10T00:00:00Z,30,2012-10-10T00:00:00Z,5.5,0,0
298,2012-09-17T00:00:00Z,1,2012-09-18T00:00:00Z,3.5,0,0
298,2012-09-17T00:00:00Z,1,2012-09-18T00:00:00Z,4.5,0,0
298,2012-09-17T00:00:00Z,1,2012-09-18T00:00:00Z,5.5,0,0
298,2012-09-17T00:00:00Z,7,2012-09-24T00:00:00Z,3.5,0,0
298,2012-09-17T00:00:00Z,7,2012-09-24T00:00:00Z,4.5,1,0
298,2012-09-17T00:00:00Z,7,2012-09-24T00:00:00Z,5.5,0,0
298,2012-09-17T00:00:00Z,30,2012-10-17T00:00:00Z,3.5,0,0
298,2012-09-17T00:00:00Z,30,2012-10-17T00:00:00Z,4.5,0,0
298,2012-09-17T00:00:00Z,30,2012-10-17T00:00:00Z,5.5,0,0
299,2012-09-24T00:00:00Z,1,2012-09-25T00:00:00Z,3.5,0,0
299,2012-09-24T00:00:00Z,1,2012-09-25T00:00:00Z,4.5,0,0
299,2012-09-24T00:00:00Z,1,2012-09-25T00:00:00Z,5.5,0,0
299,2012-09-24T00:00:00Z,7,2012-10-01T00:00:00Z,3.5,0,0
299,2012-09-24T00:00:00Z,7,2012-10-01T00:00:00Z,4.5,1,0
299,2012-09-24T00:00:00Z,7,2012-10-01T00:00:00Z,5.5,0,0
299,2012-09-24T00:00:00Z,30,2012-10-24T00:00:00Z,3.5,0,0
299,2012-09-24T00:00:00Z,30,2012-10-24T00:00:00Z,4.5,0,0
299,2012-09-24T00:00:00Z,30,2012-10-24T00:00:00Z,5.5,0,0
300,2012-10-01T00:00:00Z,1,2012-10-02T00:00:00Z,3.5,0,1
300,2012-10-01T00:00:00Z,1,2012-10-02T00:00:00Z,4.5,0,1
300,2012-10-01T00:00:00Z,1,2012-10-02T00:00:00Z,5.5,0,1
300,2012-10-01T00:00:00Z,7,2012-10-08T00:00:00Z,3.5,0,1
300,2012-10-01T00:00:00Z,7,2012-10-08T00:00:00Z,4.5,1,1
300,2012-10-01T00:00:00Z,7,2012-10-08T00:00:00Z,5.5,0,1
300,2012-10-01T00:00:00Z,30,2012-10-31T00:00:00Z,3.5,0,1
300,2012-10-01T00:00:00Z,30,2012-10-31T00:00:00Z,4.5,0,1
300,2012-10-01T00:00:00Z,30,2012-10-31T00:00:00Z,5.5,0,1
301,2012-10-08T00:00:00Z,1,2012-10-09T00:00:00Z,3.5,0,0
301,2012-10-08T00:00:00Z,1,2012-10-09T00:00:00Z,4.5,0,0
301,2012-10-08T00:00:00Z,1,2012-10-09T00:00:00Z,5.5,0,0
301,2012-10-08T00:00:00Z,7,2012-10-15T00:00:00Z,3.5,0,0
301,2012-10-08T00:00:00Z,7,2012-10-15T00:00:00Z,4.5,1,0
301,2012-10-08T00:00:00Z,7,2012-10-15T00:00:00Z,5.5,0,0
301,2012-10-08T00:00:00Z,30,2012-11-07T00:00:00Z,3.5,0,0
301,2012-10-08T00:00:00Z,30,2012-11-07T00:00:00Z,4.5,0,0
301,2012-10-08T00:00:00Z,30,2012-11-07T00:00:00Z,5.5,0,0
302,2012-10-15T00:00:00Z,1,2012-10-16T00:00:00Z,3.5,0,0
302,2012-10-15T00:00:00Z,1,2012-10-16T00:00:00Z,4.5,0,0
302,2012-10-15T00:00:00Z,1,2012-10-16T00:00:00Z,5.5,0,0
302,2012-10-15T00:00:00Z,7,2012-10-22T00:00:00Z,3.5,0,0
302,2012-10-15T00:00:00Z,7,2012-10-22T00:00:00Z,4.5,1,0
302,2012-10-15T00:00:00Z,7,2012-10-22T00:00:00Z,5.5,0,0
302,2012-10-15T00:00:00Z,30,2012-11-14T00:00:00Z,3.5,0,0
302,2012-10-15T00:00:00Z,30,2012-11-14T00:00:00Z,4.5,0,0
302,2012-10-15T00:00:00Z,30,2012-11-14T00:00:00Z,5.5,0,0
303,2012-10-22T00:00:00Z,1,2012-10-23T00:00:00Z,3.5,0,0
303,2012-10-22T00:00:00Z,1,2012-10-23T00:00:00Z,4.5,0,0
303,2012-10-22T00:00:00Z,1,2012-10-23T00:00:00Z,5.5,0,0
303,2012-10-22T00:00:00Z,7,2012-10-29T00:00:00Z,3.5,0,0
303,2012-10-22T00:00:00Z,7,2012-10-29T00:00:00Z,4.5,1,0
303,2012-10-22T00:00:00Z,7,2012-10-29T00:00:00Z,5.5,0,0
303,2012-10-22T00:00:00Z,30,2012-11-21T00:00:00Z,3.5,0,0
303,2012-10-22T00:00:00Z,30,2012-11-21T00:00:00Z,4.5,0,0
303,2012-10-22T00:00:00Z,30,2012-11-21T00:00:00Z,5.5,0,0
304,2012-10-29T00:00:00Z,1,2012-10-30T00:00:00Z,3.5,0,0
304,2012-10-29T00:00:00Z,1,2012-10-30T00:00:00Z,4.5,0,0
304,2012-10-29T00:00:00Z,1,2012-10-30T00:00:00Z,5.5,0,0
304,2012-10-29T00:00:00Z,7,2012-11-05T00:00:00Z,3.5,0,0
304,2012-10-29T00:00:00Z,7,2012-11-05T00:00:00Z,4.5,1,0
304,2012-10-29T00:00:00Z,7,2012-11-05T00:00:00Z,5.5,0,0
304,2012-10-29T00:00:00Z,30,2012-11-28T00:00:00Z,3.5,0,0
304,2012-10-29T00:00:00Z,30,2012-11-28T00:00:00Z,4.5,0,0
304,2012-10-29T00:00:00Z,30,2012-11-28T00:00:00Z,5.5,0,0
305,2012-11-05T00:00:00Z,1,2012-11-06T00:00:00Z,3.5,0,0
305,2012-11-05T00:00:00Z,1,2012-11-06T00:00:00Z,4.5,0,0
305,2012-11-05T00:00:00Z,1,2012-11-06T00:00:00Z,5.5,0,0
305,2012-11-05T00:00:00Z,7,2012-11-12T00:00:00Z,3.5,0,0
305,2012-11-05T00:00:00Z,7,2012-11-12T00:00:00Z,4.5,1,0
305,2012-11-05T00:00:00Z,7,2012-11-12T00:00:00Z,5.5,0,0
305,2012-11-05T00:00:00Z,30,2012-12-05T00:00:00Z,3.5,0,0
305,2012-11-05T00:00:00Z,30,2012-12-05T00:00:00Z,4.5,0,0
305,2012-11-05T00:00:00Z,30,2012-12-05T00:00:00Z,5.5,0,0
306,2012-11-12T00:00:00Z,1,2012-11-13T00:00:00Z,3.5,0,0
306,2012-11-12T00:00:00Z,1,2012-11-13T00:00:00Z,4.5,0,0
306,2012-11-12T00:00:00Z,1,2012-11-13T00:00:00Z,5.5,0,0
306,2012-11-12T00:00:00Z,7,2012-11-19T00:00:00Z,3.5,0,0
306,2012-11-12T00:00:00Z,7,2012-11-19T00:00:00Z,4.5,1,0
306,2012-11-12T00:00:00Z,7,2012-11-19T00:00:00Z,5.5,0,0
306,2012-11-12T00:00:00Z,30,2012-12-12T00:00:00Z,3.5,0,0
306,2012-11-12T00:00:00Z,30,2012-12-12T00:00:00Z,4.5,0,0
306,2012-11-12T00:00:00Z,30,2012-12-12T00:00:00Z,5.5,0,0
307,2012-11-19T00:00:00Z,1,2012-11-20T00:00:00Z,3.5,0,0
307,2012-11-19T00:00:00Z,1,2012-11-20T00:00:00Z,4.5,0,0
307,2012-11-19T00:00:00Z,1,2012-11-20T00:00:00Z,5.5,0,0
307,2012-11-19T00:00:00Z,7,2012-11-26T00:00:00Z,3.5,0,0
307,2012-11-19T00:00:00Z,7,2012-11-26T00:00:00Z,4.5,1,0
307,2012-11-19T00:00:00Z,7,2012-11-26T00:00:00Z,5.5,0,0
307,2012-11-19T00:00:00Z,30,2012-12-19T00:00:00Z,3.5,0,0
307,2012-11-19T00:00:00Z,30,2012-12-19T00:00:00Z,4.5,0,0
307,2012-11-19T00:00:00Z,30,2012-12-19T00:00:00Z,5.5,0,0
308,2012-11-26T00:00:00Z,1,2012-11-27T00:00:00Z,3.5,0,0
308,2012-11-26T00:00:00Z,1,2012-11-27T00:00:00Z,4.5,0,0
308,2012-11-26T00:00:00Z,1,2012-11-27T00:00:00Z,5.5,0,0
308,2012-11-26T00:00:00Z,7,2012-12-03T00:00:00Z,3.5,0,0
308,2012-11-26T00:00:00Z,7,2012-12-03T00:00:00Z,4.5,1,0
308,2012-11-26T00:00:00Z,7,2012-12-03T00:00:00Z,5.5,0,0
308,2012-11-26T00:00:00Z,30,2012-12-26T00:00:00Z,3.5,0,0
308,2012-11-26T00:00:00Z,30,2012-12-26T00:00:00Z,4.5,0,0
308,2012-11-26T00:00:00Z,30,2012-12-26T00:00:00Z,5.5,0,0
309,2012-12-03T00:00:00Z,1,2012-12-04T00:00:00Z,3.5,0,0
309,2012-12-03T00:00:00Z,1,2012-12-04T00:00:00Z,4.5,0,0
309,2012-12-03T00:00:00Z,1,2012-12-04T00:00:00Z,5.5,0,0
309,2012-12-03T00:00:00Z,7,2012-12-10T00:00:00Z,3.5,0,0
309,2012-12-03T00:00:00Z,7,2012-12-10T00:00:00Z,4.5,1,0
309,2012-12-03T00:00:00Z,7,2012-12-10T00:00:00Z,5.5,0,0
309,2012-12-03T00:00:00Z,30,2013-01-02T00:00:00Z,3.5,0,0
309,2012-12-03T00:00:00Z,30,2013-01-02T00:00:00Z,4.5,0,0
309,2012-12-03T00:00:00Z,30,2013-01-02T00:00:00Z,5.5,0,0
310,2012-12-10T00:00:00Z,1,2012-12-11T00:00:00Z,3.5,0,0
310,2012-12-10T00:00:00Z,1,2012-12-11T00:00:00Z,4.5,0,0
310,2012-12-10T00:00:00Z,1,2012-12-11T00:00:00Z,5.5,0,0
310,2012-12-10T00:00:00Z,7,2012-12-17T00:00:00Z,3.5,0,0
310,2012-12-10T00:00:00Z,7,2012-12-17T00:00:00Z,4.5,1,0
310,2012-12-10T00:00:00Z,7,2012-12-17T00:00:00Z,5.5,0,0
310,2012-12-10T00:00:00Z,30,2013-01-09T00:00:00Z,3.5,0,0
310,2012-12-10T00:00:00Z,30,2013-01-09T00:00:00Z,4.5,0,0
310,2012-12-10T00:00:00Z,30,2013-01-09T00:00:00Z,5.5,0,0
311,2012-12-17T00:00:00Z,1,2012-12-18T00:00:00Z,3.5,0,0
311,2012-12-17T00:00:00Z,1,2012-12-18T00:00:00Z,4.5,0,0
311,2012-12-17T00:00:00Z,1,2012-12-18T00:00:00Z,5.5,0,0
311,2012-12-17T00:00:00Z,7,2012-12-24T00:00:00Z,3.5,0,0
311,2012-12-17T00:00:00Z,7,2012-12-24T00:00:00Z,4.5,1,0
311,2012-12-17T00:00:00Z,7,2012-12-24T00:00:00Z,5.5,0,0
311,2012-12-17T00:00:00Z,30,2013-01-16T00:00:00Z,3.5,0,0
311,2012-12-17T00:00:00Z,30,2013-01-16T00:00:00Z,4.5,0,0
311,2012-12-17T00:00:00Z,30,2013-01-16T00:00:00Z,5.5,0,0
312,2012-12-24T00:00:00Z,1,2012-12-25T00:00:00Z,3.5,0,0
312,2012-12-24T00:00:00Z,1,2012-12-25T00:00:00Z,4.5,0,0
312,2012-12-24T00:00:00Z,1,2012-12-25T00:00:00Z,5.5,0,0
312,2012-12-24T00:00:00Z,7,2012-12-31T00:00:00Z,3.5,0,0
312,2012-12-24T00:00:00Z,7,2012-12-31T00:00:00Z,4.5,1,0
312,2012-12-24T00:00:00Z,7,2012-12-31T00:00:00Z,5.5,0,0
312,2012-12-24T00:00:00Z,30,2013-01-23T00:00:00Z,3.5,0,0
312,2012-12-24T00:00:00Z,30,2013-01-23T00:00:00Z,4.5,0,0
312,2012-12-24T00:00:00Z,30,2013-01-23T00:00:00Z,5.5,0,0
313,2012-12-31T00:00:00Z,1,2013-01-01T00:00:00Z,3.5,0,0
313,2012-12-31T00:00:00Z,1,2013-01-01T00:00:00Z,4.5,0,0
313,2012-12-31T00:00:00Z,1,2013-01-01T00:00:00Z,5.5,0,0
313,2012-12-31T00:00:00Z,7,2013-01-07T00:00:00Z,3.5,0,0
313,2012-12-31T00:00:00Z,7,2013-01-07T00:00:00Z,4.5,1,0
313,2012-12-31T00:00:00Z,7,2013-01-07T00:00:00Z,5.5,0,0
313,2012-12-31T00:00:00Z,30,2013-01-30T00:00:00Z,3.5,0,0
313,2012-12-31T00:00:00Z,30,2013-01-30T00:00:00Z,4.5,0,0
313,2012-12-31T00:00:00Z,30,2013-01-30T00:00:00Z,5.5,0,0
314,2013-01-07T00:00:00Z,1,2013-01-08T00:00:00Z,3.5,0,0
314,2013-01-07T00:00:00Z,1,2013-01-08T00:00:00Z,4.5,0,0
314,2013-01-07T00:00:00Z,1,2013-01-08T00:00:00Z,5.5,0,0
314,2013-01-07T00:00:00Z,7,2013-01-14T00:00:00Z,3.5,0,0
314,2013-01-07T00:00:00Z,7,2013-01-14T00:00:00Z,4.5,1,0
314,2013-01-07T00:00:00Z,7,2013-01-14T00:00:00Z,5.5,0,0
314,2013-01-07T00:00:00Z,30,2013-02-06T00:00:00Z,3.5,0,0
314,2013-01-07T00:00:00Z,30,2013-02-06T00:00:00Z,4.5,0,0
314,2013-01-07T00:00:00Z,30,2013-02-06T00:00:00Z,5.5,0,0
315,2013-01-14T00:00:00Z,1,2013-01-15T00:00:00Z,3.5,0,0
315,2013-01-14T00:00:00Z,1,2013-01-15T00:00:00Z,4.5,0,0
315,2013-01-14T00:00:00Z,1,2013-01-15T00:00:00Z,5.5,0,0
315,2013-01-14T00:00:00Z,7,2013-01-21T00:00:00Z,3.5,0,0
315,2013-01-14T00:00:00Z,7,2013-01-21T00:00:00Z,4.5,1,0
315,2013-01-14T00:00:00Z,7,2013-01-21T00:00:00Z,5.5,0,0
315,2013-01-14T00:00:00Z,30,2013-02-13T00:00:00Z,3.5,0,0
315,2013-01-14T00:00:00Z,30,2013-02-13T00:00:00Z,4.5,0,0
315,2013-01-14T00:00:00Z,30,2013-02-13T00:00:00Z,5.5,0,0
316,2013-01-21T00:00:00Z,1,2013-01-22T00:00:00Z,3.5,0,0
316,2013-01-21T00:00:00Z,1,2013-01-22T00:00:00Z,4.5,0,0
316,2013-01-21T00:00:00Z,1,2013-01-22T00:00:00Z,5.5,0,0
316,2013-01-21T00:00:00Z,7,2013-01-28T00:00:00Z,3.5,0,0
316,2013-01-21T00:00:00Z,7,2013-01-28T00:00:00Z,4.5,1,0
316,2013-01-21T00:00:00Z,7,2013-01-28T00:00:00Z,5.5,0,0
316,2013-01-21T00:00:00Z,30,2013-02-20T00:00:00Z,3.5,0,0
316,2013-01-21T00:00:00Z,30,2013-02-20T00:00:00Z,4.5,0,0
316,2013-01-21T00:00:00Z,30,2013-02-20T00:00:00Z,5.5,0,0
317,2013-01-28T00:00:00Z,1,2013-01-29T00:00:00Z,3.5,0,0
317,2013-01-28T00:00:00Z,1,2013-01-29T00:00:00Z,4.5,0,0
317,2013-01-28T00:00:00Z,1,2013-01-29T00:00:00Z,5.5,0,0
317,2013-01-28T00:00:00Z,7,2013-02-04T00:00:00Z,3.5,0,0
317,2013-01-28T00:00:00Z,7,2013-02-04T00:00:00Z,4.5,1,0
317,2013-01-28T00:00:00Z,7,2013-02-04T00:00:00Z,5.5,0,0
317,2013-01-28T00:00:00Z,30,2013-02-27T00:00:00Z,3.5,0,0
317,2013-01-28T00:00:00Z,30,2013-02-27T00:00:00Z,4.5,0,0
317,2013-01-28T00:00:00Z,30,2013-02-27T00:00:00Z,5.5,0,0
318,2013-02-04T00:00:00Z,1,2013-02-05T00:00:00Z,3.5,0,0
318,2013-02-04T00:00:00Z,1,2013-02-05T00:00:00Z,4.5,0,0
318,2013-02-04T00:00:00Z,1,2013-02-05T00:00:00Z,5.5,0,0
318,2013-02-04T00:00:00Z,7,2013-02-11T00:00:00Z,3.5,0,0
318,2013-02-04T00:00:00Z,7,2013-02-11T00:00:00Z,4.5,1,0
318,2013-02-04T00:00:00Z,7,2013-02-11T00:00:00Z,5.5,0,0
318,2013-02-04T00:00:00Z,30,2013-03-06T00:00:00Z,3.5,0,0
318,2013-02-04T00:00:00Z,30,2013-03-06T00:00:00Z,4.5,0,0
318,2013-02-04T00:00:00Z,30,2013-03-06T00:00:00Z,5.5,0,0
319,2013-02-11T00:00:00Z,1,2013-02-12T00:00:00Z,3.5,0,0
319,2013-02-11T00:00:00Z,1,2013-02-12T00:00:00Z,4.5,0,0
319,2013-02-11T00:00:00Z,1,2013-02-12T00:00:00Z,5.5,0,0
319,2013-02-11T00:00:00Z,7,2013-02-18T00:00:00Z,3.5,0,0
319,2013-02-11T00:00:00Z,7,2013-02-18T00:00:00Z,4.5,1,0
319,2013-02-11T00:00:00Z,7,2013-02-18T00:00:00Z,5.5,0,0
319,2013-02-11T00:00:00Z,30,2013-03-13T00:00:00Z,3.5,0,0
319,2013-02-11T00:00:00Z,30,2013-03-13T00:00:00Z,4.5,0,0
319,2013-02-11T00:00:00Z,30,2013-03-13T00:00:00Z,5.5,0,0
320,2013-02-18T00:00:00Z,1,2013-02-19T00:00:00Z,3.5,0,1
320,2013-02-18T00:00:00Z,1,2013-02-19T00:00:00Z,4.5,0,1
320,2013-02-18T00:00:00Z,1,2013-02-19T00:00:00Z,5.5,0,1
320,2013-02-18T00:00:00Z,7,2013-02-25T00:00:00Z,3.5,0,1
320,2013-02-18T00:00:00Z,7,2013-02-25T00:00:00Z,4.5,1,1
320,2013-02-18T00:00:00Z,7,2013-02-25T00:00:00Z,5.5,0,1
320,2013-02-18T00:00:00Z,30,2013-03-20T00:00:00Z,3.5,0,1
320,2013-02-18T00:00:00Z,30,2013-03-20T00:00:00Z,4.5,0,1
320,2013-02-18T00:00:00Z,30,2013-03-20T00:00:00Z,5.5,0,1
321,2013-02-25T00:00:00Z,1,2013-02-26T00:00:00Z,3.5,0,0
321,2013-02-25T00:00:00Z,1,2013-02-26T00:00:00Z,4.5,0,0
321,2013-02-25T00:00:00Z,1,2013-02-26T00:00:00Z,5.5,0,0
321,2013-02-25T00:00:00Z,7,2013-03-04T00:00:00Z,3.5,0,0
321,2013-02-25T00:00:00Z,7,2013-03-04T00:00:00Z,4.5,1,0
321,2013-02-25T00:00:00Z,7,2013-03-04T00:00:00Z,5.5,0,0
321,2013-02-25T00:00:00Z,30,2013-03-27T00:00:00Z,3.5,0,0
321,2013-02-25T00:00:00Z,30,2013-03-27T00:00:00Z,4.5,0,0
321,2013-02-25T00:00:00Z,30,2013-03-27T00:00:00Z,5.5,0,0
322,2013-03-04T00:00:00Z,1,2013-03-05T00:00:00Z,3.5,0,0
322,2013-03-04T00:00:00Z,1,2013-03-05T00:00:00Z,4.5,0,0
322,2013-03-04T00:00:00Z,1,2013-03-05T00:00:00Z,5.5,0,0
322,2013-03-04T00:00:00Z,7,2013-03-11T00:00:00Z,3.5,0,0
322,2013-03-04T00:00:00Z,7,2013-03-11T00:00:00Z,4.5,1,0
322,2013-03-04T00:00:00Z,7,2013-03-11T00:00:00Z,5.5,0,0
322,2013-03-04T00:00:00Z,30,2013-04-03T00:00:00Z,3.5,0,0
322,2013-03-04T00:00:00Z,30,2013-04-03T00:00:00Z,4.5,0,0
322,2013-03-04T00:00:00Z,30,2013-04-03T00:00:00Z,5.5,0,0
323,2013-03-11T00:00:00Z,1,2013-03-12T00:00:00Z,3.5,0,0
323,2013-03-11T00:00:00Z,1,2013-03-12T00:00:00Z,4.5,0,0
323,2013-03-11T00:00:00Z,1,2013-03-12T00:00:00Z,5.5,0,0
323,2013-03-11T00:00:00Z,7,2013-03-18T00:00:00Z,3.5,0,0
323,2013-03-11T00:00:00Z,7,2013-03-18T00:00:00Z,4.5,1,0
323,2013-03-11T00:00:00Z,7,2013-03-18T00:00:00Z,5.5,0,0
323,2013-03-11T00:00:00Z,30,2013-04-10T00:00:00Z,3.5,0,0
323,2013-03-11T00:00:00Z,30,2013-04-10T00:00:00Z,4.5,0,0
323,2013-03-11T00:00:00Z,30,2013-04-10T00:00:00Z,5.5,0,0
324,2013-03-18T00:00:00Z,1,2013-03-19T00:00:00Z,3.5,0,0
324,2013-03-18T00:00:00Z,1,2013-03-19T00:00:00Z,4.5,0,0
324,2013-03-18T00:00:00Z,1,2013-03-19T00:00:00Z,5.5,0,0
324,2013-03-18T00:00:00Z,7,2013-03-25T00:00:00Z,3.5,0,0
324,2013-03-18T00:00:00Z,7,2013-03-25T00:00:00Z,4.5,1,0
324,2013-03-18T00:00:00Z,7,2013-03-25T00:00:00Z,5.5,0,0
324,2013-03-18T00:00:00Z,30,2013-04-17T00:00:00Z,3.5,0,0
324,2013-03-18T00:00:00Z,30,2013-04-17T00:00:00Z,4.5,0,0
324,2013-03-18T00:00:00Z,30,2013-04-17T00:00:00Z,5.5,0,0
325,2013-03-25T00:00:00Z,1,2013-03-26T00:00:00Z,3.5,0,0
325,2013-03-25T00:00:00Z,1,2013-03-26T00:00:00Z,4.5,0,0
325,2013-03-25T00:00:00Z,1,2013-03-26T00:00:00Z,5.5,0,0
325,2013-03-25T00:00:00Z,7,2013-04-01T00:00:00Z,3.5,0,0
325,2013-03-25T00:00:00Z,7,2013-04-01T00:00:00Z,4.5,1,0
325,2013-03-25T00:00:00Z,7,2013-04-01T00:00:00Z,5.5,0,0
325,2013-03-25T00:00:00Z,30,2013-04-24T00:00:00Z,3.5,0,0
325,2013-03-25T00:00:00Z,30,2013-04-24T00:00:00Z,4.5,0,0
325,2013-03-25T00:00:00Z,30,2013-04-24T00:00:00Z,5.5,0,0
326,2013-04-01T00:00:00Z,1,2013-04-02T00:00:00Z,3.5,0,0
326,2013-04-01T00:00:00Z,1,2013-04-02T00:00:00Z,4.5,0,0
326,2013-04-01T00:00:00Z,1,2013-04-02T00:00:00Z,5.5,0,0
326,2013-04-01T00:00:00Z,7,2013-04-08T00:00:00Z,3.5,0,0
326,2013-04-01T00:00:00Z,7,2013-04-08T00:00:00Z,4.5,1,0
326,2013-04-01T00:00:00Z,7,2013-04-08T00:00:00Z,5.5,0,0
326,2013-04-01T00:00:00Z,30,2013-05-01T00:00:00Z,3.5,0,0
326,2013-04-01T00:00:00Z,30,2013-05-01T00:00:00Z,4.5,0,0
326,2013-04-01T00:00:00Z,30,2013-05-01T00:00:00Z,5.5,0,0
327,2013-04-08T00:00:00Z,1,2013-04-09T00:00:00Z,3.5,0,0
327,2013-04-08T00:00:00Z,1,2013-04-09T00:00:00Z,4.5,0,0
327,2013-04-08T00:00:00Z,1,2013-04-09T00:00:00Z,5.5,0,0
327,2013-04-08T00:00:00Z,7,2013-04-15T00:00:00Z,3.5,0,0
327,2013-04-08T00:00:00Z,7,2013-04-15T00:00:00Z,4.5,1,0
327,2013-04-08T00:00:00Z,7,2013-04-15T00:00:00Z,5.5,0,0
327,2013-04-08T00:00:00Z,30,2013-05-08T00:00:00Z,3.5,0,0
327,2013-04-08T00:00:00Z,30,2013-05-08T00:00:00Z,4.5,0,0
327,2013-04-08T00:00:00Z,30,2013-05-08T00:00:00Z,5.5,0,0
328,2013-04-15T00:00:00Z,1,2013-04-16T00:00:00Z,3.5,0,0
328,2013-04-15T00:00:00Z,1,2013-04-16T00:00:00Z,4.5,0,0
328,2013-04-15T00:00:00Z,1,2013-04-16T00:00:00Z,5.5,0,0
328,2013-04-15T00:00:00Z,7,2013-04-22T00:00:00Z,3.5,0,0
328,2013-04-15T00:00:00Z,7,2013-04-22T00:00:00Z,4.5,1,0
328,2013-04-15T00:00:00Z,7,2013-04-22T00:00:00Z,5.5,0,0
328,2013-04-15T00:00:00Z,30,2013-05-15T00:00:00Z,3.5,0,0
328,2013-04-15T00:00:00Z,30,2013-05-15T00:00:00Z,4.5,0,0
328,2013-04-15T00:00:00Z,30,2013-05-15T00:00:00Z,5.5,0,0
329,2013-04-22T00:00:00Z,1,2013-04-23T00:00:00Z,3.5,0,0
329,2013-04-22T00:00:00Z,1,2013-04-23T00:00:00Z,4.5,0,0
329,2013-04-22T00:00:00Z,1,2013-04-23T00:00:00Z,5.5,0,0
329,2013-04-22T00:00:00Z,7,2013-04-29T00:00:00Z,3.5,0,0
329,2013-04-22T00:00:00Z,7,2013-04-29T00:00:00Z,4.5,1,0
329,2013-04-22T00:00:00Z,7,2013-04-29T00:00:00Z,5.5,0,0
329,2013-04-22T00:00:00Z,30,2013-05-22T00:00:00Z,3.5,0,0
329,2013-04-22T00:00:00Z,30,2013-05-22T00:00:00Z,4.5,0,0
329,2013-04-22T00:00:00Z,30,2013-05-22T00:00:00Z,5.5,0,0
330,2013-04-29T00:00:00Z,1,2013-04-30T00:00:00Z,3.5,0,0
330,2013-04-29T00:00:00Z,1,2013-04-30T00:00:00Z,4.5,0,0
330,2013-04-29T00:00:00Z,1,2013-04-30T00:00:00Z,5.5,0,0
330,2013-04-29T00:00:00Z,7,2013-05-06T00:00:00Z,3.5,0,0
330,2013-04-29T00:00:00Z,7,2013-05-06T00:00:00Z,4.5,1,0
330,2013-04-29T00:00:00Z,7,2013-05-06T00:00:00Z,5.5,0,0
330,2013-04-29T00:00:00Z,30,2013-05-29T00:00:00Z,3.5,0,0
330,2013-04-29T00:00:00Z,30,2013-05-29T00:00:00Z,4.5,0,0
330,2013-04-29T00:00:00Z,30,2013-05-29T00:00:00Z,5.5,0,0
331,2013-05-06T00:00:00Z,1,2013-05-07T00:00:00Z,3.5,0,0
331,2013-05-06T00:00:00Z,1,2013-05-07T00:00:00Z,4.5,0,0
331,2013-05-06T00:00:00Z,1,2013-05-07T00:00:00Z,5.5,0,0
331,2013-05-06T00:00:00Z,7,2013-05-13T00:00:00Z,3.5,0,0
331,2013-05-06T00:00:00Z,7,2013-05-13T00:00:00Z,4.5,1,0
331,2013-05-06T00:00:00Z,7,2013-05-13T00:00:00Z,5.5,0,0
331,2013-05-06T00:00:00Z,30,2013-06-05T00:00:00Z,3.5,0,0
331,2013-05-06T00:00:00Z,30,2013-06-05T00:00:00Z,4.5,0,0
331,2013-05-06T00:00:00Z,30,2013-06-05T00:00:00Z,5.5,0,0
332,2013-05-13T00:00:00Z,1,2013-05-14T00:00:00Z,3.5,0,0
332,2013-05-13T00:00:00Z,1,2013-05-14T00:00:00Z,4.5,0,0
332,2013-05-13T00:00:00Z,1,2013-05-14T00:00:00Z,5.5,0,0
332,2013-05-13T00:00:00Z,7,2013-05-20T00:00:00Z,3.5,0,0
332,2013-05-13T00:00:00Z,7,2013-05-20T00:00:00Z,4.5,1,0
332,2013-05-13T00:00:00Z,7,2013-05-20T00:00:00Z,5.5,0,0
332,2013-05-13T00:00:00Z,30,2013-06-12T00:00:00Z,3.5,0,0
332,2013-05-13T00:00:00Z,30,2013-06-12T00:00:00Z,4.5,0,0
332,2013-05-13T00:00:00Z,30,2013-06-12T00:00:00Z,5.5,0,0
333,2013-05-20T00:00:00Z,1,2013-05-21T00:00:00Z,3.5,0,0
333,2013-05-20T00:00:00Z,1,2013-05-21T00:00:00Z,4.5,0,0
333,2013-05-20T00:00:00Z,1,2013-05-21T00:00:00Z,5.5,0,0
333,2013-05-20T00:00:00Z,7,2013-05-27T00:00:00Z,3.5,0,0
333,2013-05-20T00:00:00Z,7,2013-05-27T00:00:00Z,4.5,1,0
333,2013-05-20T00:00:00Z,7,2013-05-27T00:00:00Z,5.5,0,0
333,2013-05-20T00:00:00Z,30,2013-06-19T00:00:00Z,3.5,0,0
333,2013-05-20T00:00:00Z,30,2013-06-19T00:00:00Z,4.5,0,0
333,2013-05-20T00:00:00Z,30,2013-06-19T00:00:00Z,5.5,0,0
334,2013-05-27T00:00:00Z,1,2013-05-28T00:00:00Z,3.5,0,0
334,2013-05-27T00:00:00Z,1,2013-05-28T00:00:00Z,4.5,0,0
334,2013-05-27T00:00:00Z,1,2013-05-28T00:00:00Z,5.5,0,0
334,2013-05-27T00:00:00Z,7,2013-06-03T00:00:00Z,3.5,0,0
334,2013-05-27T00:00:00Z,7,2013-06-03T00:00:00Z,4.5,1,0
334,2013-05-27T00:00:00Z,7,2013-06-03T00:00:00Z,5.5,0,0
334,2013-05-27T00:00:00Z,30,2013-06-26T00:00:00Z,3.5,0,0
334,2013-05-27T00:00:00Z,30,2013-06-26T00:00:00Z,4.5,0,0
334,2013-05-27T00:00:00Z,30,2013-06-26T00:00:00Z,5.5,0,0
335,2013-06-03T00:00:00Z,1,2013-06-04T00:00:00Z,3.5,0,0
335,2013-06-03T00:00:00Z,1,2013-06-04T00:00:00Z,4.5,0,0
335,2013-06-03T00:00:00Z,1,2013-06-04T00:00:00Z,5.5,0,0
335,2013-06-03T00:00:00Z,7,2013-06-10T00:00:00Z,3.5,0,0
335,2013-06-03T00:00:00Z,7,2013-06-10T00:00:00Z,4.5,1,0
335,2013-06-03T00:00:00Z,7,2013-06-10T00:00:00Z,5.5,0,0
335,2013-06-03T00:00:00Z,30,2013-07-03T00:00:00Z,3.5,0,0
335,2013-06-03T00:00:00Z,30,2013-07-03T00:00:00Z,4.5,0,0
335,2013-06-03T00:00:00Z,30,2013-07-03T00:00:00Z,5.5,0,0
336,2013-06-10T00:00:00Z,1,2013-06-11T00:00:00Z,3.5,0,0
336,2013-06-10T00:00:00Z,1,2013-06-11T00:00:00Z,4.5,0,0
336,2013-06-10T00:00:00Z,1,2013-06-11T00:00:00Z,5.5,0,0
336,2013-06-10T00:00:00Z,7,2013-06-17T00:00:00Z,3.5,0,0
336,2013-06-10T00:00:00Z,7,2013-06-17T00:00:00Z,4.5,1,0
336,2013-06-10T00:00:00Z,7,2013-06-17T00:00:00Z,5.5,0,0
336,2013-06-10T00:00:00Z,30,2013-07-10T00:00:00Z,3.5,0,0
336,2013-06-10T00:00:00Z,30,2013-07-10T00:00:00Z,4.5,0,0
336,2013-06-10T00:00:00Z,30,2013-07-10T00:00:00Z,5.5,0,0
337,2013-06-17T00:00:00Z,1,2013-06-18T00:00:00Z,3.5,0,0
337,2013-06-17T00:00:00Z,1,2013-06-18T00:00:00Z,4.5,0,0
337,2013-06-17T00:00:00Z,1,2013-06-18T00:00:00Z,5.5,0,0
337,2013-06-17T00:00:00Z,7,2013-06-24T00:00:00Z,3.5,0,0
337,2013-06-17T00:00:00Z,7,2013-06-24T00:00:00Z,4.5,1,0
337,2013-06-17T00:00:00Z,7,2013-06-24T00:00:00Z,5.5,0,0
337,2013-06-17T00:00:00Z,30,2013-07-17T00:00:00Z,3.5,0,0
337,2013-06-17T00:00:00Z,30,2013-07-17T00:00:00Z,4.5,0,0
337,2013-06-17T00:00:00Z,30,2013-07-17T00:00:00Z,5.5,0,0
338,2013-06-24T00:00:00Z,1,2013-06-25T00:00:00Z,3.5,0,0
338,2013-06-24T00:00:00Z,1,2013-06-25T00:00:00Z,4.5,0,0
338,2013-06-24T00:00:00Z,1,2013-06-25T00:00:00Z,5.5,0,0
338,2013-06-24T00:00:00Z,7,2013-07-01T00:00:00Z,3.5,0,0
338,2013-06-24T00:00:00Z,7,2013-07-01T00:00:00Z,4.5,1,0
338,2013-06-24T00:00:00Z,7,2013-07-01T00:00:00Z,5.5,0,0
338,2013-06-24T00:00:00Z,30,2013-07-24T00:00:00Z,3.5,0,0
338,2013-06-24T00:00:00Z,30,2013-07-24T00:00:00Z,4.5,0,0
338,2013-06-24T00:00:00Z,30,2013-07-24T00:00:00Z,5.5,0,0
339,2013-07-01T00:00:00Z,1,2013-07-02T00:00:00Z,3.5,0,0
339,2013-07-01T00:00:00Z,1,2013-07-02T00:00:00Z,4.5,0,0
339,2013-07-01T00:00:00Z,1,2013-07-02T00:00:00Z,5.5,0,0
339,2013-07-01T00:00:00Z,7,2013-07-08T00:00:00Z,3.5,0,0
339,2013-07-01T00:00:00Z,7,2013-07-08T00:00:00Z,4.5,1,0
339,2013-07-01T00:00:00Z,7,2013-07-08T00:00:00Z,5.5,0,0
339,2013-07-01T00:00:00Z,30,2013-07-31T00:00:00Z,3.5,0,0
339,2013-07-01T00:00:00Z,30,2013-07-31T00:00:00Z,4.5,0,0
339,2013-07-01T00:00:00Z,30,2013-07-31T00:00:00Z,5.5,0,0
340,2013-07-08T00:00:00Z,1,2013-07-09T00:00:00Z,3.5,0,1
340,2013-07-08T00:00:00Z,1,2013-07-09T00:00:00Z,4.5,0,1
340,2013-07-08T00:00:00Z,1,2013-07-09T00:00:00Z,5.5,0,1
340,2013-07-08T00:00:00Z,7,2013-07-15T00:00:00Z,3.5,0,1
340,2013-07-08T00:00:00Z,7,2013-07-15T00:00:00Z,4.5,1,1
340,2013-07-08T00:00:00Z,7,2013-07-15T00:00:00Z,5.5,0,1
340,2013-07-08T00:00:00Z,30,2013-08-07T00:00:00Z,3.5,0,1
340,2013-07-08T00:00:00Z,30,2013-08-07T00:00:00Z,4.5,0,1
340,2013-07-08T00:00:00Z,30,2013-08-07T00:00:00Z,5.5,0,1
341,2013-07-15T00:00:00Z,1,2013-07-16T00:00:00Z,3.5,0,0
341,2013-07-15T00:00:00Z,1,2013-07-16T00:00:00Z,4.5,0,0
341,2013-07-15T00:00:00Z,1,2013-07-16T00:00:00Z,5.5,0,0
341,2013-07-15T00:00:00Z,7,2013-07-22T00:00:00Z,3.5,0,0
341,2013-07-15T00:00:00Z,7,2013-07-22T00:00:00Z,4.5,1,0
341,2013-07-15T00:00:00Z,7,2013-07-22T00:00:00Z,5.5,0,0
341,2013-07-15T00:00:00Z,30,2013-08-14T00:00:00Z,3.5,0,0
341,2013-07-15T00:00:00Z,30,2013-08-14T00:00:00Z,4.5,0,0
341,2013-07-15T00:00:00Z,30,2013-08-14T00:00:00Z,5.5,0,0
342,2013-07-22T00:00:00Z,1,2013-07-23T00:00:00Z,3.5,0,0
342,2013-07-22T00:00:00Z,1,2013-07-23T00:00:00Z,4.5,0,0
342,2013-07-22T00:00:00Z,1,2013-07-23T00:00:00Z,5.5,0,0
342,2013-07-22T00:00:00Z,7,2013-07-29T00:00:00Z,3.5,0,0
342,2013-07-22T00:00:00Z,7,2013-07-29T00:00:00Z,4.5,1,0
342,2013-07-22T00:00:00Z,7,2013-07-29T00:00:00Z,5.5,0,0
342,2013-07-22T00:00:00Z,30,2013-08-21T00:00:00Z,3.5,0,0
342,2013-07-22T00:00:00Z,30,2013-08-21T00:00:00Z,4.5,0,0
342,2013-07-22T00:00:00Z,30,2013-08-21T00:00:00Z,5.5,0,0
343,2013-07-29T00:00:00Z,1,2013-07-30T00:00:00Z,3.5,0,0
343,2013-07-29T00:00:00Z,1,2013-07-30T00:00:00Z,4.5,0,0
343,2013-07-29T00:00:00Z,1,2013-07-30T00:00:00Z,5.5,0,0
343,2013-07-29T00:00:00Z,7,2013-08-05T00:00:00Z,3.5,0,0
343,2013-07-29T00:00:00Z,7,2013-08-05T00:00:00Z,4.5,1,0
343,2013-07-29T00:00:00Z,7,2013-08-05T00:00:00Z,5.5,0,0
343,2013-07-29T00:00:00Z,30,2013-08-28T00:00:00Z,3.5,0,0
343,2013-07-29T00:00:00Z,30,2013-08-28T00:00:00Z,4.5,0,0
343,2013-07-29T00:00:00Z,30,2013-08-28T00:00:00Z,5.5,0,0
344,2013-08-05T00:00:00Z,1,2013-08-06T00:00:00Z,3.5,0,0
344,2013-08-05T00:00:00Z,1,2013-08-06T00:00:00Z,4.5,0,0
344,2013-08-05T00:00:00Z,1,2013-08-06T00:00:00Z,5.5,0,0
344,2013-08-05T00:00:00Z,7,2013-08-12T00:00:00Z,3.5,0,0
344,2013-08-05T00:00:00Z,7,2013-08-12T00:00:00Z,4.5,1,0
344,2013-08-05T00:00:00Z,7,2013-08-12T00:00:00Z,5.5,0,0
344,2013-08-05T00:00:00Z,30,2013-09-04T00:00:00Z,3.5,0,0
344,2013-08-05T00:00:00Z,30,2013-09-04T00:00:00Z,4.5,0,0
344,2013-08-05T00:00:00Z,30,2013-09-04T00:00:00Z,5.5,0,0
345,2013-08-12T00:00:00Z,1,2013-08-13T00:00:00Z,3.5,0,0
345,2013-08-12T00:00:00Z,1,2013-08-13T00:00:00Z,4.5,0,0
345,2013-08-12T00:00:00Z,1,2013-08-13T00:00:00Z,5.5,0,0
345,2013-08-12T00:00:00Z,7,2013-08-19T00:00:00Z,3.5,0,0
345,2013-08-12T00:00:00Z,7,2013-08-19T00:00:00Z,4.5,1,0
345,2013-08-12T00:00:00Z,7,2013-08-19T00:00:00Z,5.5,0,0
345,2013-08-12T00:00:00Z,30,2013-09-11T00:00:00Z,3.5,0,0
345,2013-08-12T00:00:00Z,30,2013-09-11T00:00:00Z,4.5,0,0
345,2013-08-12T00:00:00Z,30,2013-09-11T00:00:00Z,5.5,0,0
346,2013-08-19T00:00:00Z,1,2013-08-20T00:00:00Z,3.5,0,0
346,2013-08-19T00:00:00Z,1,2013-08-20T00:00:00Z,4.5,0,0
346,2013-08-19T00:00:00Z,1,2013-08-20T00:00:00Z,5.5,0,0
346,2013-08-19T00:00:00Z,7,2013-08-26T00:00:00Z,3.5,0,0
346,2013-08-19T00:00:00Z,7,2013-08-26T00:00:00Z,4.5,1,0
346,2013-08-19T00:00:00Z,7,2013-08-26T00:00:00Z,5.5,0,0
346,2013-08-19T00:00:00Z,30,2013-09-18T00:00:00Z,3.5,0,0
346,2013-08-19T00:00:00Z,30,2013-09-18T00:00:00Z,4.5,0,0
346,2013-08-19T00:00:00Z,30,2013-09-18T00:00:00Z,5.5,0,0
347,2013-08-26T00:00:00Z,1,2013-08-27T00:00:00Z,3.5,0,0
347,2013-08-26T00:00:00Z,1,2013-08-27T00:00:00Z,4.5,0,0
347,2013-08-26T00:00:00Z,1,2013-08-27T00:00:00Z,5.5,0,0
347,2013-08-26T00:00:00Z,7,2013-09-02T00:00:00Z,3.5,0,0
347,2013-08-26T00:00:00Z,7,2013-09-02T00:00:00Z,4.5,1,0
347,2013-08-26T00:00:00Z,7,2013-09-02T00:00:00Z,5.5,0,0
347,2013-08-26T00:00:00Z,30,2013-09-25T00:00:00Z,3.5,0,0
347,2013-08-26T00:00:00Z,30,2013-09-25T00:00:00Z,4.5,0,0
347,2013-08-26T00:00:00Z,30,2013-09-25T00:00:00Z,5.5,0,0
348,2013-09-02T00:00:00Z,1,2013-09-03T00:00:00Z,3.5,0,0
348,2013-09-02T00:00:00Z,1,2013-09-03T00:00:00Z,4.5,0,0
348,2013-09-02T00:00:00Z,1,2013-09-03T00:00:00Z,5.5,0,0
348,2013-09-02T00:00:00Z,7,2013-09-09T00:00:00Z,3.5,0,0
348,2013-09-02T00:00:00Z,7,2013-09-09T00:00:00Z,4.5,1,0
348,2013-09-02T00:00:00Z,7,2013-09-09T00:00:00Z,5.5,0,0
348,2013-09-02T00:00:00Z,30,2013-10-02T00:00:00Z,3.5,0,0
348,2013-09-02T00:00:00Z,30,2013-10-02T00:00:00Z,4.5,0,0
348,2013-09-02T00:00:00Z,30,2013-10-02T00:00:00Z,5.5,0,0
349,2013-09-09T00:00:00Z,1,2013-09-10T00:00:00Z,3.5,0,0
349,2013-09-09T00:00:00Z,1,2013-09-10T00:00:00Z,4.5,0,0
349,2013-09-09T00:00:00Z,1,2013-09-10T00:00:00Z,5.5,0,0
349,2013-09-09T00:00:00Z,7,2013-09-16T00:00:00Z,3.5,0,0
349,2013-09-09T00:00:00Z,7,2013-09-16T00:00:00Z,4.5,1,0
349,2013-09-09T00:00:00Z,7,2013-09-16T00:00:00Z,5.5,0,0
349,2013-09-09T00:00:00Z,30,2013-10-09T00:00:00Z,3.5,0,0
349,2013-09-09T00:00:00Z,30,2013-10-09T00:00:00Z,4.5,0,0
349,2013-09-09T00:00:00Z,30,2013-10-09T00:00:00Z,5.5,0,0
350,2013-09-16T00:00:00Z,1,2013-09-17T00:00:00Z,3.5,0,0
350,2013-09-16T00:00:00Z,1,2013-09-17T00:00:00Z,4.5,0,0
350,2013-09-16T00:00:00Z,1,2013-09-17T00:00:00Z,5.5,0,0
350,2013-09-16T00:00:00Z,7,2013-09-23T00:00:00Z,3.5,0,0
350,2013-09-16T00:00:00Z,7,2013-09-23T00:00:00Z,4.5,1,0
350,2013-09-16T00:00:00Z,7,2013-09-23T00:00:00Z,5.5,0,0
350,2013-09-16T00:00:00Z,30,2013-10-16T00:00:00Z,3.5,0,0
350,2013-09-16T00:00:00Z,30,2013-10-16T00:00:00Z,4.5,0,0
350,2013-09-16T00:00:00Z,30,2013-10-16T00:00:00Z,5.5,0,0
351,2013-09-23T00:00:00Z,1,2013-09-24T00:00:00Z,3.5,0,0
351,2013-09-23T00:00:00Z,1,2013-09-24T00:00:00Z,4.5,0,0
351,2013-09-23T00:00:00Z,1,2013-09-24T00:00:00Z,5.5,0,0
351,2013-09-23T00:00:00Z,7,2013-09-30T00:00:00Z,3.5,0,0
351,2013-09-23T00:00:00Z,7,2013-09-30T00:00:00Z,4.5,1,0
351,2013-09-23T00:00:00Z,7,2013-09-30T00:00:00Z,5.5,0,0
351,2013-09-23T00:00:00Z,30,2013-10-23T00:00:00Z,3.5,0,0
351,2013-09-23T00:00:00Z,30,2013-10-23T00:00:00Z,4.5,0,0
351,2013-09-23T00:00:00Z,30,2013-10-23T00:00:00Z,5.5,0,0
352,2013-09-30T00:00:00Z,1,2013-10-01T00:00:00Z,3.5,0,0
352,2013-09-30T00:00:00Z,1,2013-10-01T00:00:00Z,4.5,0,0
352,2013-09-30T00:00:00Z,1,2013-10-01T00:00:00Z,5.5,0,0
352,2013-09-30T00:00:00Z,7,2013-10-07T00:00:00Z,3.5,0,0
352,2013-09-30T00:00:00Z,7,2013-10-07T00:00:00Z,4.5,1,0
352,2013-09-30T00:00:00Z,7,2013-10-07T00:00:00Z,5.5,0,0
352,2013-09-30T00:00:00Z,30,2013-10-30T00:00:00Z,3.5,0,0
352,2013-09-30T00:00:00Z,30,2013-10-30T00:00:00Z,4.5,0,0
352,2013-09-30T00:00:00Z,30,2013-10-30T00:00:00Z,5.5,0,0
353,2013-10-07T00:00:00Z,1,2013-10-08T00:00:00Z,3.5,0,0
353,2013-10-07T00:00:00Z,1,2013-10-08T00:00:00Z,4.5,0,0
353,2013-10-07T00:00:00Z,1,2013-10-08T00:00:00Z,5.5,0,0
353,2013-10-07T00:00:00Z,7,2013-10-14T00:00:00Z,3.5,0,0
353,2013-10-07T00:00:00Z,7,2013-10-14T00:00:00Z,4.5,1,0
353,2013-10-07T00:00:00Z,7,2013-10-14T00:00:00Z,5.5,0,0
353,2013-10-07T00:00:00Z,30,2013-11-06T00:00:00Z,3.5,0,0
353,2013-10-07T00:00:00Z,30,2013-11-06T00:00:00Z,4.5,0,0
353,2013-10-07T00:00:00Z,30,2013-11-06T00:00:00Z,5.5,0,0
354,2013-10-14T00:00:00Z,1,2013-10-15T00:00:00Z,3.5,0,0
354,2013-10-14T00:00:00Z,1,2013-10-15T00:00:00Z,4.5,0,0
354,2013-10-14T00:00:00Z,1,2013-10-15T00:00:00Z,5.5,0,0
354,2013-10-14T00:00:00Z,7,2013-10-21T00:00:00Z,3.5,0,0
354,2013-10-14T00:00:00Z,7,2013-10-21T00:00:00Z,4.5,1,0
354,2013-10-14T00:00:00Z,7,2013-10-21T00:00:00Z,5.5,0,0
354,2013-10-14T00:00:00Z,30,2013-11-13T00:00:00Z,3.5,0,0
354,2013-10-14T00:00:00Z,30,2013-11-13T00:00:00Z,4.5,0,0
354,2013-10-14T00:00:00Z,30,2013-11-13T00:00:00Z,5.5,0,0
355,2013-10-21T00:00:00Z,1,2013-10-22T00:00:00Z,3.5,0,0
355,2013-10-21T00:00:00Z,1,2013-10-22T00:00:00Z,4.5,0,0
355,2013-10-21T00:00:00Z,1,2013-10-22T00:00:00Z,5.5,0,0
355,2013-10-21T00:00:00Z,7,2013-10-28T00:00:00Z,3.5,0,0
355,2013-10-21T00:00:00Z,7,2013-10-28T00:00:00Z,4.5,1,0
355,2013-10-21T00:00:00Z,7,2013-10-28T00:00:00Z,5.5,0,0
355,2013-10-21T00:00:00Z,30,2013-11-20T00:00:00Z,3.5,0,0
355,2013-10-21T00:00:00Z,30,2013-11-20T00:00:00Z,4.5,0,0
355,2013-10-21T00:00:00Z,30,2013-11-20T00:00:00Z,5.5,0,0
356,2013-10-28T00:00:00Z,1,2013-10-29T00:00:00Z,3.5,0,0
356,2013-10-28T00:00:00Z,1,2013-10-29T00:00:00Z,4.5,0,0
356,2013-10-28T00:00:00Z,1,2013-10-29T00:00:00Z,5.5,0,0
356,2013-10-28T00:00:00Z,7,2013-11-04T00:00:00Z,3.5,0,0
356,2013-10-28T00:00:00Z,7,2013-11-04T00:00:00Z,4.5,1,0
356,2013-10-28T00:00:00Z,7,2013-11-04T00:00:00Z,5.5,0,0
356,2013-10-28T00:00:00Z,30,2013-11-27T00:00:00Z,3.5,0,0
356,2013-10-28T00:00:00Z,30,2013-11-27T00:00:00Z,4.5,0,0
356,2013-10-28T00:00:00Z,30,2013-11-27T00:00:00Z,5.5,0,0
357,2013-11-04T00:00:00Z,1,2013-11-05T00:00:00Z,3.5,0,0
357,2013-11-04T00:00:00Z,1,2013-11-05T00:00:00Z,4.5,0,0
357,2013-11-04T00:00:00Z,1,2013-11-05T00:00:00Z,5.5,0,0
357,2013-11-04T00:00:00Z,7,2013-11-11T00:00:00Z,3.5,0,0
357,2013-11-04T00:00:00Z,7,2013-11-11T00:00:00Z,4.5,1,0
357,2013-11-04T00:00:00Z,7,2013-11-11T00:00:00Z,5.5,0,0
357,2013-11-04T00:00:00Z,30,2013-12-04T00:00:00Z,3.5,0,0
357,2013-11-04T00:00:00Z,30,2013-12-04T00:00:00Z,4.5,0,0
357,2013-11-04T00:00:00Z,30,2013-12-04T00:00:00Z,5.5,0,0
358,2013-11-11T00:00:00Z,1,2013-11-12T00:00:00Z,3.5,0,0
358,2013-11-11T00:00:00Z,1,2013-11-12T00:00:00Z,4.5,0,0
358,2013-11-11T00:00:00Z,1,2013-11-12T00:00:00Z,5.5,0,0
358,2013-11-11T00:00:00Z,7,2013-11-18T00:00:00Z,3.5,0,0
358,2013-11-11T00:00:00Z,7,2013-11-18T00:00:00Z,4.5,1,0
358,2013-11-11T00:00:00Z,7,2013-11-18T00:00:00Z,5.5,0,0
358,2013-11-11T00:00:00Z,30,2013-12-11T00:00:00Z,3.5,0,0
358,2013-11-11T00:00:00Z,30,2013-12-11T00:00:00Z,4.5,0,0
358,2013-11-11T00:00:00Z,30,2013-12-11T00:00:00Z,5.5,0,0
359,2013-11-18T00:00:00Z,1,2013-11-19T00:00:00Z,3.5,0,0
359,2013-11-18T00:00:00Z,1,2013-11-19T00:00:00Z,4.5,0,0
359,2013-11-18T00:00:00Z,1,2013-11-19T00:00:00Z,5.5,0,0
359,2013-11-18T00:00:00Z,7,2013-11-25T00:00:00Z,3.5,0,0
359,2013-11-18T00:00:00Z,7,2013-11-25T00:00:00Z,4.5,1,0
359,2013-11-18T00:00:00Z,7,2013-11-25T00:00:00Z,5.5,0,0
359,2013-11-18T00:00:00Z,30,2013-12-18T00:00:00Z,3.5,0,0
359,2013-11-18T00:00:00Z,30,2013-12-18T00:00:00Z,4.5,0,0
359,2013-11-18T00:00:00Z,30,2013-12-18T00:00:00Z,5.5,0,0
360,2013-11-25T00:00:00Z,1,2013-11-26T00:00:00Z,3.5,0,1
360,2013-11-25T00:00:00Z,1,2013-11-26T00:00:00Z,4.5,0,1
360,2013-11-25T00:00:00Z,1,2013-11-26T00:00:00Z,5.5,0,1
360,2013-11-25T00:00:00Z,7,2013-12-02T00:00:00Z,3.5,0,1
360,2013-11-25T00:00:00Z,7,2013-12-02T00:00:00Z,4.5,1,1
360,2013-11-25T00:00:00Z,7,2013-12-02T00:00:00Z,5.5,0,1
360,2013-11-25T00:00:00Z,30,2013-12-25T00:00:00Z,3.5,0,1
360,2013-11-25T00:00:00Z,30,2013-12-25T00:00:00Z,4.5,0,1
360,2013-11-25T00:00:00Z,30,2013-12-25T00:00:00Z,5.5,0,1
361,2013-12-02T00:00:00Z,1,2013-12-03T00:00:00Z,3.5,0,0
361,2013-12-02T00:00:00Z,1,2013-12-03T00:00:00Z,4.5,0,0
361,2013-12-02T00:00:00Z,1,2013-12-03T00:00:00Z,5.5,0,0
361,2013-12-02T00:00:00Z,7,2013-12-09T00:00:00Z,3.5,0,0
361,2013-12-02T00:00:00Z,7,2013-12-09T00:00:00Z,4.5,1,0
361,2013-12-02T00:00:00Z,7,2013-12-09T00:00:00Z,5.5,0,0
361,2013-12-02T00:00:00Z,30,2014-01-01T00:00:00Z,3.5,0,0
361,2013-12-02T00:00:00Z,30,2014-01-01T00:00:00Z,4.5,0,0
361,2013-12-02T00:00:00Z,30,2014-01-01T00:00:00Z,5.5,0,0
362,2013-12-09T00:00:00Z,1,2013-12-10T00:00:00Z,3.5,0,0
362,2013-12-09T00:00:00Z,1,2013-12-10T00:00:00Z,4.5,0,0
362,2013-12-09T00:00:00Z,1,2013-12-10T00:00:00Z,5.5,0,0
362,2013-12-09T00:00:00Z,7,2013-12-16T00:00:00Z,3.5,0,0
362,2013-12-09T00:00:00Z,7,2013-12-16T00:00:00Z,4.5,1,0
362,2013-12-09T00:00:00Z,7,2013-12-16T00:00:00Z,5.5,0,0
362,2013-12-09T00:00:00Z,30,2014-01-08T00:00:00Z,3.5,0,0
362,2013-12-09T00:00:00Z,30,2014-01-08T00:00:00Z,4.5,0,0
362,2013-12-09T00:00:00Z,30,2014-01-08T00:00:00Z,5.5,0,0
363,2013-12-16T00:00:00Z,1,2013-12-17T00:00:00Z,3.5,0,0
363,2013-12-16T00:00:00Z,1,2013-12-17T00:00:00Z,4.5,0,0
363,2013-12-16T00:00:00Z,1,2013-12-17T00:00:00Z,5.5,0,0
363,2013-12-16T00:00:00Z,7,2013-12-23T00:00:00Z,3.5,0,0
363,2013-12-16T00:00:00Z,7,2013-12-23T00:00:00Z,4.5,1,0
363,2013-12-16T00:00:00Z,7,2013-12-23T00:00:00Z,5.5,0,0
363,2013-12-16T00:00:00Z,30,2014-01-15T00:00:00Z,3.5,0,0
363,2013-12-16T00:00:00Z,30,2014-01-15T00:00:00Z,4.5,0,0
363,2013-12-16T00:00:00Z,30,2014-01-15T00:00:00Z,5.5,0,0
364,2013-12-23T00:00:00Z,1,2013-12-24T00:00:00Z,3.5,0,0
364,2013-12-23T00:00:00Z,1,2013-12-24T00:00:00Z,4.5,0,0
364,2013-12-23T00:00:00Z,1,2013-12-24T00:00:00Z,5.5,0,0
364,2013-12-23T00:00:00Z,7,2013-12-30T00:00:00Z,3.5,0,0
364,2013-12-23T00:00:00Z,7,2013-12-30T00:00:00Z,4.5,1,0
364,2013-12-23T00:00:00Z,7,2013-12-30T00:00:00Z,5.5,0,0
364,2013-12-23T00:00:00Z,30,2014-01-22T00:00:00Z,3.5,0,0
364,2013-12-23T00:00:00Z,30,2014-01-22T00:00:00Z,4.5,0,0
364,2013-12-23T00:00:00Z,30,2014-01-22T00:00:00Z,5.5,0,0
365,2013-12-30T00:00:00Z,1,2013-12-31T00:00:00Z,3.5,0,0
365,2013-12-30T00:00:00Z,1,2013-12-31T00:00:00Z,4.5,0,0
365,2013-12-30T00:00:00Z,1,2013-12-31T00:00:00Z,5.5,0,0
365,2013-12-30T00:00:00Z,7,2014-01-06T00:00:00Z,3.5,0,0
365,2013-12-30T00:00:00Z,7,2014-01-06T00:00:00Z,4.5,1,0
365,2013-12-30T00:00:00Z,7,2014-01-06T00:00:00Z,5.5,0,0
365,2013-12-30T00:00:00Z,30,2014-01-29T00:00:00Z,3.5,0,0
365,2013-12-30T00:00:00Z,30,2014-01-29T00:00:00Z,4.5,0,0
365,2013-12-30T00:00:00Z,30,2014-01-29T00:00:00Z,5.5,0,0
366,2014-01-06T00:00:00Z,1,2014-01-07T00:00:00Z,3.5,0,0
366,2014-01-06T00:00:00Z,1,2014-01-07T00:00:00Z,4.5,0,0
366,2014-01-06T00:00:00Z,1,2014-01-07T00:00:00Z,5.5,0,0
366,2014-01-06T00:00:00Z,7,2014-01-13T00:00:00Z,3.5,0,0
366,2014-01-06T00:00:00Z,7,2014-01-13T00:00:00Z,4.5,1,0
366,2014-01-06T00:00:00Z,7,2014-01-13T00:00:00Z,5.5,0,0
366,2014-01-06T00:00:00Z,30,2014-02-05T00:00:00Z,3.5,0,0
366,2014-01-06T00:00:00Z,30,2014-02-05T00:00:00Z,4.5,0,0
366,2014-01-06T00:00:00Z,30,2014-02-05T00:00:00Z,5.5,0,0
367,2014-01-13T00:00:00Z,1,2014-01-14T00:00:00Z,3.5,0,0
367,2014-01-13T00:00:00Z,1,2014-01-14T00:00:00Z,4.5,0,0
367,2014-01-13T00:00:00Z,1,2014-01-14T00:00:00Z,5.5,0,0
367,2014-01-13T00:00:00Z,7,2014-01-20T00:00:00Z,3.5,0,0
367,2014-01-13T00:00:00Z,7,2014-01-20T00:00:00Z,4.5,1,0
367,2014-01-13T00:00:00Z,7,2014-01-20T00:00:00Z,5.5,0,0
367,2014-01-13T00:00:00Z,30,2014-02-12T00:00:00Z,3.5,0,0
367,2014-01-13T00:00:00Z,30,2014-02-12T00:00:00Z,4.5,0,0
367,2014-01-13T00:00:00Z,30,2014-02-12T00:00:00Z,5.5,0,0
368,2014-01-20T00:00:00Z,1,2014-01-21T00:00:00Z,3.5,0,0
368,2014-01-20T00:00:00Z,1,2014-01-21T00:00:00Z,4.5,0,0
368,2014-01-20T00:00:00Z,1,2014-01-21T00:00:00Z,5.5,0,0
368,2014-01-20T00:00:00Z,7,2014-01-27T00:00:00Z,3.5,0,0
368,2014-01-20T00:00:00Z,7,2014-01-27T00:00:00Z,4.5,1,0
368,2014-01-20T00:00:00Z,7,2014-01-27T00:00:00Z,5.5,0,0
368,2014-01-20T00:00:00Z,30,2014-02-19T00:00:00Z,3.5,0,0
368,2014-01-20T00:00:00Z,30,2014-02-19T00:00:00Z,4.5,0,0
368,2014-01-20T00:00:00Z,30,2014-02-19T00:00:00Z,5.5,0,0
369,2014-01-27T00:00:00Z,1,2014-01-28T00:00:00Z,3.5,0,0
369,2014-01-27T00:00:00Z,1,2014-01-28T00:00:00Z,4.5,0,0
369,2014-01-27T00:00:00Z,1,2014-01-28T00:00:00Z,5.5,0,0
369,2014-01-27T00:00:00Z,7,2014-02-03T00:00:00Z,3.5,0,0
369,2014-01-27T00:00:00Z,7,2014-02-03T00:00:00Z,4.5,1,0
369,2014-01-27T00:00:00Z,7,2014-02-03T00:00:00Z,5.5,0,0
369,2014-01-27T00:00:00Z,30,2014-02-26T00:00:00Z,3.5,0,0
369,2014-01-27T00:00:00Z,30,2014-02-26T00:00:00Z,4.5,0,0
369,2014-01-27T00:00:00Z,30,2014-02-26T00:00:00Z,5.5,0,0
370,2014-02-03T00:00:00Z,1,2014-02-04T00:00:00Z,3.5,0,0
370,2014-02-03T00:00:00Z,1,2014-02-04T00:00:00Z,4.5,0,0
370,2014-02-03T00:00:00Z,1,2014-02-04T00:00:00Z,5.5,0,0
370,2014-02-03T00:00:00Z,7,2014-02-10T00:00:00Z,3.5,0,0
370,2014-02-03T00:00:00Z,7,2014-02-10T00:00:00Z,4.5,1,0
370,2014-02-03T00:00:00Z,7,2014-02-10T00:00:00Z,5.5,0,0
370,2014-02-03T00:00:00Z,30,2014-03-05T00:00:00Z,3.5,0,0
370,2014-02-03T00:00:00Z,30,2014-03-05T00:00:00Z,4.5,0,0
370,2014-02-03T00:00:00Z,30,2014-03-05T00:00:00Z,5.5,0,0
371,2014-02-10T00:00:00Z,1,2014-02-11T00:00:00Z,3.5,0,0
371,2014-02-10T00:00:00Z,1,2014-02-11T00:00:00Z,4.5,0,0
371,2014-02-10T00:00:00Z,1,2014-02-11T00:00:00Z,5.5,0,0
371,2014-02-10T00:00:00Z,7,2014-02-17T00:00:00Z,3.5,0,0
371,2014-02-10T00:00:00Z,7,2014-02-17T00:00:00Z,4.5,1,0
371,2014-02-10T00:00:00Z,7,2014-02-17T00:00:00Z,5.5,0,0
371,2014-02-10T00:00:00Z,30,2014-03-12T00:00:00Z,3.5,0,0
371,2014-02-10T00:00:00Z,30,2014-03-12T00:00:00Z,4.5,0,0
371,2014-02-10T00:00:00Z,30,2014-03-12T00:00:00Z,5.5,0,0
372,2014-02-17T00:00:00Z,1,2014-02-18T00:00:00Z,3.5,0,0
372,2014-02-17T00:00:00Z,1,2014-02-18T00:00:00Z,4.5,0,0
372,2014-02-17T00:00:00Z,1,2014-02-18T00:00:00Z,5.5,0,0
372,2014-02-17T00:00:00Z,7,2014-02-24T00:00:00Z,3.5,0,0
372,2014-02-17T00:00:00Z,7,2014-02-24T00:00:00Z,4.5,1,0
372,2014-02-17T00:00:00Z,7,2014-02-24T00:00:00Z,5.5,0,0
372,2014-02-17T00:00:00Z,30,2014-03-19T00:00:00Z,3.5,0,0
372,2014-02-17T00:00:00Z,30,2014-03-19T00:00:00Z,4.5,0,0
372,2014-02-17T00:00:00Z,30,2014-03-19T00:00:00Z,5.5,0,0
373,2014-02-24T00:00:00Z,1,2014-02-25T00:00:00Z,3.5,0,0
373,2014-02-24T00:00:00Z,1,2014-02-25T00:00:00Z,4.5,0,0
373,2014-02-24T00:00:00Z,1,2014-02-25T00:00:00Z,5.5,0,0
373,2014-02-24T00:00:00Z,7,2014-03-03T00:00:00Z,3.5,0,0
373,2014-02-24T00:00:00Z,7,2014-03-03T00:00:00Z,4.5,1,0
373,2014-02-24T00:00:00Z,7,2014-03-03T00:00:00Z,5.5,0,0
373,2014-02-24T00:00:00Z,30,2014-03-26T00:00:00Z,3.5,0,0
373,2014-02-24T00:00:00Z,30,2014-03-26T00:00:00Z,4.5,0,0
373,2014-02-24T00:00:00Z,30,2014-03-26T00:00:00Z,5.5,0,0
374,2014-03-03T00:00:00Z,1,2014-03-04T00:00:00Z,3.5,0,0
374,2014-03-03T00:00:00Z,1,2014-03-04T00:00:00Z,4.5,0,0
374,2014-03-03T00:00:00Z,1,2014-03-04T00:00:00Z,5.5,0,0
374,2014-03-03T00:00:00Z,7,2014-03-10T00:00:00Z,3.5,0,0
374,2014-03-03T00:00:00Z,7,2014-03-10T00:00:00Z,4.5,1,0
374,2014-03-03T00:00:00Z,7,2014-03-10T00:00:00Z,5.5,0,0
374,2014-03-03T00:00:00Z,30,2014-04-02T00:00:00Z,3.5,0,0
374,2014-03-03T00:00:00Z,30,2014-04-02T00:00:00Z,4.5,0,0
374,2014-03-03T00:00:00Z,30,2014-04-02T00:00:00Z,5.5,0,0
375,2014-03-10T00:00:00Z,1,2014-03-11T00:00:00Z,3.5,0,0
375,2014-03-10T00:00:00Z,1,2014-03-11T00:00:00Z,4.5,0,0
375,2014-03-10T00:00:00Z,1,2014-03-11T00:00:00Z,5.5,0,0
375,2014-03-10T00:00:00Z,7,2014-03-17T00:00:00Z,3.5,0,0
375,2014-03-10T00:00:00Z,7,2014-03-17T00:00:00Z,4.5,1,0
375,2014-03-10T00:00:00Z,7,2014-03-17T00:00:00Z,5.5,0,0
375,2014-03-10T00:00:00Z,30,2014-04-09T00:00:00Z,3.5,0,0
375,2014-03-10T00:00:00Z,30,2014-04-09T00:00:00Z,4.5,0,0
375,2014-03-10T00:00:00Z,30,2014-04-09T00:00:00Z,5.5,0,0
376,2014-03-17T00:00:00Z,1,2014-03-18T00:00:00Z,3.5,0,0
376,2014-03-17T00:00:00Z,1,2014-03-18T00:00:00Z,4.5,0,0
376,2014-03-17T00:00:00Z,1,2014-03-18T00:00:00Z,5.5,0,0
376,2014-03-17T00:00:00Z,7,2014-03-24T00:00:00Z,3.5,0,0
376,2014-03-17T00:00:00Z,7,2014-03-24T00:00:00Z,4.5,1,0
376,2014-03-17T00:00:00Z,7,2014-03-24T00:00:00Z,5.5,0,0
376,2014-03-17T00:00:00Z,30,2014-04-16T00:00:00Z,3.5,0,0
376,2014-03-17T00:00:00Z,30,2014-04-16T00:00:00Z,4.5,0,0
376,2014-03-17T00:00:00Z,30,2014-04-16T00:00:00Z,5.5,0,0
377,2014-03-24T00:00:00Z,1,2014-03-25T00:00:00Z,3.5,0,0
377,2014-03-24T00:00:00Z,1,2014-03-25T00:00:00Z,4.5,0,0
377,2014-03-24T00:00:00Z,1,2014-03-25T00:00:00Z,5.5,0,0
377,2014-03-24T00:00:00Z,7,2014-03-31T00:00:00Z,3.5,0,0
377,2014-03-24T00:00:00Z,7,2014-03-31T00:00:00Z,4.5,1,0
377,2014-03-24T00:00:00Z,7,2014-03-31T00:00:00Z,5.5,0,0
377,2014-03-24T00:00:00Z,30,2014-04-23T00:00:00Z,3.5,0,0
377,2014-03-24T00:00:00Z,30,2014-04-23T00:00:00Z,4.5,0,0
377,2014-03-24T00:00:00Z,30,2014-04-23T00:00:00Z,5.5,0,0
378,2014-03-31T00:00:00Z,1,2014-04-01T00:00:00Z,3.5,0,0
378,2014-03-31T00:00:00Z,1,2014-04-01T00:00:00Z,4.5,0,0
378,2014-03-31T00:00:00Z,1,2014-04-01T00:00:00Z,5.5,0,0
378,2014-03-31T00:00:00Z,7,2014-04-07T00:00:00Z,3.5,0,0
378,2014-03-31T00:00:00Z,7,2014-04-07T00:00:00Z,4.5,1,0
378,2014-03-31T00:00:00Z,7,2014-04-07T00:00:00Z,5.5,0,0
378,2014-03-31T00:00:00Z,30,2014-04-30T00:00:00Z,3.5,0,0
378,2014-03-31T00:00:00Z,30,2014-04-30T00:00:00Z,4.5,0,0
378,2014-03-31T00:00:00Z,30,2014-04-30T00:00:00Z,5.5,0,0
379,2014-04-07T00:00:00Z,1,2014-04-08T00:00:00Z,3.5,0,0
379,2014-04-07T00:00:00Z,1,2014-04-08T00:00:00Z,4.5,0,0
379,2014-04-07T00:00:00Z,1,2014-04-08T00:00:00Z,5.5,0,0
379,2014-04-07T00:00:00Z,7,2014-04-14T00:00:00Z,3.5,0,0
379,2014-04-07T00:00:00Z,7,2014-04-14T00:00:00Z,4.5,1,0
379,2014-04-07T00:00:00Z,7,2014-04-14T00:00:00Z,5.5,0,0
379,2014-04-07T00:00:00Z,30,2014-05-07T00:00:00Z,3.5,0,0
379,2014-04-07T00:00:00Z,30,2014-05-07T00:00:00Z,4.5,0,0
379,2014-04-07T00:00:00Z,30,2014-05-07T00:00:00Z,5.5,0,0
380,2014-04-14T00:00:00Z,1,2014-04-15T00:00:00Z,3.5,0,1
380,2014-04-14T00:00:00Z,1,2014-04-15T00:00:00Z,4.5,0,1
380,2014-04-14T00:00:00Z,1,2014-04-15T00:00:00Z,5.5,0,1
380,2014-04-14T00:00:00Z,7,2014-04-21T00:00:00Z,3.5,0,1
380,2014-04-14T00:00:00Z,7,2014-04-21T00:00:00Z,4.5,1,1
380,2014-04-14T00:00:00Z,7,2014-04-21T00:00:00Z,5.5,0,1
380,2014-04-14T00:00:00Z,30,2014-05-14T00:00:00Z,3.5,0,1
380,2014-04-14T00:00:00Z,30,2014-05-14T00:00:00Z,4.5,0,1
380,2014-04-14T00:00:00Z,30,2014-05-14T00:00:00Z,5.5,0,1
381,2014-04-21T00:00:00Z,1,2014-04-22T00:00:00Z,3.5,0,0
381,2014-04-21T00:00:00Z,1,2014-04-22T00:00:00Z,4.5,0,0
381,2014-04-21T00:00:00Z,1,2014-04-22T00:00:00Z,5.5,0,0
381,2014-04-21T00:00:00Z,7,2014-04-28T00:00:00Z,3.5,0,0
381,2014-04-21T00:00:00Z,7,2014-04-28T00:00:00Z,4.5,1,0
381,2014-04-21T00:00:00Z,7,2014-04-28T00:00:00Z,5.5,0,0
381,2014-04-21T00:00:00Z,30,2014-05-21T00:00:00Z,3.5,0,0
381,2014-04-21T00:00:00Z,30,2014-05-21T00:00:00Z,4.5,0,0
381,2014-04-21T00:00:00Z,30,2014-05-21T00:00:00Z,5.5,0,0
382,2014-04-28T00:00:00Z,1,2014-04-29T00:00:00Z,3.5,0,0
382,2014-04-28T00:00:00Z,1,2014-04-29T00:00:00Z,4.5,0,0
382,2014-04-28T00:00:00Z,1,2014-04-29T00:00:00Z,5.5,0,0
382,2014-04-28T00:00:00Z,7,2014-05-05T00:00:00Z,3.5,0,0
382,2014-04-28T00:00:00Z,7,2014-05-05T00:00:00Z,4.5,1,0
382,2014-04-28T00:00:00Z,7,2014-05-05T00:00:00Z,5.5,0,0
382,2014-04-28T00:00:00Z,30,2014-05-28T00:00:00Z,3.5,0,0
382,2014-04-28T00:00:00Z,30,2014-05-28T00:00:00Z,4.5,0,0
382,2014-04-28T00:00:00Z,30,2014-05-28T00:00:00Z,5.5,0,0
383,2014-05-05T00:00:00Z,1,2014-05-06T00:00:00Z,3.5,0,0
383,2014-05-05T00:00:00Z,1,2014-05-06T00:00:00Z,4.5,0,0
383,2014-05-05T00:00:00Z,1,2014-05-06T00:00:00Z,5.5,0,0
383,2014-05-05T00:00:00Z,7,2014-05-12T00:00:00Z,3.5,0,0
383,2014-05-05T00:00:00Z,7,2014-05-12T00:00:00Z,4.5,1,0
383,2014-05-05T00:00:00Z,7,2014-05-12T00:00:00Z,5.5,0,0
383,2014-05-05T00:00:00Z,30,2014-06-04T00:00:00Z,3.5,0,0
383,2014-05-05T00:00:00Z,30,2014-06-04T00:00:00Z,4.5,0,0
383,2014-05-05T00:00:00Z,30,2014-06-04T00:00:00Z,5.5,0,0
384,2014-05-12T00:00:00Z,1,2014-05-13T00:00:00Z,3.5,0,0
384,2014-05-12T00:00:00Z,1,2014-05-13T00:00:00Z,4.5,0,0
384,2014-05-12T00:00:00Z,1,2014-05-13T00:00:00Z,5.5,0,0
384,2014-05-12T00:00:00Z,7,2014-05-19T00:00:00Z,3.5,0,0
384,2014-05-12T00:00:00Z,7,2014-05-19T00:00:00Z,4.5,1,0
384,2014-05-12T00:00:00Z,7,2014-05-19T00:00:00Z,5.5,0,0
384,2014-05-12T00:00:00Z,30,2014-06-11T00:00:00Z,3.5,0,0
384,2014-05-12T00:00:00Z,30,2014-06-11T00:00:00Z,4.5,0,0
384,2014-05-12T00:00:00Z,30,2014-06-11T00:00:00Z,5.5,0,0
385,2014-05-19T00:00:00Z,1,2014-05-20T00:00:00Z,3.5,0,0
385,2014-05-19T00:00:00Z,1,2014-05-20T00:00:00Z,4.5,0,0
385,2014-05-19T00:00:00Z,1,2014-05-20T00:00:00Z,5.5,0,0
385,2014-05-19T00:00:00Z,7,2014-05-26T00:00:00Z,3.5,0,0
385,2014-05-19T00:00:00Z,7,2014-05-26T00:00:00Z,4.5,1,0
385,2014-05-19T00:00:00Z,7,2014-05-26T00:00:00Z,5.5,0,0
385,2014-05-19T00:00:00Z,30,2014-06-18T00:00:00Z,3.5,0,0
385,2014-05-19T00:00:00Z,30,2014-06-18T00:00:00Z,4.5,0,0
385,2014-05-19T00:00:00Z,30,2014-06-18T00:00:00Z,5.5,0,0
386,2014-05-26T00:00:00Z,1,2014-05-27T00:00:00Z,3.5,0,0
386,2014-05-26T00:00:00Z,1,2014-05-27T00:00:00Z,4.5,0,0
386,2014-05-26T00:00:00Z,1,2014-05-27T00:00:00Z,5.5,0,0
386,2014-05-26T00:00:00Z,7,2014-06-02T00:00:00Z,3.5,0,0
386,2014-05-26T00:00:00Z,7,2014-06-02T00:00:00Z,4.5,1,0
386,2014-05-26T00:00:00Z,7,2014-06-02T00:00:00Z,5.5,0,0
386,2014-05-26T00:00:00Z,30,2014-06-25T00:00:00Z,3.5,0,0
386,2014-05-26T00:00:00Z,30,2014-06-25T00:00:00Z,4.5,0,0
386,2014-05-26T00:00:00Z,30,2014-06-25T00:00:00Z,5.5,0,0
387,2014-06-02T00:00:00Z,1,2014-06-03T00:00:00Z,3.5,0,0
387,2014-06-02T00:00:00Z,1,2014-06-03T00:00:00Z,4.5,0,0
387,2014-06-02T00:00:00Z,1,2014-06-03T00:00:00Z,5.5,0,0
387,2014-06-02T00:00:00Z,7,2014-06-09T00:00:00Z,3.5,0,0
387,2014-06-02T00:00:00Z,7,2014-06-09T00:00:00Z,4.5,1,0
387,2014-06-02T00:00:00Z,7,2014-06-09T00:00:00Z,5.5,0,0
387,2014-06-02T00:00:00Z,30,2014-07-02T00:00:00Z,3.5,0,0
387,2014-06-02T00:00:00Z,30,2014-07-02T00:00:00Z,4.5,0,0
387,2014-06-02T00:00:00Z,30,2014-07-02T00:00:00Z,5.5,0,0
388,2014-06-09T00:00:00Z,1,2014-06-10T00:00:00Z,3.5,0,0
388,2014-06-09T00:00:00Z,1,2014-06-10T00:00:00Z,4.5,0,0
388,2014-06-09T00:00:00Z,1,2014-06-10T00:00:00Z,5.5,0,0
388,2014-06-09T00:00:00Z,7,2014-06-16T00:00:00Z,3.5,0,0
388,2014-06-09T00:00:00Z,7,2014-06-16T00:00:00Z,4.5,1,0
388,2014-06-09T00:00:00Z,7,2014-06-16T00:00:00Z,5.5,0,0
388,2014-06-09T00:00:00Z,30,2014-07-09T00:00:00Z,3.5,0,0
388,2014-06-09T00:00:00Z,30,2014-07-09T00:00:00Z,4.5,0,0
388,2014-06-09T00:00:00Z,30,2014-07-09T00:00:00Z,5.5,0,0
389,2014-06-16T00:00:00Z,1,2014-06-17T00:00:00Z,3.5,0,0
389,2014-06-16T00:00:00Z,1,2014-06-17T00:00:00Z,4.5,0,0
389,2014-06-16T00:00:00Z,1,2014-06-17T00:00:00Z,5.5,0,0
389,2014-06-16T00:00:00Z,7,2014-06-23T00:00:00Z,3.5,0,0
389,2014-06-16T00:00:00Z,7,2014-06-23T00:00:00Z,4.5,1,0
389,2014-06-16T00:00:00Z,7,2014-06-23T00:00:00Z,5.5,0,0
389,2014-06-16T00:00:00Z,30,2014-07-16T00:00:00Z,3.5,0,0
389,2014-06-16T00:00:00Z,30,2014-07-16T00:00:00Z,4.5,0,0
389,2014-06-16T00:00:00Z,30,2014-07-16T00:00:00Z,5.5,0,0
390,2014-06-23T00:00:00Z,1,2014-06-24T00:00:00Z,3.5,0,0
390,2014-06-23T00:00:00Z,1,2014-06-24T00:00:00Z,4.5,0,0
390,2014-06-23T00:00:00Z,1,2014-06-24T00:00:00Z,5.5,0,0
390,2014-06-23T00:00:00Z,7,2014-06-30T00:00:00Z,3.5,0,0
390,2014-06-23T00:00:00Z,7,2014-06-30T00:00:00Z,4.5,1,0
390,2014-06-23T00:00:00Z,7,2014-06-30T00:00:00Z,5.5,0,0
390,2014-06-23T00:00:00Z,30,2014-07-23T00:00:00Z,3.5,0,0
390,2014-06-23T00:00:00Z,30,2014-07-23T00:00:00Z,4.5,0,0
390,2014-06-23T00:00:00Z,30,2014-07-23T00:00:00Z,5.5,0,0
391,2014-06-30T00:00:00Z,1,2014-07-01T00:00:00Z,3.5,0,0
391,2014-06-30T00:00:00Z,1,2014-07-01T00:00:00Z,4.5,0,0
391,2014-06-30T00:00:00Z,1,2014-07-01T00:00:00Z,5.5,0,0
391,2014-06-30T00:00:00Z,7,2014-07-07T00:00:00Z,3.5,0,0
391,2014-06-30T00:00:00Z,7,2014-07-07T00:00:00Z,4.5,1,0
391,2014-06-30T00:00:00Z,7,2014-07-07T00:00:00Z,5.5,0,0
391,2014-06-30T00:00:00Z,30,2014-07-30T00:00:00Z,3.5,0,0
391,2014-06-30T00:00:00Z,30,2014-07-30T00:00:00Z,4.5,0,0
391,2014-06-30T00:00:00Z,30,2014-07-30T00:00:00Z,5.5,0,0
392,2014-07-07T00:00:00Z,1,2014-07-08T00:00:00Z,3.5,0,0
392,2014-07-07T00:00:00Z,1,2014-07-08T00:00:00Z,4.5,0,0
392,2014-07-07T00:00:00Z,1,2014-07-08T00:00:00Z,5.5,0,0
392,2014-07-07T00:00:00Z,7,2014-07-14T00:00:00Z,3.5,0,0
392,2014-07-07T00:00:00Z,7,2014-07-14T00:00:00Z,4.5,1,0
392,2014-07-07T00:00:00Z,7,2014-07-14T00:00:00Z,5.5,0,0
392,2014-07-07T00:00:00Z,30,2014-08-06T00:00:00Z,3.5,0,0
392,2014-07-07T00:00:00Z,30,2014-08-06T00:00:00Z,4.5,0,0
392,2014-07-07T00:00:00Z,30,2014-08-06T00:00:00Z,5.5,0,0
393,2014-07-14T00:00:00Z,1,2014-07-15T00:00:00Z,3.5,0,0
393,2014-07-14T00:00:00Z,1,2014-07-15T00:00:00Z,4.5,0,0
393,2014-07-14T00:00:00Z,1,2014-07-15T00:00:00Z,5.5,0,0
393,2014-07-14T00:00:00Z,7,2014-07-21T00:00:00Z,3.5,0,0
393,2014-07-14T00:00:00Z,7,2014-07-21T00:00:00Z,4.5,1,0
393,2014-07-14T00:00:00Z,7,2014-07-21T00:00:00Z,5.5,0,0
393,2014-07-14T00:00:00Z,30,2014-08-13T00:00:00Z,3.5,0,0
393,2014-07-14T00:00:00Z,30,2014-08-13T00:00:00Z,4.5,0,0
393,2014-07-14T00:00:00Z,30,2014-08-13T00:00:00Z,5.5,0,0
394,2014-07-21T00:00:00Z,1,2014-07-22T00:00:00Z,3.5,0,0
394,2014-07-21T00:00:00Z,1,2014-07-22T00:00:00Z,4.5,0,0
394,2014-07-21T00:00:00Z,1,2014-07-22T00:00:00Z,5.5,0,0
394,2014-07-21T00:00:00Z,7,2014-07-28T00:00:00Z,3.5,0,0
394,2014-07-21T00:00:00Z,7,2014-07-28T00:00:00Z,4.5,1,0
394,2014-07-21T00:00:00Z,7,2014-07-28T00:00:00Z,5.5,0,0
394,2014-07-21T00:00:00Z,30,2014-08-20T00:00:00Z,3.5,0,0
394,2014-07-21T00:00:00Z,30,2014-08-20T00:00:00Z,4.5,0,0
394,2014-07-21T00:00:00Z,30,2014-08-20T00:00:00Z,5.5,0,0
395,2014-07-28T00:00:00Z,1,2014-07-29T00:00:00Z,3.5,0,0
395,2014-07-28T00:00:00Z,1,2014-07-29T00:00:00Z,4.5,0,0
395,2014-07-28T00:00:00Z,1,2014-07-29T00:00:00Z,5.5,0,0
395,2014-07-28T00:00:00Z,7,2014-08-04T00:00:00Z,3.5,0,0
395,2014-07-28T00:00:00Z,7,2014-08-04T00:00:00Z,4.5,1,0
395,2014-07-28T00:00:00Z,7,2014-08-04T00:00:00Z,5.5,0,0
395,2014-07-28T00:00:00Z,30,2014-08-27T00:00:00Z,3.5,0,0
395,2014-07-28T00:00:00Z,30,2014-08-27T00:00:00Z,4.5,0,0
395,2014-07-28T00:00:00Z,30,2014-08-27T00:00:00Z,5.5,0,0
396,2014-08-04T00:00:00Z,1,2014-08-05T00:00:00Z,3.5,0,0
396,2014-08-04T00:00:00Z,1,2014-08-05T00:00:00Z,4.5,0,0
396,2014-08-04T00:00:00Z,1,2014-08-05T00:00:00Z,5.5,0,0
396,2014-08-04T00:00:00Z,7,2014-08-11T00:00:00Z,3.5,0,0
396,2014-08-04T00:00:00Z,7,2014-08-11T00:00:00Z,4.5,1,0
396,2014-08-04T00:00:00Z,7,2014-08-11T00:00:00Z,5.5,0,0
396,2014-08-04T00:00:00Z,30,2014-09-03T00:00:00Z,3.5,0,0
396,2014-08-04T00:00:00Z,30,2014-09-03T00:00:00Z,4.5,0,0
396,2014-08-04T00:00:00Z,30,2014-09-03T00:00:00Z,5.5,0,0
397,2014-08-11T00:00:00Z,1,2014-08-12T00:00:00Z,3.5,0,0
397,2014-08-11T00:00:00Z,1,2014-08-12T00:00:00Z,4.5,0,0
397,2014-08-11T00:00:00Z,1,2014-08-12T00:00:00Z,5.5,0,0
397,2014-08-11T00:00:00Z,7,2014-08-18T00:00:00Z,3.5,0,0
397,2014-08-11T00:00:00Z,7,2014-08-18T00:00:00Z,4.5,1,0
397,2014-08-11T00:00:00Z,7,2014-08-18T00:00:00Z,5.5,0,0
397,2014-08-11T00:00:00Z,30,2014-09-10T00:00:00Z,3.5,0,0
397,2014-08-11T00:00:00Z,30,2014-09-10T00:00:00Z,4.5,0,0
397,2014-08-11T00:00:00Z,30,2014-09-10T00:00:00Z,5.5,0,0
398,2014-08-18T00:00:00Z,1,2014-08-19T00:00:00Z,3.5,0,0
398,2014-08-18T00:00:00Z,1,2014-08-19T00:00:00Z,4.5,0,0
398,2014-08-18T00:00:00Z,1,2014-08-19T00:00:00Z,5.5,0,0
398,2014-08-18T00:00:00Z,7,2014-08-25T00:00:00Z,3.5,0,0
398,2014-08-18T00:00:00Z,7,2014-08-25T00:00:00Z,4.5,1,0
398,2014-08-18T00:00:00Z,7,2014-08-25T00:00:00Z,5.5,0,0
398,2014-08-18T00:00:00Z,30,2014-09-17T00:00:00Z,3.5,0,0
398,2014-08-18T00:00:00Z,30,2014-09-17T00:00:00Z,4.5,0,0
398,2014-08-18T00:00:00Z,30,2014-09-17T00:00:00Z,5.5,0,0
399,2014-08-25T00:00:00Z,1,2014-08-26T00:00:00Z,3.5,0,0
399,2014-08-25T00:00:00Z,1,2014-08-26T00:00:00Z,4.5,0,0
399,2014-08-25T00:00:00Z,1,2014-08-26T00:00:00Z,5.5,0,0
399,2014-08-25T00:00:00Z,7,2014-09-01T00:00:00Z,3.5,0,0
399,2014-08-25T00:00:00Z,7,2014-09-01T00:00:00Z,4.5,1,0
399,2014-08-25T00:00:00Z,7,2014-09-01T00:00:00Z,5.5,0,0
399,2014-08-25T00:00:00Z,30,2014-09-24T00:00:00Z,3.5,0,0
399,2014-08-25T00:00:00Z,30,2014-09-24T00:00:00Z,4.5,0,0
399,2014-08-25T00:00:00Z,30,2014-09-24T00:00:00Z,5.5,0,0
400,2014-09-01T00:00:00Z,1,2014-09-02T00:00:00Z,3.5,0,1
400,2014-09-01T00:00:00Z,1,2014-09-02T00:00:00Z,4.5,0,1
400,2014-09-01T00:00:00Z,1,2014-09-02T00:00:00Z,5.5,0,1
400,2014-09-01T00:00:00Z,7,2014-09-08T00:00:00Z,3.5,0,1
400,2014-09-01T00:00:00Z,7,2014-09-08T00:00:00Z,4.5,1,1
400,2014-09-01T00:00:00Z,7,2014-09-08T00:00:00Z,5.5,0,1
400,2014-09-01T00:00:00Z,30,2014-10-01T00:00:00Z,3.5,0,1
400,2014-09-01T00:00:00Z,30,2014-10-01T00:00:00Z,4.5,0,1
400,2014-09-01T00:00:00Z,30,2014-10-01T00:00:00Z,5.5,0,1
401,2014-09-08T00:00:00Z,1,2014-09-09T00:00:00Z,3.5,0,0
401,2014-09-08T00:00:00Z,1,2014-09-09T00:00:00Z,4.5,0,0
401,2014-09-08T00:00:00Z,1,2014-09-09T00:00:00Z,5.5,0,0
401,2014-09-08T00:00:00Z,7,2014-09-15T00:00:00Z,3.5,0,0
401,2014-09-08T00:00:00Z,7,2014-09-15T00:00:00Z,4.5,1,0
401,2014-09-08T00:00:00Z,7,2014-09-15T00:00:00Z,5.5,0,0
401,2014-09-08T00:00:00Z,30,2014-10-08T00:00:00Z,3.5,0,0
401,2014-09-08T00:00:00Z,30,2014-10-08T00:00:00Z,4.5,0,0
401,2014-09-08T00:00:00Z,30,2014-10-08T00:00:00Z,5.5,0,0
402,2014-09-15T00:00:00Z,1,2014-09-16T00:00:00Z,3.5,0,0
402,2014-09-15T00:00:00Z,1,2014-09-16T00:00:00Z,4.5,0,0
402,2014-09-15T00:00:00Z,1,2014-09-16T00:00:00Z,5.5,0,0
402,2014-09-15T00:00:00Z,7,2014-09-22T00:00:00Z,3.5,0,0
402,2014-09-15T00:00:00Z,7,2014-09-22T00:00:00Z,4.5,1,0
402,2014-09-15T00:00:00Z,7,2014-09-22T00:00:00Z,5.5,0,0
402,2014-09-15T00:00:00Z,30,2014-10-15T00:00:00Z,3.5,0,0
402,2014-09-15T00:00:00Z,30,2014-10-15T00:00:00Z,4.5,0,0
402,2014-09-15T00:00:00Z,30,2014-10-15T00:00:00Z,5.5,0,0
403,2014-09-22T00:00:00Z,1,2014-09-23T00:00:00Z,3.5,0,0
403,2014-09-22T00:00:00Z,1,2014-09-23T00:00:00Z,4.5,0,0
403,2014-09-22T00:00:00Z,1,2014-09-23T00:00:00Z,5.5,0,0
403,2014-09-22T00:00:00Z,7,2014-09-29T00:00:00Z,3.5,0,0
403,2014-09-22T00:00:00Z,7,2014-09-29T00:00:00Z,4.5,1,0
403,2014-09-22T00:00:00Z,7,2014-09-29T00:00:00Z,5.5,0,0
403,2014-09-22T00:00:00Z,30,2014-10-22T00:00:00Z,3.5,0,0
403,2014-09-22T00:00:00Z,30,2014-10-22T00:00:00Z,4.5,0,0
403,2014-09-22T00:00:00Z,30,2014-10-22T00:00:00Z,5.5,0,0
404,2014-09-29T00:00:00Z,1,2014-09-30T00:00:00Z,3.5,0,0
404,2014-09-29T00:00:00Z,1,2014-09-30T00:00:00Z,4.5,0,0
404,2014-09-29T00:00:00Z,1,2014-09-30T00:00:00Z,5.5,0,0
404,2014-09-29T00:00:00Z,7,2014-10-06T00:00:00Z,3.5,0,0
404,2014-09-29T00:00:00Z,7,2014-10-06T00:00:00Z,4.5,1,0
404,2014-09-29T00:00:00Z,7,2014-10-06T00:00:00Z,5.5,0,0
404,2014-09-29T00:00:00Z,30,2014-10-29T00:00:00Z,3.5,0,0
404,2014-09-29T00:00:00Z,30,2014-10-29T00:00:00Z,4.5,0,0
404,2014-09-29T00:00:00Z,30,2014-10-29T00:00:00Z,5.5,0,0
405,2014-10-06T00:00:00Z,1,2014-10-07T00:00:00Z,3.5,0,0
405,2014-10-06T00:00:00Z,1,2014-10-07T00:00:00Z,4.5,0,0
405,2014-10-06T00:00:00Z,1,2014-10-07T00:00:00Z,5.5,0,0
405,2014-10-06T00:00:00Z,7,2014-10-13T00:00:00Z,3.5,0,0
405,2014-10-06T00:00:00Z,7,2014-10-13T00:00:00Z,4.5,1,0
405,2014-10-06T00:00:00Z,7,2014-10-13T00:00:00Z,5.5,0,0
405,2014-10-06T00:00:00Z,30,2014-11-05T00:00:00Z,3.5,0,0
405,2014-10-06T00:00:00Z,30,2014-11-05T00:00:00Z,4.5,0,0
405,2014-10-06T00:00:00Z,30,2014-11-05T00:00:00Z,5.5,0,0
406,2014-10-13T00:00:00Z,1,2014-10-14T00:00:00Z,3.5,0,0
406,2014-10-13T00:00:00Z,1,2014-10-14T00:00:00Z,4.5,0,0
406,2014-10-13T00:00:00Z,1,2014-10-14T00:00:00Z,5.5,0,0
406,2014-10-13T00:00:00Z,7,2014-10-20T00:00:00Z,3.5,0,0
406,2014-10-13T00:00:00Z,7,2014-10-20T00:00:00Z,4.5,1,0
406,2014-10-13T00:00:00Z,7,2014-10-20T00:00:00Z,5.5,0,0
406,2014-10-13T00:00:00Z,30,2014-11-12T00:00:00Z,3.5,0,0
406,2014-10-13T00:00:00Z,30,2014-11-12T00:00:00Z,4.5,0,0
406,2014-10-13T00:00:00Z,30,2014-11-12T00:00:00Z,5.5,0,0
407,2014-10-20T00:00:00Z,1,2014-10-21T00:00:00Z,3.5,0,0
407,2014-10-20T00:00:00Z,1,2014-10-21T00:00:00Z,4.5,0,0
407,2014-10-20T00:00:00Z,1,2014-10-21T00:00:00Z,5.5,0,0
407,2014-10-20T00:00:00Z,7,2014-10-27T00:00:00Z,3.5,0,0
407,2014-10-20T00:00:00Z,7,2014-10-27T00:00:00Z,4.5,1,0
407,2014-10-20T00:00:00Z,7,2014-10-27T00:00:00Z,5.5,0,0
407,2014-10-20T00:00:00Z,30,2014-11-19T00:00:00Z,3.5,0,0
407,2014-10-20T00:00:00Z,30,2014-11-19T00:00:00Z,4.5,0,0
407,2014-10-20T00:00:00Z,30,2014-11-19T00:00:00Z,5.5,0,0
408,2014-10-27T00:00:00Z,1,2014-10-28T00:00:00Z,3.5,0,0
408,2014-10-27T00:00:00Z,1,2014-10-28T00:00:00Z,4.5,0,0
408,2014-10-27T00:00:00Z,1,2014-10-28T00:00:00Z,5.5,0,0
408,2014-10-27T00:00:00Z,7,2014-11-03T00:00:00Z,3.5,0,0
408,2014-10-27T00:00:00Z,7,2014-11-03T00:00:00Z,4.5,1,0
408,2014-10-27T00:00:00Z,7,2014-11-03T00:00:00Z,5.5,0,0
408,2014-10-27T00:00:00Z,30,2014-11-26T00:00:00Z,3.5,0,0
408,2014-10-27T00:00:00Z,30,2014-11-26T00:00:00Z,4.5,0,0
408,2014-10-27T00:00:00Z,30,2014-11-26T00:00:00Z,5.5,0,0
409,2014-11-03T00:00:00Z,1,2014-11-04T00:00:00Z,3.5,0,0
409,2014-11-03T00:00:00Z,1,2014-11-04T00:00:00Z,4.5,0,0
409,2014-11-03T00:00:00Z,1,2014-11-04T00:00:00Z,5.5,0,0
409,2014-11-03T00:00:00Z,7,2014-11-10T00:00:00Z,3.5,0,0
409,2014-11-03T00:00:00Z,7,2014-11-10T00:00:00Z,4.5,1,0
409,2014-11-03T00:00:00Z,7,2014-11-10T00:00:00Z,5.5,0,0
409,2014-11-03T00:00:00Z,30,2014-12-03T00:00:00Z,3.5,0,0
409,2014-11-03T00:00:00Z,30,2014-12-03T00:00:00Z,4.5,0,0
409,2014-11-03T00:00:00Z,30,2014-12-03T00:00:00Z,5.5,0,0
410,2014-11-10T00:00:00Z,1,2014-11-11T00:00:00Z,3.5,0,0
410,2014-11-10T00:00:00Z,1,2014-11-11T00:00:00Z,4.5,0,0
410,2014-11-10T00:00:00Z,1,2014-11-11T00:00:00Z,5.5,0,0
410,2014-11-10T00:00:00Z,7,2014-11-17T00:00:00Z,3.5,0,0
410,2014-11-10T00:00:00Z,7,2014-11-17T00:00:00Z,4.5,1,0
410,2014-11-10T00:00:00Z,7,2014-11-17T00:00:00Z,5.5,0,0
410,2014-11-10T00:00:00Z,30,2014-12-10T00:00:00Z,3.5,0,0
410,2014-11-10T00:00:00Z,30,2014-12-10T00:00:00Z,4.5,0,0
410,2014-11-10T00:00:00Z,30,2014-12-10T00:00:00Z,5.5,0,0
411,2014-11-17T00:00:00Z,1,2014-11-18T00:00:00Z,3.5,0,0
411,2014-11-17T00:00:00Z,1,2014-11-18T00:00:00Z,4.5,0,0
411,2014-11-17T00:00:00Z,1,2014-11-18T00:00:00Z,5.5,0,0
411,2014-11-17T00:00:00Z,7,2014-11-24T00:00:00Z,3.5,0,0
411,2014-11-17T00:00:00Z,7,2014-11-24T00:00:00Z,4.5,1,0
411,2014-11-17T00:00:00Z,7,2014-11-24T00:00:00Z,5.5,0,0
411,2014-11-17T00:00:00Z,30,2014-12-17T00:00:00Z,3.5,0,0
411,2014-11-17T00:00:00Z,30,2014-12-17T00:00:00Z,4.5,0,0
411,2014-11-17T00:00:00Z,30,2014-12-17T00:00:00Z,5.5,0,0
412,2014-11-24T00:00:00Z,1,2014-11-25T00:00:00Z,3.5,0,0
412,2014-11-24T00:00:00Z,1,2014-11-25T00:00:00Z,4.5,0,0
412,2014-11-24T00:00:00Z,1,2014-11-25T00:00:00Z,5.5,0,0
412,2014-11-24T00:00:00Z,7,2014-12-01T00:00:00Z,3.5,0,0
412,2014-11-24T00:00:00Z,7,2014-12-01T00:00:00Z,4.5,1,0
412,2014-11-24T00:00:00Z,7,2014-12-01T00:00:00Z,5.5,0,0
412,2014-11-24T00:00:00Z,30,2014-12-24T00:00:00Z,3.5,0,0
412,2014-11-24T00:00:00Z,30,2014-12-24T00:00:00Z,4.5,0,0
412,2014-11-24T00:00:00Z,30,2014-12-24T00:00:00Z,5.5,0,0
413,2014-12-01T00:00:00Z,1,2014-12-02T00:00:00Z,3.5,0,0
413,2014-12-01T00:00:00Z,1,2014-12-02T00:00:00Z,4.5,0,0
413,2014-12-01T00:00:00Z,1,2014-12-02T00:00:00Z,5.5,0,0
413,2014-12-01T00:00:00Z,7,2014-12-08T00:00:00Z,3.5,0,0
413,2014-12-01T00:00:00Z,7,2014-12-08T00:00:00Z,4.5,1,0
413,2014-12-01T00:00:00Z,7,2014-12-08T00:00:00Z,5.5,0,0
413,2014-12-01T00:00:00Z,30,2014-12-31T00:00:00Z,3.5,0,0
413,2014-12-01T00:00:00Z,30,2014-12-31T00:00:00Z,4.5,0,0
413,2014-12-01T00:00:00Z,30,2014-12-31T00:00:00Z,5.5,0,0
414,2014-12-08T00:00:00Z,1,2014-12-09T00:00:00Z,3.5,0,0
414,2014-12-08T00:00:00Z,1,2014-12-09T00:00:00Z,4.5,0,0
414,2014-12-08T00:00:00Z,1,2014-12-09T00:00:00Z,5.5,0,0
414,2014-12-08T00:00:00Z,7,2014-12-15T00:00:00Z,3.5,0,0
414,2014-12-08T00:00:00Z,7,2014-12-15T00:00:00Z,4.5,1,0
414,2014-12-08T00:00:00Z,7,2014-12-15T00:00:00Z,5.5,0,0
414,2014-12-08T00:00:00Z,30,2015-01-07T00:00:00Z,3.5,0,0
414,2014-12-08T00:00:00Z,30,2015-01-07T00:00:00Z,4.5,0,0
414,2014-12-08T00:00:00Z,30,2015-01-07T00:00:00Z,5.5,0,0
415,2014-12-15T00:00:00Z,1,2014-12-16T00:00:00Z,3.5,0,0
415,2014-12-15T00:00:00Z,1,2014-12-16T00:00:00Z,4.5,0,0
415,2014-12-15T00:00:00Z,1,2014-12-16T00:00:00Z,5.5,0,0
415,2014-12-15T00:00:00Z,7,2014-12-22T00:00:00Z,3.5,0,0
415,2014-12-15T00:00:00Z,7,2014-12-22T00:00:00Z,4.5,1,0
415,2014-12-15T00:00:00Z,7,2014-12-22T00:00:00Z,5.5,0,0
415,2014-12-15T00:00:00Z,30,2015-01-14T00:00:00Z,3.5,0,0
415,2014-12-15T00:00:00Z,30,2015-01-14T00:00:00Z,4.5,0,0
415,2014-12-15T00:00:00Z,30,2015-01-14T00:00:00Z,5.5,0,0
416,2014-12-22T00:00:00Z,1,2014-12-23T00:00:00Z,3.5,0,0
416,2014-12-22T00:00:00Z,1,2014-12-23T00:00:00Z,4.5,0,0
416,2014-12-22T00:00:00Z,1,2014-12-23T00:00:00Z,5.5,0,0
416,2014-12-22T00:00:00Z,7,2014-12-29T00:00:00Z,3.5,0,0
416,2014-12-22T00:00:00Z,7,2014-12-29T00:00:00Z,4.5,1,0
416,2014-12-22T00:00:00Z,7,2014-12-29T00:00:00Z,5.5,0,0
416,2014-12-22T00:00:00Z,30,2015-01-21T00:00:00Z,3.5,0,0
416,2014-12-22T00:00:00Z,30,2015-01-21T00:00:00Z,4.5,0,0
416,2014-12-22T00:00:00Z,30,2015-01-21T00:00:00Z,5.5,0,0
417,2014-12-29T00:00:00Z,1,2014-12-30T00:00:00Z,3.5,0,0
417,2014-12-29T00:00:00Z,1,2014-12-30T00:00:00Z,4.5,0,0
417,2014-12-29T00:00:00Z,1,2014-12-30T00:00:00Z,5.5,0,0
417,2014-12-29T00:00:00Z,7,2015-01-05T00:00:00Z,3.5,0,0
417,2014-12-29T00:00:00Z,7,2015-01-05T00:00:00Z,4.5,1,0
417,2014-12-29T00:00:00Z,7,2015-01-05T00:00:00Z,5.5,0,0
417,2014-12-29T00:00:00Z,30,2015-01-28T00:00:00Z,3.5,0,0
417,2014-12-29T00:00:00Z,30,2015-01-28T00:00:00Z,4.5,0,0
417,2014-12-29T00:00:00Z,30,2015-01-28T00:00:00Z,5.5,0,0
418,2015-01-05T00:00:00Z,1,2015-01-06T00:00:00Z,3.5,0,0
418,2015-01-05T00:00:00Z,1,2015-01-06T00:00:00Z,4.5,0,0
418,2015-01-05T00:00:00Z,1,2015-01-06T00:00:00Z,5.5,0,0
418,2015-01-05T00:00:00Z,7,2015-01-12T00:00:00Z,3.5,0,0
418,2015-01-05T00:00:00Z,7,2015-01-12T00:00:00Z,4.5,1,0
418,2015-01-05T00:00:00Z,7,2015-01-12T00:00:00Z,5.5,0,0
418,2015-01-05T00:00:00Z,30,2015-02-04T00:00:00Z,3.5,0,0
418,2015-01-05T00:00:00Z,30,2015-02-04T00:00:00Z,4.5,0,0
418,2015-01-05T00:00:00Z,30,2015-02-04T00:00:00Z,5.5,0,0
419,2015-01-12T00:00:00Z,1,2015-01-13T00:00:00Z,3.5,0,0
419,2015-01-12T00:00:00Z,1,2015-01-13T00:00:00Z,4.5,0,0
419,2015-01-12T00:00:00Z,1,2015-01-13T00:00:00Z,5.5,0,0
419,2015-01-12T00:00:00Z,7,2015-01-19T00:00:00Z,3.5,0,0
419,2015-01-12T00:00:00Z,7,2015-01-19T00:00:00Z,4.5,1,0
419,2015-01-12T00:00:00Z,7,2015-01-19T00:00:00Z,5.5,0,0
419,2015-01-12T00:00:00Z,30,2015-02-11T00:00:00Z,3.5,0,0
419,2015-01-12T00:00:00Z,30,2015-02-11T00:00:00Z,4.5,0,0
419,2015-01-12T00:00:00Z,30,2015-02-11T00:00:00Z,5.5,0,0
420,2015-01-19T00:00:00Z,1,2015-01-20T00:00:00Z,3.5,0,1
420,2015-01-19T00:00:00Z,1,2015-01-20T00:00:00Z,4.5,0,1
420,2015-01-19T00:00:00Z,1,2015-01-20T00:00:00Z,5.5,0,1
420,2015-01-19T00:00:00Z,7,2015-01-26T00:00:00Z,3.5,0,1
420,2015-01-19T00:00:00Z,7,2015-01-26T00:00:00Z,4.5,1,1
420,2015-01-19T00:00:00Z,7,2015-01-26T00:00:00Z,5.5,0,1
420,2015-01-19T00:00:00Z,30,2015-02-18T00:00:00Z,3.5,0,1
420,2015-01-19T00:00:00Z,30,2015-02-18T00:00:00Z,4.5,0,1
420,2015-01-19T00:00:00Z,30,2015-02-18T00:00:00Z,5.5,0,1
421,2015-01-26T00:00:00Z,1,2015-01-27T00:00:00Z,3.5,0,0
421,2015-01-26T00:00:00Z,1,2015-01-27T00:00:00Z,4.5,0,0
421,2015-01-26T00:00:00Z,1,2015-01-27T00:00:00Z,5.5,0,0
421,2015-01-26T00:00:00Z,7,2015-02-02T00:00:00Z,3.5,0,0
421,2015-01-26T00:00:00Z,7,2015-02-02T00:00:00Z,4.5,1,0
421,2015-01-26T00:00:00Z,7,2015-02-02T00:00:00Z,5.5,0,0
421,2015-01-26T00:00:00Z,30,2015-02-25T00:00:00Z,3.5,0,0
421,2015-01-26T00:00:00Z,30,2015-02-25T00:00:00Z,4.5,0,0
421,2015-01-26T00:00:00Z,30,2015-02-25T00:00:00Z,5.5,0,0
422,2015-02-02T00:00:00Z,1,2015-02-03T00:00:00Z,3.5,0,0
422,2015-02-02T00:00:00Z,1,2015-02-03T00:00:00Z,4.5,0,0
422,2015-02-02T00:00:00Z,1,2015-02-03T00:00:00Z,5.5,0,0
422,2015-02-02T00:00:00Z,7,2015-02-09T00:00:00Z,3.5,0,0
422,2015-02-02T00:00:00Z,7,2015-02-09T00:00:00Z,4.5,1,0
422,2015-02-02T00:00:00Z,7,2015-02-09T00:00:00Z,5.5,0,0
422,2015-02-02T00:00:00Z,30,2015-03-04T00:00:00Z,3.5,0,0
422,2015-02-02T00:00:00Z,30,2015-03-04T00:00:00Z,4.5,0,0
422,2015-02-02T00:00:00Z,30,2015-03-04T00:00:00Z,5.5,0,0
423,2015-02-09T00:00:00Z,1,2015-02-10T00:00:00Z,3.5,0,0
423,2015-02-09T00:00:00Z,1,2015-02-10T00:00:00Z,4.5,0,0
423,2015-02-09T00:00:00Z,1,2015-02-10T00:00:00Z,5.5,0,0
423,2015-02-09T00:00:00Z,7,2015-02-16T00:00:00Z,3.5,0,0
423,2015-02-09T00:00:00Z,7,2015-02-16T00:00:00Z,4.5,1,0
423,2015-02-09T00:00:00Z,7,2015-02-16T00:00:00Z,5.5,0,0
423,2015-02-09T00:00:00Z,30,2015-03-11T00:00:00Z,3.5,0,0
423,2015-02-09T00:00:00Z,30,2015-03-11T00:00:00Z,4.5,0,0
423,2015-02-09T00:00:00Z,30,2015-03-11T00:00:00Z,5.5,0,0
424,2015-02-16T00:00:00Z,1,2015-02-17T00:00:00Z,3.5,0,0
424,2015-02-16T00:00:00Z,1,2015-02-17T00:00:00Z,4.5,0,0
424,2015-02-16T00:00:00Z,1,2015-02-17T00:00:00Z,5.5,0,0
424,2015-02-16T00:00:00Z,7,2015-02-23T00:00:00Z,3.5,0,0
424,2015-02-16T00:00:00Z,7,2015-02-23T00:00:00Z,4.5,1,0
424,2015-02-16T00:00:00Z,7,2015-02-23T00:00:00Z,5.5,0,0
424,2015-02-16T00:00:00Z,30,2015-03-18T00:00:00Z,3.5,0,0
424,2015-02-16T00:00:00Z,30,2015-03-18T00:00:00Z,4.5,0,0
424,2015-02-16T00:00:00Z,30,2015-03-18T00:00:00Z,5.5,0,0
425,2015-02-23T00:00:00Z,1,2015-02-24T00:00:00Z,3.5,0,0
425,2015-02-23T00:00:00Z,1,2015-02-24T00:00:00Z,4.5,0,0
425,2015-02-23T00:00:00Z,1,2015-02-24T00:00:00Z,5.5,0,0
425,2015-02-23T00:00:00Z,7,2015-03-02T00:00:00Z,3.5,0,0
425,2015-02-23T00:00:00Z,7,2015-03-02T00:00:00Z,4.5,1,0
425,2015-02-23T00:00:00Z,7,2015-03-02T00:00:00Z,5.5,0,0
425,2015-02-23T00:00:00Z,30,2015-03-25T00:00:00Z,3.5,0,0
425,2015-02-23T00:00:00Z,30,2015-03-25T00:00:00Z,4.5,0,0
425,2015-02-23T00:00:00Z,30,2015-03-25T00:00:00Z,5.5,0,0
426,2015-03-02T00:00:00Z,1,2015-03-03T00:00:00Z,3.5,0,0
426,2015-03-02T00:00:00Z,1,2015-03-03T00:00:00Z,4.5,0,0
426,2015-03-02T00:00:00Z,1,2015-03-03T00:00:00Z,5.5,0,0
426,2015-03-02T00:00:00Z,7,2015-03-09T00:00:00Z,3.5,0,0
426,2015-03-02T00:00:00Z,7,2015-03-09T00:00:00Z,4.5,1,0
426,2015-03-02T00:00:00Z,7,2015-03-09T00:00:00Z,5.5,0,0
426,2015-03-02T00:00:00Z,30,2015-04-01T00:00:00Z,3.5,0,0
426,2015-03-02T00:00:00Z,30,2015-04-01T00:00:00Z,4.5,0,0
426,2015-03-02T00:00:00Z,30,2015-04-01T00:00:00Z,5.5,0,0
427,2015-03-09T00:00:00Z,1,2015-03-10T00:00:00Z,3.5,0,0
427,2015-03-09T00:00:00Z,1,2015-03-10T00:00:00Z,4.5,0,0
427,2015-03-09T00:00:00Z,1,2015-03-10T00:00:00Z,5.5,0,0
427,2015-03-09T00:00:00Z,7,2015-03-16T00:00:00Z,3.5,0,0
427,2015-03-09T00:00:00Z,7,2015-03-16T00:00:00Z,4.5,1,0
427,2015-03-09T00:00:00Z,7,2015-03-16T00:00:00Z,5.5,0,0
427,2015-03-09T00:00:00Z,30,2015-04-08T00:00:00Z,3.5,0,0
427,2015-03-09T00:00:00Z,30,2015-04-08T00:00:00Z,4.5,0,0
427,2015-03-09T00:00:00Z,30,2015-04-08T00:00:00Z,5.5,0,0
428,2015-03-16T00:00:00Z,1,2015-03-17T00:00:00Z,3.5,0,0
428,2015-03-16T00:00:00Z,1,2015-03-17T00:00:00Z,4.5,0,0
428,2015-03-16T00:00:00Z,1,2015-03-17T00:00:00Z,5.5,0,0
428,2015-03-16T00:00:00Z,7,2015-03-23T00:00:00Z,3.5,0,0
428,2015-03-16T00:00:00Z,7,2015-03-23T00:00:00Z,4.5,1,0
428,2015-03-16T00:00:00Z,7,2015-03-23T00:00:00Z,5.5,0,0
428,2015-03-16T00:00:00Z,30,2015-04-15T00:00:00Z,3.5,0,0
428,2015-03-16T00:00:00Z,30,2015-04-15T00:00:00Z,4.5,0,0
428,2015-03-16T00:00:00Z,30,2015-04-15T00:00:00Z,5.5,0,0
429,2015-03-23T00:00:00Z,1,2015-03-24T00:00:00Z,3.5,0,0
429,2015-03-23T00:00:00Z,1,2015-03-24T00:00:00Z,4.5,0,0
429,2015-03-23T00:00:00Z,1,2015-03-24T00:00:00Z,5.5,0,0
429,2015-03-23T00:00:00Z,7,2015-03-30T00:00:00Z,3.5,0,0
429,2015-03-23T00:00:00Z,7,2015-03-30T00:00:00Z,4.5,1,0
429,2015-03-23T00:00:00Z,7,2015-03-30T00:00:00Z,5.5,0,0
429,2015-03-23T00:00:00Z,30,2015-04-22T00:00:00Z,3.5,0,0
429,2015-03-23T00:00:00Z,30,2015-04-22T00:00:00Z,4.5,0,0
429,2015-03-23T00:00:00Z,30,2015-04-22T00:00:00Z,5.5,0,0
430,2015-03-30T00:00:00Z,1,2015-03-31T00:00:00Z,3.5,0,0
430,2015-03-30T00:00:00Z,1,2015-03-31T00:00:00Z,4.5,0,0
430,2015-03-30T00:00:00Z,1,2015-03-31T00:00:00Z,5.5,0,0
430,2015-03-30T00:00:00Z,7,2015-04-06T00:00:00Z,3.5,0,0
430,2015-03-30T00:00:00Z,7,2015-04-06T00:00:00Z,4.5,1,0
430,2015-03-30T00:00:00Z,7,2015-04-06T00:00:00Z,5.5,0,0
430,2015-03-30T00:00:00Z,30,2015-04-29T00:00:00Z,3.5,0,0
430,2015-03-30T00:00:00Z,30,2015-04-29T00:00:00Z,4.5,0,0
430,2015-03-30T00:00:00Z,30,2015-04-29T00:00:00Z,5.5,0,0
431,2015-04-06T00:00:00Z,1,2015-04-07T00:00:00Z,3.5,0,0
431,2015-04-06T00:00:00Z,1,2015-04-07T00:00:00Z,4.5,0,0
431,2015-04-06T00:00:00Z,1,2015-04-07T00:00:00Z,5.5,0,0
431,2015-04-06T00:00:00Z,7,2015-04-13T00:00:00Z,3.5,0,0
431,2015-04-06T00:00:00Z,7,2015-04-13T00:00:00Z,4.5,1,0
431,2015-04-06T00:00:00Z,7,2015-04-13T00:00:00Z,5.5,0,0
431,2015-04-06T00:00:00Z,30,2015-05-06T00:00:00Z,3.5,0,0
431,2015-04-06T00:00:00Z,30,2015-05-06T00:00:00Z,4.5,0,0
431,2015-04-06T00:00:00Z,30,2015-05-06T00:00:00Z,5.5,0,0
432,2015-04-13T00:00:00Z,1,2015-04-14T00:00:00Z,3.5,0,0
432,2015-04-13T00:00:00Z,1,2015-04-14T00:00:00Z,4.5,0,0
432,2015-04-13T00:00:00Z,1,2015-04-14T00:00:00Z,5.5,0,0
432,2015-04-13T00:00:00Z,7,2015-04-20T00:00:00Z,3.5,0,0
432,2015-04-13T00:00:00Z,7,2015-04-20T00:00:00Z,4.5,1,0
432,2015-04-13T00:00:00Z,7,2015-04-20T00:00:00Z,5.5,0,0
432,2015-04-13T00:00:00Z,30,2015-05-13T00:00:00Z,3.5,0,0
432,2015-04-13T00:00:00Z,30,2015-05-13T00:00:00Z,4.5,0,0
432,2015-04-13T00:00:00Z,30,2015-05-13T00:00:00Z,5.5,0,0
433,2015-04-20T00:00:00Z,1,2015-04-21T00:00:00Z,3.5,0,0
433,2015-04-20T00:00:00Z,1,2015-04-21T00:00:00Z,4.5,0,0
433,2015-04-20T00:00:00Z,1,2015-04-21T00:00:00Z,5.5,0,0
433,2015-04-20T00:00:00Z,7,2015-04-27T00:00:00Z,3.5,0,0
433,2015-04-20T00:00:00Z,7,2015-04-27T00:00:00Z,4.5,1,0
433,2015-04-20T00:00:00Z,7,2015-04-27T00:00:00Z,5.5,0,0
433,2015-04-20T00:00:00Z,30,2015-05-20T00:00:00Z,3.5,0,0
433,2015-04-20T00:00:00Z,30,2015-05-20T00:00:00Z,4.5,0,0
433,2015-04-20T00:00:00Z,30,2015-05-20T00:00:00Z,5.5,0,0
434,2015-04-27T00:00:00Z,1,2015-04-28T00:00:00Z,3.5,0,0
434,2015-04-27T00:00:00Z,1,2015-04-28T00:00:00Z,4.5,0,0
434,2015-04-27T00:00:00Z,1,2015-04-28T00:00:00Z,5.5,0,0
434,2015-04-27T00:00:00Z,7,2015-05-04T00:00:00Z,3.5,0,0
434,2015-04-27T00:00:00Z,7,2015-05-04T00:00:00Z,4.5,1,0
434,2015-04-27T00:00:00Z,7,2015-05-04T00:00:00Z,5.5,0,0
434,2015-04-27T00:00:00Z,30,2015-05-27T00:00:00Z,3.5,0,0
434,2015-04-27T00:00:00Z,30,2015-05-27T00:00:00Z,4.5,0,0
434,2015-04-27T00:00:00Z,30,2015-05-27T00:00:00Z,5.5,0,0
435,2015-05-04T00:00:00Z,1,2015-05-05T00:00:00Z,3.5,0,0
435,2015-05-04T00:00:00Z,1,2015-05-05T00:00:00Z,4.5,0,0
435,2015-05-04T00:00:00Z,1,2015-05-05T00:00:00Z,5.5,0,0
435,2015-05-04T00:00:00Z,7,2015-05-11T00:00:00Z,3.5,0,0
435,2015-05-04T00:00:00Z,7,2015-05-11T00:00:00Z,4.5,1,0
435,2015-05-04T00:00:00Z,7,2015-05-11T00:00:00Z,5.5,0,0
435,2015-05-04T00:00:00Z,30,2015-06-03T00:00:00Z,3.5,0,0
435,2015-05-04T00:00:00Z,30,2015-06-03T00:00:00Z,4.5,0,0
435,2015-05-04T00:00:00Z,30,2015-06-03T00:00:00Z,5.5,0,0
436,2015-05-11T00:00:00Z,1,2015-05-12T00:00:00Z,3.5,0,0
436,2015-05-11T00:00:00Z,1,2015-05-12T00:00:00Z,4.5,0,0
436,2015-05-11T00:00:00Z,1,2015-05-12T00:00:00Z,5.5,0,0
436,2015-05-11T00:00:00Z,7,2015-05-18T00:00:00Z,3.5,0,0
436,2015-05-11T00:00:00Z,7,2015-05-18T00:00:00Z,4.5,1,0
436,2015-05-11T00:00:00Z,7,2015-05-18T00:00:00Z,5.5,0,0
436,2015-05-11T00:00:00Z,30,2015-06-10T00:00:00Z,3.5,0,0
436,2015-05-11T00:00:00Z,30,2015-06-10T00:00:00Z,4.5,0,0
436,2015-05-11T00:00:00Z,30,2015-06-10T00:00:00Z,5.5,0,0
437,2015-05-18T00:00:00Z,1,2015-05-19T00:00:00Z,3.5,0,0
437,2015-05-18T00:00:00Z,1,2015-05-19T00:00:00Z,4.5,0,0
437,2015-05-18T00:00:00Z,1,2015-05-19T00:00:00Z,5.5,0,0
437,2015-05-18T00:00:00Z,7,2015-05-25T00:00:00Z,3.5,0,0
437,2015-05-18T00:00:00Z,7,2015-05-25T00:00:00Z,4.5,1,0
437,2015-05-18T00:00:00Z,7,2015-05-25T00:00:00Z,5.5,0,0
437,2015-05-18T00:00:00Z,30,2015-06-17T00:00:00Z,3.5,0,0
437,2015-05-18T00:00:00Z,30,2015-06-17T00:00:00Z,4.5,0,0
437,2015-05-18T00:00:00Z,30,2015-06-17T00:00:00Z,5.5,0,0
438,2015-05-25T00:00:00Z,1,2015-05-26T00:00:00Z,3.5,0,0
438,2015-05-25T00:00:00Z,1,2015-05-26T00:00:00Z,4.5,0,0
438,2015-05-25T00:00:00Z,1,2015-05-26T00:00:00Z,5.5,0,0
438,2015-05-25T00:00:00Z,7,2015-06-01T00:00:00Z,3.5,0,0
438,2015-05-25T00:00:00Z,7,2015-06-01T00:00:00Z,4.5,1,0
438,2015-05-25T00:00:00Z,7,2015-06-01T00:00:00Z,5.5,0,0
438,2015-05-25T00:00:00Z,30,2015-06-24T00:00:00Z,3.5,0,0
438,2015-05-25T00:00:00Z,30,2015-06-24T00:00:00Z,4.5,0,0
438,2015-05-25T00:00:00Z,30,2015-06-24T00:00:00Z,5.5,0,0
439,2015-06-01T00:00:00Z,1,2015-06-02T00:00:00Z,3.5,0,0
439,2015-06-01T00:00:00Z,1,2015-06-02T00:00:00Z,4.5,0,0
439,2015-06-01T00:00:00Z,1,2015-06-02T00:00:00Z,5.5,0,0
439,2015-06-01T00:00:00Z,7,2015-06-08T00:00:00Z,3.5,0,0
439,2015-06-01T00:00:00Z,7,2015-06-08T00:00:00Z,4.5,1,0
439,2015-06-01T00:00:00Z,7,2015-06-08T00:00:00Z,5.5,0,0
439,2015-06-01T00:00:00Z,30,2015-07-01T00:00:00Z,3.5,0,0
439,2015-06-01T00:00:00Z,30,2015-07-01T00:00:00Z,4.5,0,0
439,2015-06-01T00:00:00Z,30,2015-07-01T00:00:00Z,5.5,0,0
440,2015-06-08T00:00:00Z,1,2015-06-09T00:00:00Z,3.5,0,1
440,2015-06-08T00:00:00Z,1,2015-06-09T00:00:00Z,4.5,0,1
440,2015-06-08T00:00:00Z,1,2015-06-09T00:00:00Z,5.5,0,1
440,2015-06-08T00:00:00Z,7,2015-06-15T00:00:00Z,3.5,0,1
440,2015-06-08T00:00:00Z,7,2015-06-15T00:00:00Z,4.5,1,1
440,2015-06-08T00:00:00Z,7,2015-06-15T00:00:00Z,5.5,0,1
440,2015-06-08T00:00:00Z,30,2015-07-08T00:00:00Z,3.5,0,1
440,2015-06-08T00:00:00Z,30,2015-07-08T00:00:00Z,4.5,0,1
440,2015-06-08T00:00:00Z,30,2015-07-08T00:00:00Z,5.5,0,1
441,2015-06-15T00:00:00Z,1,2015-06-16T00:00:00Z,3.5,0,0
441,2015-06-15T00:00:00Z,1,2015-06-16T00:00:00Z,4.5,0,0
441,2015-06-15T00:00:00Z,1,2015-06-16T00:00:00Z,5.5,0,0
441,2015-06-15T00:00:00Z,7,2015-06-22T00:00:00Z,3.5,0,0
441,2015-06-15T00:00:00Z,7,2015-06-22T00:00:00Z,4.5,1,0
441,2015-06-15T00:00:00Z,7,2015-06-22T00:00:00Z,5.5,0,0
441,2015-06-15T00:00:00Z,30,2015-07-15T00:00:00Z,3.5,0,0
441,2015-06-15T00:00:00Z,30,2015-07-15T00:00:00Z,4.5,0,0
441,2015-06-15T00:00:00Z,30,2015-07-15T00:00:00Z,5.5,0,0
442,2015-06-22T00:00:00Z,1,2015-06-23T00:00:00Z,3.5,0,0
442,2015-06-22T00:00:00Z,1,2015-06-23T00:00:00Z,4.5,0,0
442,2015-06-22T00:00:00Z,1,2015-06-23T00:00:00Z,5.5,0,0
442,2015-06-22T00:00:00Z,7,2015-06-29T00:00:00Z,3.5,0,0
442,2015-06-22T00:00:00Z,7,2015-06-29T00:00:00Z,4.5,1,0
442,2015-06-22T00:00:00Z,7,2015-06-29T00:00:00Z,5.5,0,0
442,2015-06-22T00:00:00Z,30,2015-07-22T00:00:00Z,3.5,0,0
442,2015-06-22T00:00:00Z,30,2015-07-22T00:00:00Z,4.5,0,0
442,2015-06-22T00:00:00Z,30,2015-07-22T00:00:00Z,5.5,0,0
443,2015-06-29T00:00:00Z,1,2015-06-30T00:00:00Z,3.5,0,0
443,2015-06-29T00:00:00Z,1,2015-06-30T00:00:00Z,4.5,0,0
443,2015-06-29T00:00:00Z,1,2015-06-30T00:00:00Z,5.5,0,0
443,2015-06-29T00:00:00Z,7,2015-07-06T00:00:00Z,3.5,0,0
443,2015-06-29T00:00:00Z,7,2015-07-06T00:00:00Z,4.5,1,0
443,2015-06-29T00:00:00Z,7,2015-07-06T00:00:00Z,5.5,0,0
443,2015-06-29T00:00:00Z,30,2015-07-29T00:00:00Z,3.5,0,0
443,2015-06-29T00:00:00Z,30,2015-07-29T00:00:00Z,4.5,0,0
443,2015-06-29T00:00:00Z,30,2015-07-29T00:00:00Z,5.5,0,0
444,2015-07-06T00:00:00Z,1,2015-07-07T00:00:00Z,3.5,0,0
444,2015-07-06T00:00:00Z,1,2015-07-07T00:00:00Z,4.5,0,0
444,2015-07-06T00:00:00Z,1,2015-07-07T00:00:00Z,5.5,0,0
444,2015-07-06T00:00:00Z,7,2015-07-13T00:00:00Z,3.5,0,0
444,2015-07-06T00:00:00Z,7,2015-07-13T00:00:00Z,4.5,1,0
444,2015-07-06T00:00:00Z,7,2015-07-13T00:00:00Z,5.5,0,0
444,2015-07-06T00:00:00Z,30,2015-08-05T00:00:00Z,3.5,0,0
444,2015-07-06T00:00:00Z,30,2015-08-05T00:00:00Z,4.5,0,0
444,2015-07-06T00:00:00Z,30,2015-08-05T00:00:00Z,5.5,0,0
445,2015-07-13T00:00:00Z,1,2015-07-14T00:00:00Z,3.5,0,0
445,2015-07-13T00:00:00Z,1,2015-07-14T00:00:00Z,4.5,0,0
445,2015-07-13T00:00:00Z,1,2015-07-14T00:00:00Z,5.5,0,0
445,2015-07-13T00:00:00Z,7,2015-07-20T00:00:00Z,3.5,0,0
445,2015-07-13T00:00:00Z,7,2015-07-20T00:00:00Z,4.5,1,0
445,2015-07-13T00:00:00Z,7,2015-07-20T00:00:00Z,5.5,0,0
445,2015-07-13T00:00:00Z,30,2015-08-12T00:00:00Z,3.5,0,0
445,2015-07-13T00:00:00Z,30,2015-08-12T00:00:00Z,4.5,0,0
445,2015-07-13T00:00:00Z,30,2015-08-12T00:00:00Z,5.5,0,0
446,2015-07-20T00:00:00Z,1,2015-07-21T00:00:00Z,3.5,0,0
446,2015-07-20T00:00:00Z,1,2015-07-21T00:00:00Z,4.5,0,0
446,2015-07-20T00:00:00Z,1,2015-07-21T00:00:00Z,5.5,0,0
446,2015-07-20T00:00:00Z,7,2015-07-27T00:00:00Z,3.5,0,0
446,2015-07-20T00:00:00Z,7,2015-07-27T00:00:00Z,4.5,1,0
446,2015-07-20T00:00:00Z,7,2015-07-27T00:00:00Z,5.5,0,0
446,2015-07-20T00:00:00Z,30,2015-08-19T00:00:00Z,3.5,0,0
446,2015-07-20T00:00:00Z,30,2015-08-19T00:00:00Z,4.5,0,0
446,2015-07-20T00:00:00Z,30,2015-08-19T00:00:00Z,5.5,0,0
447,2015-07-27T00:00:00Z,1,2015-07-28T00:00:00Z,3.5,0,0
447,2015-07-27T00:00:00Z,1,2015-07-28T00:00:00Z,4.5,0,0
447,2015-07-27T00:00:00Z,1,2015-07-28T00:00:00Z,5.5,0,0
447,2015-07-27T00:00:00Z,7,2015-08-03T00:00:00Z,3.5,0,0
447,2015-07-27T00:00:00Z,7,2015-08-03T00:00:00Z,4.5,1,0
447,2015-07-27T00:00:00Z,7,2015-08-03T00:00:00Z,5.5,0,0
447,2015-07-27T00:00:00Z,30,2015-08-26T00:00:00Z,3.5,0,0
447,2015-07-27T00:00:00Z,30,2015-08-26T00:00:00Z,4.5,0,0
447,2015-07-27T00:00:00Z,30,2015-08-26T00:00:00Z,5.5,0,0
448,2015-08-03T00:00:00Z,1,2015-08-04T00:00:00Z,3.5,0,0
448,2015-08-03T00:00:00Z,1,2015-08-04T00:00:00Z,4.5,0,0
448,2015-08-03T00:00:00Z,1,2015-08-04T00:00:00Z,5.5,0,0
448,2015-08-03T00:00:00Z,7,2015-08-10T00:00:00Z,3.5,0,0
448,2015-08-03T00:00:00Z,7,2015-08-10T00:00:00Z,4.5,1,0
448,2015-08-03T00:00:00Z,7,2015-08-10T00:00:00Z,5.5,0,0
448,2015-08-03T00:00:00Z,30,2015-09-02T00:00:00Z,3.5,0,0
448,2015-08-03T00:00:00Z,30,2015-09-02T00:00:00Z,4.5,0,0
448,2015-08-03T00:00:00Z,30,2015-09-02T00:00:00Z,5.5,0,0
449,2015-08-10T00:00:00Z,1,2015-08-11T00:00:00Z,3.5,0,0
449,2015-08-10T00:00:00Z,1,2015-08-11T00:00:00Z,4.5,0,0
449,2015-08-10T00:00:00Z,1,2015-08-11T00:00:00Z,5.5,0,0
449,2015-08-10T00:00:00Z,7,2015-08-17T00:00:00Z,3.5,0,0
449,2015-08-10T00:00:00Z,7,2015-08-17T00:00:00Z,4.5,1,0
449,2015-08-10T00:00:00Z,7,2015-08-17T00:00:00Z,5.5,0,0
449,2015-08-10T00:00:00Z,30,2015-09-09T00:00:00Z,3.5,0,0
449,2015-08-10T00:00:00Z,30,2015-09-09T00:00:00Z,4.5,0,0
449,2015-08-10T00:00:00Z,30,2015-09-09T00:00:00Z,5.5,0,0
450,2015-08-17T00:00:00Z,1,2015-08-18T00:00:00Z,3.5,0,0
450,2015-08-17T00:00:00Z,1,2015-08-18T00:00:00Z,4.5,0,0
450,2015-08-17T00:00:00Z,1,2015-08-18T00:00:00Z,5.5,0,0
450,2015-08-17T00:00:00Z,7,2015-08-24T00:00:00Z,3.5,0,0
450,2015-08-17T00:00:00Z,7,2015-08-24T00:00:00Z,4.5,1,0
450,2015-08-17T00:00:00Z,7,2015-08-24T00:00:00Z,5.5,0,0
450,2015-08-17T00:00:00Z,30,2015-09-16T00:00:00Z,3.5,0,0
450,2015-08-17T00:00:00Z,30,2015-09-16T00:00:00Z,4.5,0,0
450,2015-08-17T00:00:00Z,30,2015-09-16T00:00:00Z,5.5,0,0
451,2015-08-24T00:00:00Z,1,2015-08-25T00:00:00Z,3.5,0,0
451,2015-08-24T00:00:00Z,1,2015-08-25T00:00:00Z,4.5,0,0
451,2015-08-24T00:00:00Z,1,2015-08-25T00:00:00Z,5.5,0,0
451,2015-08-24T00:00:00Z,7,2015-08-31T00:00:00Z,3.5,0,0
451,2015-08-24T00:00:00Z,7,2015-08-31T00:00:00Z,4.5,1,0
451,2015-08-24T00:00:00Z,7,2015-08-31T00:00:00Z,5.5,0,0
451,2015-08-24T00:00:00Z,30,2015-09-23T00:00:00Z,3.5,0,0
451,2015-08-24T00:00:00Z,30,2015-09-23T00:00:00Z,4.5,0,0
451,2015-08-24T00:00:00Z,30,2015-09-23T00:00:00Z,5.5,0,0
452,2015-08-31T00:00:00Z,1,2015-09-01T00:00:00Z,3.5,0,0
452,2015-08-31T00:00:00Z,1,2015-09-01T00:00:00Z,4.5,0,0
452,2015-08-31T00:00:00Z,1,2015-09-01T00:00:00Z,5.5,0,0
452,2015-08-31T00:00:00Z,7,2015-09-07T00:00:00Z,3.5,0,0
452,2015-08-31T00:00:00Z,7,2015-09-07T00:00:00Z,4.5,1,0
452,2015-08-31T00:00:00Z,7,2015-09-07T00:00:00Z,5.5,0,0
452,2015-08-31T00:00:00Z,30,2015-09-30T00:00:00Z,3.5,0,0
452,2015-08-31T00:00:00Z,30,2015-09-30T00:00:00Z,4.5,0,0
452,2015-08-31T00:00:00Z,30,2015-09-30T00:00:00Z,5.5,0,0
453,2015-09-07T00:00:00Z,1,2015-09-08T00:00:00Z,3.5,0,0
453,2015-09-07T00:00:00Z,1,2015-09-08T00:00:00Z,4.5,0,0
453,2015-09-07T00:00:00Z,1,2015-09-08T00:00:00Z,5.5,0,0
453,2015-09-07T00:00:00Z,7,2015-09-14T00:00:00Z,3.5,0,0
453,2015-09-07T00:00:00Z,7,2015-09-14T00:00:00Z,4.5,1,0
453,2015-09-07T00:00:00Z,7,2015-09-14T00:00:00Z,5.5,0,0
453,2015-09-07T00:00:00Z,30,2015-10-07T00:00:00Z,3.5,0,0
453,2015-09-07T00:00:00Z,30,2015-10-07T00:00:00Z,4.5,0,0
453,2015-09-07T00:00:00Z,30,2015-10-07T00:00:00Z,5.5,0,0
454,2015-09-14T00:00:00Z,1,2015-09-15T00:00:00Z,3.5,0,0
454,2015-09-14T00:00:00Z,1,2015-09-15T00:00:00Z,4.5,0,0
454,2015-09-14T00:00:00Z,1,2015-09-15T00:00:00Z,5.5,0,0
454,2015-09-14T00:00:00Z,7,2015-09-21T00:00:00Z,3.5,0,0
454,2015-09-14T00:00:00Z,7,2015-09-21T00:00:00Z,4.5,1,0
454,2015-09-14T00:00:00Z,7,2015-09-21T00:00:00Z,5.5,0,0
454,2015-09-14T00:00:00Z,30,2015-10-14T00:00:00Z,3.5,0,0
454,2015-09-14T00:00:00Z,30,2015-10-14T00:00:00Z,4.5,0,0
454,2015-09-14T00:00:00Z,30,2015-10-14T00:00:00Z,5.5,0,0
455,2015-09-21T00:00:00Z,1,2015-09-22T00:00:00Z,3.5,0,0
455,2015-09-21T00:00:00Z,1,2015-09-22T00:00:00Z,4.5,0,0
455,2015-09-21T00:00:00Z,1,2015-09-22T00:00:00Z,5.5,0,0
455,2015-09-21T00:00:00Z,7,2015-09-28T00:00:00Z,3.5,0,0
455,2015-09-21T00:00:00Z,7,2015-09-28T00:00:00Z,4.5,1,0
455,2015-09-21T00:00:00Z,7,2015-09-28T00:00:00Z,5.5,0,0
455,2015-09-21T00:00:00Z,30,2015-10-21T00:00:00Z,3.5,0,0
455,2015-09-21T00:00:00Z,30,2015-10-21T00:00:00Z,4.5,0,0
455,2015-09-21T00:00:00Z,30,2015-10-21T00:00:00Z,5.5,0,0
456,2015-09-28T00:00:00Z,1,2015-09-29T00:00:00Z,3.5,0,0
456,2015-09-28T00:00:00Z,1,2015-09-29T00:00:00Z,4.5,0,0
456,2015-09-28T00:00:00Z,1,2015-09-29T00:00:00Z,5.5,0,0
456,2015-09-28T00:00:00Z,7,2015-10-05T00:00:00Z,3.5,0,0
456,2015-09-28T00:00:00Z,7,2015-10-05T00:00:00Z,4.5,1,0
456,2015-09-28T00:00:00Z,7,2015-10-05T00:00:00Z,5.5,0,0
456,2015-09-28T00:00:00Z,30,2015-10-28T00:00:00Z,3.5,0,0
456,2015-09-28T00:00:00Z,30,2015-10-28T00:00:00Z,4.5,0,0
456,2015-09-28T00:00:00Z,30,2015-10-28T00:00:00Z,5.5,0,0
457,2015-10-05T00:00:00Z,1,2015-10-06T00:00:00Z,3.5,0,0
457,2015-10-05T00:00:00Z,1,2015-10-06T00:00:00Z,4.5,0,0
457,2015-10-05T00:00:00Z,1,2015-10-06T00:00:00Z,5.5,0,0
457,2015-10-05T00:00:00Z,7,2015-10-12T00:00:00Z,3.5,0,0
457,2015-10-05T00:00:00Z,7,2015-10-12T00:00:00Z,4.5,1,0
457,2015-10-05T00:00:00Z,7,2015-10-12T00:00:00Z,5.5,0,0
457,2015-10-05T00:00:00Z,30,2015-11-04T00:00:00Z,3.5,0,0
457,2015-10-05T00:00:00Z,30,2015-11-04T00:00:00Z,4.5,0,0
457,2015-10-05T00:00:00Z,30,2015-11-04T00:00:00Z,5.5,0,0
458,2015-10-12T00:00:00Z,1,2015-10-13T00:00:00Z,3.5,0,0
458,2015-10-12T00:00:00Z,1,2015-10-13T00:00:00Z,4.5,0,0
458,2015-10-12T00:00:00Z,1,2015-10-13T00:00:00Z,5.5,0,0
458,2015-10-12T00:00:00Z,7,2015-10-19T00:00:00Z,3.5,0,0
458,2015-10-12T00:00:00Z,7,2015-10-19T00:00:00Z,4.5,1,0
458,2015-10-12T00:00:00Z,7,2015-10-19T00:00:00Z,5.5,0,0
458,2015-10-12T00:00:00Z,30,2015-11-11T00:00:00Z,3.5,0,0
458,2015-10-12T00:00:00Z,30,2015-11-11T00:00:00Z,4.5,0,0
458,2015-10-12T00:00:00Z,30,2015-11-11T00:00:00Z,5.5,0,0
459,2015-10-19T00:00:00Z,1,2015-10-20T00:00:00Z,3.5,0,0
459,2015-10-19T00:00:00Z,1,2015-10-20T00:00:00Z,4.5,0,0
459,2015-10-19T00:00:00Z,1,2015-10-20T00:00:00Z,5.5,0,0
459,2015-10-19T00:00:00Z,7,2015-10-26T00:00:00Z,3.5,0,0
459,2015-10-19T00:00:00Z,7,2015-10-26T00:00:00Z,4.5,1,0
459,2015-10-19T00:00:00Z,7,2015-10-26T00:00:00Z,5.5,0,0
459,2015-10-19T00:00:00Z,30,2015-11-18T00:00:00Z,3.5,0,0
459,2015-10-19T00:00:00Z,30,2015-11-18T00:00:00Z,4.5,0,0
459,2015-10-19T00:00:00Z,30,2015-11-18T00:00:00Z,5.5,0,0
460,2015-10-26T00:00:00Z,1,2015-10-27T00:00:00Z,3.5,0,1
460,2015-10-26T00:00:00Z,1,2015-10-27T00:00:00Z,4.5,0,1
460,2015-10-26T00:00:00Z,1,2015-10-27T00:00:00Z,5.5,0,1
460,2015-10-26T00:00:00Z,7,2015-11-02T00:00:00Z,3.5,0,1
460,2015-10-26T00:00:00Z,7,2015-11-02T00:00:00Z,4.5,1,1
460,2015-10-26T00:00:00Z,7,2015-11-02T00:00:00Z,5.5,0,1
460,2015-10-26T00:00:00Z,30,2015-11-25T00:00:00Z,3.5,0,1
460,2015-10-26T00:00:00Z,30,2015-11-25T00:00:00Z,4.5,0,1
460,2015-10-26T00:00:00Z,30,2015-11-25T00:00:00Z,5.5,0,1
461,2015-11-02T00:00:00Z,1,2015-11-03T00:00:00Z,3.5,0,0
461,2015-11-02T00:00:00Z,1,2015-11-03T00:00:00Z,4.5,0,0
461,2015-11-02T00:00:00Z,1,2015-11-03T00:00:00Z,5.5,0,0
461,2015-11-02T00:00:00Z,7,2015-11-09T00:00:00Z,3.5,0,0
461,2015-11-02T00:00:00Z,7,2015-11-09T00:00:00Z,4.5,1,0
461,2015-11-02T00:00:00Z,7,2015-11-09T00:00:00Z,5.5,0,0
461,2015-11-02T00:00:00Z,30,2015-12-02T00:00:00Z,3.5,0,0
461,2015-11-02T00:00:00Z,30,2015-12-02T00:00:00Z,4.5,0,0
461,2015-11-02T00:00:00Z,30,2015-12-02T00:00:00Z,5.5,0,0
462,2015-11-09T00:00:00Z,1,2015-11-10T00:00:00Z,3.5,0,0
462,2015-11-09T00:00:00Z,1,2015-11-10T00:00:00Z,4.5,0,0
462,2015-11-09T00:00:00Z,1,2015-11-10T00:00:00Z,5.5,0,0
462,2015-11-09T00:00:00Z,7,2015-11-16T00:00:00Z,3.5,0,0
462,2015-11-09T00:00:00Z,7,2015-11-16T00:00:00Z,4.5,1,0
462,2015-11-09T00:00:00Z,7,2015-11-16T00:00:00Z,5.5,0,0
462,2015-11-09T00:00:00Z,30,2015-12-09T00:00:00Z,3.5,0,0
462,2015-11-09T00:00:00Z,30,2015-12-09T00:00:00Z,4.5,0,0
462,2015-11-09T00:00:00Z,30,2015-12-09T00:00:00Z,5.5,0,0
463,2015-11-16T00:00:00Z,1,2015-11-17T00:00:00Z,3.5,0,0
463,2015-11-16T00:00:00Z,1,2015-11-17T00:00:00Z,4.5,0,0
463,2015-11-16T00:00:00Z,1,2015-11-17T00:00:00Z,5.5,0,0
463,2015-11-16T00:00:00Z,7,2015-11-23T00:00:00Z,3.5,0,0
463,2015-11-16T00:00:00Z,7,2015-11-23T00:00:00Z,4.5,1,0
463,2015-11-16T00:00:00Z,7,2015-11-23T00:00:00Z,5.5,0,0
463,2015-11-16T00:00:00Z,30,2015-12-16T00:00:00Z,3.5,0,0
463,2015-11-16T00:00:00Z,30,2015-12-16T00:00:00Z,4.5,0,0
463,2015-11-16T00:00:00Z,30,2015-12-16T00:00:00Z,5.5,0,0
464,2015-11-23T00:00:00Z,1,2015-11-24T00:00:00Z,3.5,0,0
464,2015-11-23T00:00:00Z,1,2015-11-24T00:00:00Z,4.5,0,0
464,2015-11-23T00:00:00Z,1,2015-11-24T00:00:00Z,5.5,0,0
464,2015-11-23T00:00:00Z,7,2015-11-30T00:00:00Z,3.5,0,0
464,2015-11-23T00:00:00Z,7,2015-11-30T00:00:00Z,4.5,1,0
464,2015-11-23T00:00:00Z,7,2015-11-30T00:00:00Z,5.5,0,0
464,2015-11-23T00:00:00Z,30,2015-12-23T00:00:00Z,3.5,0,0
464,2015-11-23T00:00:00Z,30,2015-12-23T00:00:00Z,4.5,0,0
464,2015-11-23T00:00:00Z,30,2015-12-23T00:00:00Z,5.5,0,0
465,2015-11-30T00:00:00Z,1,2015-12-01T00:00:00Z,3.5,0,0
465,2015-11-30T00:00:00Z,1,2015-12-01T00:00:00Z,4.5,0,0
465,2015-11-30T00:00:00Z,1,2015-12-01T00:00:00Z,5.5,0,0
465,2015-11-30T00:00:00Z,7,2015-12-07T00:00:00Z,3.5,0,0
465,2015-11-30T00:00:00Z,7,2015-12-07T00:00:00Z,4.5,1,0
465,2015-11-30T00:00:00Z,7,2015-12-07T00:00:00Z,5.5,0,0
465,2015-11-30T00:00:00Z,30,2015-12-30T00:00:00Z,3.5,0,0
465,2015-11-30T00:00:00Z,30,2015-12-30T00:00:00Z,4.5,0,0
465,2015-11-30T00:00:00Z,30,2015-12-30T00:00:00Z,5.5,0,0
466,2015-12-07T00:00:00Z,1,2015-12-08T00:00:00Z,3.5,0,0
466,2015-12-07T00:00:00Z,1,2015-12-08T00:00:00Z,4.5,0,0
466,2015-12-07T00:00:00Z,1,2015-12-08T00:00:00Z,5.5,0,0
466,2015-12-07T00:00:00Z,7,2015-12-14T00:00:00Z,3.5,0,0
466,2015-12-07T00:00:00Z,7,2015-12-14T00:00:00Z,4.5,1,0
466,2015-12-07T00:00:00Z,7,2015-12-14T00:00:00Z,5.5,0,0
466,2015-12-07T00:00:00Z,30,2016-01-06T00:00:00Z,3.5,0,0
466,2015-12-07T00:00:00Z,30,2016-01-06T00:00:00Z,4.5,0,0
466,2015-12-07T00:00:00Z,30,2016-01-06T00:00:00Z,5.5,0,0
467,2015-12-14T00:00:00Z,1,2015-12-15T00:00:00Z,3.5,0,0
467,2015-12-14T00:00:00Z,1,2015-12-15T00:00:00Z,4.5,0,0
467,2015-12-14T00:00:00Z,1,2015-12-15T00:00:00Z,5.5,0,0
467,2015-12-14T00:00:00Z,7,2015-12-21T00:00:00Z,3.5,0,0
467,2015-12-14T00:00:00Z,7,2015-12-21T00:00:00Z,4.5,1,0
467,2015-12-14T00:00:00Z,7,2015-12-21T00:00:00Z,5.5,0,0
467,2015-12-14T00:00:00Z,30,2016-01-13T00:00:00Z,3.5,0,0
467,2015-12-14T00:00:00Z,30,2016-01-13T00:00:00Z,4.5,0,0
467,2015-12-14T00:00:00Z,30,2016-01-13T00:00:00Z,5.5,0,0
468,2015-12-21T00:00:00Z,1,2015-12-22T00:00:00Z,3.5,0,0
468,2015-12-21T00:00:00Z,1,2015-12-22T00:00:00Z,4.5,0,0
468,2015-12-21T00:00:00Z,1,2015-12-22T00:00:00Z,5.5,0,0
468,2015-12-21T00:00:00Z,7,2015-12-28T00:00:00Z,3.5,0,0
468,2015-12-21T00:00:00Z,7,2015-12-28T00:00:00Z,4.5,1,0
468,2015-12-21T00:00:00Z,7,2015-12-28T00:00:00Z,5.5,0,0
468,2015-12-21T00:00:00Z,30,2016-01-20T00:00:00Z,3.5,0,0
468,2015-12-21T00:00:00Z,30,2016-01-20T00:00:00Z,4.5,0,0
468,2015-12-21T00:00:00Z,30,2016-01-20T00:00:00Z,5.5,0,0
469,2015-12-28T00:00:00Z,1,2015-12-29T00:00:00Z,3.5,0,0
469,2015-12-28T00:00:00Z,1,2015-12-29T00:00:00Z,4.5,0,0
469,2015-12-28T00:00:00Z,1,2015-12-29T00:00:00Z,5.5,0,0
469,2015-12-28T00:00:00Z,7,2016-01-04T00:00:00Z,3.5,0,0
469,2015-12-28T00:00:00Z,7,2016-01-04T00:00:00Z,4.5,1,0
469,2015-12-28T00:00:00Z,7,2016-01-04T00:00:00Z,5.5,0,0
469,2015-12-28T00:00:00Z,30,2016-01-27T00:00:00Z,3.5,0,0
469,2015-12-28T00:00:00Z,30,2016-01-27T00:00:00Z,4.5,0,0
469,2015-12-28T00:00:00Z,30,2016-01-27T00:00:00Z,5.5,0,0
470,2016-01-04T00:00:00Z,1,2016-01-05T00:00:00Z,3.5,0,0
470,2016-01-04T00:00:00Z,1,2016-01-05T00:00:00Z,4.5,0,0
470,2016-01-04T00:00:00Z,1,2016-01-05T00:00:00Z,5.5,0,0
470,2016-01-04T00:00:00Z,7,2016-01-11T00:00:00Z,3.5,0,0
470,2016-01-04T00:00:00Z,7,2016-01-11T00:00:00Z,4.5,1,0
470,2016-01-04T00:00:00Z,7,2016-01-11T00:00:00Z,5.5,0,0
470,2016-01-04T00:00:00Z,30,2016-02-03T00:00:00Z,3.5,0,0
470,2016-01-04T00:00:00Z,30,2016-02-03T00:00:00Z,4.5,0,0
470,2016-01-04T00:00:00Z,30,2016-02-03T00:00:00Z,5.5,0,0
471,2016-01-11T00:00:00Z,1,2016-01-12T00:00:00Z,3.5,0,0
471,2016-01-11T00:00:00Z,1,2016-01-12T00:00:00Z,4.5,0,0
471,2016-01-11T00:00:00Z,1,2016-01-12T00:00:00Z,5.5,0,0
471,2016-01-11T00:00:00Z,7,2016-01-18T00:00:00Z,3.5,0,0
471,2016-01-11T00:00:00Z,7,2016-01-18T00:00:00Z,4.5,1,0
471,2016-01-11T00:00:00Z,7,2016-01-18T00:00:00Z,5.5,0,0
471,2016-01-11T00:00:00Z,30,2016-02-10T00:00:00Z,3.5,0,0
471,2016-01-11T00:00:00Z,30,2016-02-10T00:00:00Z,4.5,0,0
471,2016-01-11T00:00:00Z,30,2016-02-10T00:00:00Z,5.5,0,0
472,2016-01-18T00:00:00Z,1,2016-01-19T00:00:00Z,3.5,0,0
472,2016-01-18T00:00:00Z,1,2016-01-19T00:00:00Z,4.5,0,0
472,2016-01-18T00:00:00Z,1,2016-01-19T00:00:00Z,5.5,0,0
472,2016-01-18T00:00:00Z,7,2016-01-25T00:00:00Z,3.5,0,0
472,2016-01-18T00:00:00Z,7,2016-01-25T00:00:00Z,4.5,1,0
472,2016-01-18T00:00:00Z,7,2016-01-25T00:00:00Z,5.5,0,0
472,2016-01-18T00:00:00Z,30,2016-02-17T00:00:00Z,3.5,0,0
472,2016-01-18T00:00:00Z,30,2016-02-17T00:00:00Z,4.5,0,0
472,2016-01-18T00:00:00Z,30,2016-02-17T00:00:00Z,5.5,0,0
473,2016-01-25T00:00:00Z,1,2016-01-26T00:00:00Z,3.5,0,0
473,2016-01-25T00:00:00Z,1,2016-01-26T00:00:00Z,4.5,0,0
473,2016-01-25T00:00:00Z,1,2016-01-26T00:00:00Z,5.5,0,0
473,2016-01-25T00:00:00Z,7,2016-02-01T00:00:00Z,3.5,0,0
473,2016-01-25T00:00:00Z,7,2016-02-01T00:00:00Z,4.5,1,0
473,2016-01-25T00:00:00Z,7,2016-02-01T00:00:00Z,5.5,0,0
473,2016-01-25T00:00:00Z,30,2016-02-24T00:00:00Z,3.5,0,0
473,2016-01-25T00:00:00Z,30,2016-02-24T00:00:00Z,4.5,0,0
473,2016-01-25T00:00:00Z,30,2016-02-24T00:00:00Z,5.5,0,0
474,2016-02-01T00:00:00Z,1,2016-02-02T00:00:00Z,3.5,0,0
474,2016-02-01T00:00:00Z,1,2016-02-02T00:00:00Z,4.5,0,0
474,2016-02-01T00:00:00Z,1,2016-02-02T00:00:00Z,5.5,0,0
474,2016-02-01T00:00:00Z,7,2016-02-08T00:00:00Z,3.5,0,0
474,2016-02-01T00:00:00Z,7,2016-02-08T00:00:00Z,4.5,1,0
474,2016-02-01T00:00:00Z,7,2016-02-08T00:00:00Z,5.5,0,0
474,2016-02-01T00:00:00Z,30,2016-03-02T00:00:00Z,3.5,0,0
474,2016-02-01T00:00:00Z,30,2016-03-02T00:00:00Z,4.5,0,0
474,2016-02-01T00:00:00Z,30,2016-03-02T00:00:00Z,5.5,0,0
475,2016-02-08T00:00:00Z,1,2016-02-09T00:00:00Z,3.5,0,0
475,2016-02-08T00:00:00Z,1,2016-02-09T00:00:00Z,4.5,0,0
475,2016-02-08T00:00:00Z,1,2016-02-09T00:00:00Z,5.5,0,0
475,2016-02-08T00:00:00Z,7,2016-02-15T00:00:00Z,3.5,0,0
475,2016-02-08T00:00:00Z,7,2016-02-15T00:00:00Z,4.5,1,0
475,2016-02-08T00:00:00Z,7,2016-02-15T00:00:00Z,5.5,0,0
475,2016-02-08T00:00:00Z,30,2016-03-09T00:00:00Z,3.5,0,0
475,2016-02-08T00:00:00Z,30,2016-03-09T00:00:00Z,4.5,0,0
475,2016-02-08T00:00:00Z,30,2016-03-09T00:00:00Z,5.5,0,0
476,2016-02-15T00:00:00Z,1,2016-02-16T00:00:00Z,3.5,0,0
476,2016-02-15T00:00:00Z,1,2016-02-16T00:00:00Z,4.5,0,0
476,2016-02-15T00:00:00Z,1,2016-02-16T00:00:00Z,5.5,0,0
476,2016-02-15T00:00:00Z,7,2016-02-22T00:00:00Z,3.5,0,0
476,2016-02-15T00:00:00Z,7,2016-02-22T00:00:00Z,4.5,1,0
476,2016-02-15T00:00:00Z,7,2016-02-22T00:00:00Z,5.5,0,0
476,2016-02-15T00:00:00Z,30,2016-03-16T00:00:00Z,3.5,0,0
476,2016-02-15T00:00:00Z,30,2016-03-16T00:00:00Z,4.5,0,0
476,2016-02-15T00:00:00Z,30,2016-03-16T00:00:00Z,5.5,0,0
477,2016-02-22T00:00:00Z,1,2016-02-23T00:00:00Z,3.5,0,0
477,2016-02-22T00:00:00Z,1,2016-02-23T00:00:00Z,4.5,0,0
477,2016-02-22T00:00:00Z,1,2016-02-23T00:00:00Z,5.5,0,0
477,2016-02-22T00:00:00Z,7,2016-02-29T00:00:00Z,3.5,0,0
477,2016-02-22T00:00:00Z,7,2016-02-29T00:00:00Z,4.5,1,0
477,2016-02-22T00:00:00Z,7,2016-02-29T00:00:00Z,5.5,0,0
477,2016-02-22T00:00:00Z,30,2016-03-23T00:00:00Z,3.5,0,0
477,2016-02-22T00:00:00Z,30,2016-03-23T00:00:00Z,4.5,0,0
477,2016-02-22T00:00:00Z,30,2016-03-23T00:00:00Z,5.5,0,0
478,2016-02-29T00:00:00Z,1,2016-03-01T00:00:00Z,3.5,0,0
478,2016-02-29T00:00:00Z,1,2016-03-01T00:00:00Z,4.5,0,0
478,2016-02-29T00:00:00Z,1,2016-03-01T00:00:00Z,5.5,0,0
478,2016-02-29T00:00:00Z,7,2016-03-07T00:00:00Z,3.5,0,0
478,2016-02-29T00:00:00Z,7,2016-03-07T00:00:00Z,4.5,1,0
478,2016-02-29T00:00:00Z,7,2016-03-07T00:00:00Z,5.5,0,0
478,2016-02-29T00:00:00Z,30,2016-03-30T00:00:00Z,3.5,0,0
478,2016-02-29T00:00:00Z,30,2016-03-30T00:00:00Z,4.5,0,0
478,2016-02-29T00:00:00Z,30,2016-03-30T00:00:00Z,5.5,0,0
479,2016-03-07T00:00:00Z,1,2016-03-08T00:00:00Z,3.5,0,0
479,2016-03-07T00:00:00Z,1,2016-03-08T00:00:00Z,4.5,0,0
479,2016-03-07T00:00:00Z,1,2016-03-08T00:00:00Z,5.5,0,0
479,2016-03-07T00:00:00Z,7,2016-03-14T00:00:00Z,3.5,0,0
479,2016-03-07T00:00:00Z,7,2016-03-14T00:00:00Z,4.5,1,0
479,2016-03-07T00:00:00Z,7,2016-03-14T00:00:00Z,5.5,0,0
479,2016-03-07T00:00:00Z,30,2016-04-06T00:00:00Z,3.5,0,0
479,2016-03-07T00:00:00Z,30,2016-04-06T00:00:00Z,4.5,0,0
479,2016-03-07T00:00:00Z,30,2016-04-06T00:00:00Z,5.5,0,0
480,2016-03-14T00:00:00Z,1,2016-03-15T00:00:00Z,3.5,0,1
480,2016-03-14T00:00:00Z,1,2016-03-15T00:00:00Z,4.5,0,1
480,2016-03-14T00:00:00Z,1,2016-03-15T00:00:00Z,5.5,0,1
480,2016-03-14T00:00:00Z,7,2016-03-21T00:00:00Z,3.5,0,1
480,2016-03-14T00:00:00Z,7,2016-03-21T00:00:00Z,4.5,1,1
480,2016-03-14T00:00:00Z,7,2016-03-21T00:00:00Z,5.5,0,1
480,2016-03-14T00:00:00Z,30,2016-04-13T00:00:00Z,3.5,0,1
480,2016-03-14T00:00:00Z,30,2016-04-13T00:00:00Z,4.5,0,1
480,2016-03-14T00:00:00Z,30,2016-04-13T00:00:00Z,5.5,0,1
481,2016-03-21T00:00:00Z,1,2016-03-22T00:00:00Z,3.5,0,0
481,2016-03-21T00:00:00Z,1,2016-03-22T00:00:00Z,4.5,0,0
481,2016-03-21T00:00:00Z,1,2016-03-22T00:00:00Z,5.5,0,0
481,2016-03-21T00:00:00Z,7,2016-03-28T00:00:00Z,3.5,0,0
481,2016-03-21T00:00:00Z,7,2016-03-28T00:00:00Z,4.5,1,0
481,2016-03-21T00:00:00Z,7,2016-03-28T00:00:00Z,5.5,0,0
481,2016-03-21T00:00:00Z,30,2016-04-20T00:00:00Z,3.5,0,0
481,2016-03-21T00:00:00Z,30,2016-04-20T00:00:00Z,4.5,0,0
481,2016-03-21T00:00:00Z,30,2016-04-20T00:00:00Z,5.5,0,0
482,2016-03-28T00:00:00Z,1,2016-03-29T00:00:00Z,3.5,0,0
482,2016-03-28T00:00:00Z,1,2016-03-29T00:00:00Z,4.5,0,0
482,2016-03-28T00:00:00Z,1,2016-03-29T00:00:00Z,5.5,0,0
482,2016-03-28T00:00:00Z,7,2016-04-04T00:00:00Z,3.5,0,0
482,2016-03-28T00:00:00Z,7,2016-04-04T00:00:00Z,4.5,1,0
482,2016-03-28T00:00:00Z,7,2016-04-04T00:00:00Z,5.5,0,0
482,2016-03-28T00:00:00Z,30,2016-04-27T00:00:00Z,3.5,0,0
482,2016-03-28T00:00:00Z,30,2016-04-27T00:00:00Z,4.5,0,0
482,2016-03-28T00:00:00Z,30,2016-04-27T00:00:00Z,5.5,0,0
483,2016-04-04T00:00:00Z,1,2016-04-05T00:00:00Z,3.5,0,0
483,2016-04-04T00:00:00Z,1,2016-04-05T00:00:00Z,4.5,0,0
483,2016-04-04T00:00:00Z,1,2016-04-05T00:00:00Z,5.5,0,0
483,2016-04-04T00:00:00Z,7,2016-04-11T00:00:00Z,3.5,0,0
483,2016-04-04T00:00:00Z,7,2016-04-11T00:00:00Z,4.5,1,0
483,2016-04-04T00:00:00Z,7,2016-04-11T00:00:00Z,5.5,0,0
483,2016-04-04T00:00:00Z,30,2016-05-04T00:00:00Z,3.5,0,0
483,2016-04-04T00:00:00Z,30,2016-05-04T00:00:00Z,4.5,0,0
483,2016-04-04T00:00:00Z,30,2016-05-04T00:00:00Z,5.5,0,0
484,2016-04-11T00:00:00Z,1,2016-04-12T00:00:00Z,3.5,0,0
484,2016-04-11T00:00:00Z,1,2016-04-12T00:00:00Z,4.5,0,0
484,2016-04-11T00:00:00Z,1,2016-04-12T00:00:00Z,5.5,0,0
484,2016-04-11T00:00:00Z,7,2016-04-18T00:00:00Z,3.5,0,0
484,2016-04-11T00:00:00Z,7,2016-04-18T00:00:00Z,4.5,1,0
484,2016-04-11T00:00:00Z,7,2016-04-18T00:00:00Z,5.5,0,0
484,2016-04-11T00:00:00Z,30,2016-05-11T00:00:00Z,3.5,0,0
484,2016-04-11T00:00:00Z,30,2016-05-11T00:00:00Z,4.5,0,0
484,2016-04-11T00:00:00Z,30,2016-05-11T00:00:00Z,5.5,0,0
485,2016-04-18T00:00:00Z,1,2016-04-19T00:00:00Z,3.5,0,0
485,2016-04-18T00:00:00Z,1,2016-04-19T00:00:00Z,4.5,0,0
485,2016-04-18T00:00:00Z,1,2016-04-19T00:00:00Z,5.5,0,0
485,2016-04-18T00:00:00Z,7,2016-04-25T00:00:00Z,3.5,0,0
485,2016-04-18T00:00:00Z,7,2016-04-25T00:00:00Z,4.5,1,0
485,2016-04-18T00:00:00Z,7,2016-04-25T00:00:00Z,5.5,0,0
485,2016-04-18T00:00:00Z,30,2016-05-18T00:00:00Z,3.5,0,0
485,2016-04-18T00:00:00Z,30,2016-05-18T00:00:00Z,4.5,0,0
485,2016-04-18T00:00:00Z,30,2016-05-18T00:00:00Z,5.5,0,0
486,2016-04-25T00:00:00Z,1,2016-04-26T00:00:00Z,3.5,0,0
486,2016-04-25T00:00:00Z,1,2016-04-26T00:00:00Z,4.5,0,0
486,2016-04-25T00:00:00Z,1,2016-04-26T00:00:00Z,5.5,0,0
486,2016-04-25T00:00:00Z,7,2016-05-02T00:00:00Z,3.5,0,0
486,2016-04-25T00:00:00Z,7,2016-05-02T00:00:00Z,4.5,1,0
486,2016-04-25T00:00:00Z,7,2016-05-02T00:00:00Z,5.5,0,0
486,2016-04-25T00:00:00Z,30,2016-05-25T00:00:00Z,3.5,0,0
486,2016-04-25T00:00:00Z,30,2016-05-25T00:00:00Z,4.5,0,0
486,2016-04-25T00:00:00Z,30,2016-05-25T00:00:00Z,5.5,0,0
487,2016-05-02T00:00:00Z,1,2016-05-03T00:00:00Z,3.5,0,0
487,2016-05-02T00:00:00Z,1,2016-05-03T00:00:00Z,4.5,0,0
487,2016-05-02T00:00:00Z,1,2016-05-03T00:00:00Z,5.5,0,0
487,2016-05-02T00:00:00Z,7,2016-05-09T00:00:00Z,3.5,0,0
487,2016-05-02T00:00:00Z,7,2016-05-09T00:00:00Z,4.5,1,0
487,2016-05-02T00:00:00Z,7,2016-05-09T00:00:00Z,5.5,0,0
487,2016-05-02T00:00:00Z,30,2016-06-01T00:00:00Z,3.5,0,0
487,2016-05-02T00:00:00Z,30,2016-06-01T00:00:00Z,4.5,0,0
487,2016-05-02T00:00:00Z,30,2016-06-01T00:00:00Z,5.5,0,0
488,2016-05-09T00:00:00Z,1,2016-05-10T00:00:00Z,3.5,0,0
488,2016-05-09T00:00:00Z,1,2016-05-10T00:00:00Z,4.5,0,0
488,2016-05-09T00:00:00Z,1,2016-05-10T00:00:00Z,5.5,0,0
488,2016-05-09T00:00:00Z,7,2016-05-16T00:00:00Z,3.5,0,0
488,2016-05-09T00:00:00Z,7,2016-05-16T00:00:00Z,4.5,1,0
488,2016-05-09T00:00:00Z,7,2016-05-16T00:00:00Z,5.5,0,0
488,2016-05-09T00:00:00Z,30,2016-06-08T00:00:00Z,3.5,0,0
488,2016-05-09T00:00:00Z,30,2016-06-08T00:00:00Z,4.5,0,0
488,2016-05-09T00:00:00Z,30,2016-06-08T00:00:00Z,5.5,0,0
489,2016-05-16T00:00:00Z,1,2016-05-17T00:00:00Z,3.5,0,0
489,2016-05-16T00:00:00Z,1,2016-05-17T00:00:00Z,4.5,0,0
489,2016-05-16T00:00:00Z,1,2016-05-17T00:00:00Z,5.5,0,0
489,2016-05-16T00:00:00Z,7,2016-05-23T00:00:00Z,3.5,0,0
489,2016-05-16T00:00:00Z,7,2016-05-23T00:00:00Z,4.5,1,0
489,2016-05-16T00:00:00Z,7,2016-05-23T00:00:00Z,5.5,0,0
489,2016-05-16T00:00:00Z,30,2016-06-15T00:00:00Z,3.5,0,0
489,2016-05-16T00:00:00Z,30,2016-06-15T00:00:00Z,4.5,0,0
489,2016-05-16T00:00:00Z,30,2016-06-15T00:00:00Z,5.5,0,0
490,2016-05-23T00:00:00Z,1,2016-05-24T00:00:00Z,3.5,0,0
490,2016-05-23T00:00:00Z,1,2016-05-24T00:00:00Z,4.5,0,0
490,2016-05-23T00:00:00Z,1,2016-05-24T00:00:00Z,5.5,0,0
490,2016-05-23T00:00:00Z,7,2016-05-30T00:00:00Z,3.5,0,0
490,2016-05-23T00:00:00Z,7,2016-05-30T00:00:00Z,4.5,1,0
490,2016-05-23T00:00:00Z,7,2016-05-30T00:00:00Z,5.5,0,0
490,2016-05-23T00:00:00Z,30,2016-06-22T00:00:00Z,3.5,0,0
490,2016-05-23T00:00:00Z,30,2016-06-22T00:00:00Z,4.5,0,0
490,2016-05-23T00:00:00Z,30,2016-06-22T00:00:00Z,5.5,0,0
491,2016-05-30T00:00:00Z,1,2016-05-31T00:00:00Z,3.5,0,0
491,2016-05-30T00:00:00Z,1,2016-05-31T00:00:00Z,4.5,0,0
491,2016-05-30T00:00:00Z,1,2016-05-31T00:00:00Z,5.5,0,0
491,2016-05-30T00:00:00Z,7,2016-06-06T00:00:00Z,3.5,0,0
491,2016-05-30T00:00:00Z,7,2016-06-06T00:00:00Z,4.5,1,0
491,2016-05-30T00:00:00Z,7,2016-06-06T00:00:00Z,5.5,0,0
491,2016-05-30T00:00:00Z,30,2016-06-29T00:00:00Z,3.5,0,0
491,2016-05-30T00:00:00Z,30,2016-06-29T00:00:00Z,4.5,0,0
491,2016-05-30T00:00:00Z,30,2016-06-29T00:00:00Z,5.5,0,0
492,2016-06-06T00:00:00Z,1,2016-06-07T00:00:00Z,3.5,0,0
492,2016-06-06T00:00:00Z,1,2016-06-07T00:00:00Z,4.5,0,0
492,2016-06-06T00:00:00Z,1,2016-06-07T00:00:00Z,5.5,0,0
492,2016-06-06T00:00:00Z,7,2016-06-13T00:00:00Z,3.5,0,0
492,2016-06-06T00:00:00Z,7,2016-06-13T00:00:00Z,4.5,1,0
492,2016-06-06T00:00:00Z,7,2016-06-13T00:00:00Z,5.5,0,0
492,2016-06-06T00:00:00Z,30,2016-07-06T00:00:00Z,3.5,0,0
492,2016-06-06T00:00:00Z,30,2016-07-06T00:00:00Z,4.5,0,0
492,2016-06-06T00:00:00Z,30,2016-07-06T00:00:00Z,5.5,0,0
493,2016-06-13T00:00:00Z,1,2016-06-14T00:00:00Z,3.5,0,0
493,2016-06-13T00:00:00Z,1,2016-06-14T00:00:00Z,4.5,0,0
493,2016-06-13T00:00:00Z,1,2016-06-14T00:00:00Z,5.5,0,0
493,2016-06-13T00:00:00Z,7,2016-06-20T00:00:00Z,3.5,0,0
493,2016-06-13T00:00:00Z,7,2016-06-20T00:00:00Z,4.5,1,0
493,2016-06-13T00:00:00Z,7,2016-06-20T00:00:00Z,5.5,0,0
493,2016-06-13T00:00:00Z,30,2016-07-13T00:00:00Z,3.5,0,0
493,2016-06-13T00:00:00Z,30,2016-07-13T00:00:00Z,4.5,0,0
493,2016-06-13T00:00:00Z,30,2016-07-13T00:00:00Z,5.5,0,0
494,2016-06-20T00:00:00Z,1,2016-06-21T00:00:00Z,3.5,0,0
494,2016-06-20T00:00:00Z,1,2016-06-21T00:00:00Z,4.5,0,0
494,2016-06-20T00:00:00Z,1,2016-06-21T00:00:00Z,5.5,0,0
494,2016-06-20T00:00:00Z,7,2016-06-27T00:00:00Z,3.5,0,0
494,2016-06-20T00:00:00Z,7,2016-06-27T00:00:00Z,4.5,1,0
494,2016-06-20T00:00:00Z,7,2016-06-27T00:00:00Z,5.5,0,0
494,2016-06-20T00:00:00Z,30,2016-07-20T00:00:00Z,3.5,0,0
494,2016-06-20T00:00:00Z,30,2016-07-20T00:00:00Z,4.5,0,0
494,2016-06-20T00:00:00Z,30,2016-07-20T00:00:00Z,5.5,0,0
495,2016-06-27T00:00:00Z,1,2016-06-28T00:00:00Z,3.5,0,0
495,2016-06-27T00:00:00Z,1,2016-06-28T00:00:00Z,4.5,0,0
495,2016-06-27T00:00:00Z,1,2016-06-28T00:00:00Z,5.5,0,0
495,2016-06-27T00:00:00Z,7,2016-07-04T00:00:00Z,3.5,0,0
495,2016-06-27T00:00:00Z,7,2016-07-04T00:00:00Z,4.5,1,0
495,2016-06-27T00:00:00Z,7,2016-07-04T00:00:00Z,5.5,0,0
495,2016-06-27T00:00:00Z,30,2016-07-27T00:00:00Z,3.5,0,0
495,2016-06-27T00:00:00Z,30,2016-07-27T00:00:00Z,4.5,0,0
495,2016-06-27T00:00:00Z,30,2016-07-27T00:00:00Z,5.5,0,0
496,2016-07-04T00:00:00Z,1,2016-07-05T00:00:00Z,3.5,0,0
496,2016-07-04T00:00:00Z,1,2016-07-05T00:00:00Z,4.5,0,0
496,2016-07-04T00:00:00Z,1,2016-07-05T00:00:00Z,5.5,0,0
496,2016-07-04T00:00:00Z,7,2016-07-11T00:00:00Z,3.5,0,0
496,2016-07-04T00:00:00Z,7,2016-07-11T00:00:00Z,4.5,1,0
496,2016-07-04T00:00:00Z,7,2016-07-11T00:00:00Z,5.5,0,0
496,2016-07-04T00:00:00Z,30,2016-08-03T00:00:00Z,3.5,0,0
496,2016-07-04T00:00:00Z,30,2016-08-03T00:00:00Z,4.5,0,0
496,2016-07-04T00:00:00Z,30,2016-08-03T00:00:00Z,5.5,0,0
497,2016-07-11T00:00:00Z,1,2016-07-12T00:00:00Z,3.5,0,0
497,2016-07-11T00:00:00Z,1,2016-07-12T00:00:00Z,4.5,0,0
497,2016-07-11T00:00:00Z,1,2016-07-12T00:00:00Z,5.5,0,0
497,2016-07-11T00:00:00Z,7,2016-07-18T00:00:00Z,3.5,0,0
497,2016-07-11T00:00:00Z,7,2016-07-18T00:00:00Z,4.5,1,0
497,2016-07-11T00:00:00Z,7,2016-07-18T00:00:00Z,5.5,0,0
497,2016-07-11T00:00:00Z,30,2016-08-10T00:00:00Z,3.5,0,0
497,2016-07-11T00:00:00Z,30,2016-08-10T00:00:00Z,4.5,0,0
497,2016-07-11T00:00:00Z,30,2016-08-10T00:00:00Z,5.5,0,0
498,2016-07-18T00:00:00Z,1,2016-07-19T00:00:00Z,3.5,0,0
498,2016-07-18T00:00:00Z,1,2016-07-19T00:00:00Z,4.5,0,0
498,2016-07-18T00:00:00Z,1,2016-07-19T00:00:00Z,5.5,0,0
498,2016-07-18T00:00:00Z,7,2016-07-25T00:00:00Z,3.5,0,0
498,2016-07-18T00:00:00Z,7,2016-07-25T00:00:00Z,4.5,1,0
498,2016-07-18T00:00:00Z,7,2016-07-25T00:00:00Z,5.5,0,0
498,2016-07-18T00:00:00Z,30,2016-08-17T00:00:00Z,3.5,0,0
498,2016-07-18T00:00:00Z,30,2016-08-17T00:00:00Z,4.5,0,0
498,2016-07-18T00:00:00Z,30,2016-08-17T00:00:00Z,5.5,0,0
499,2016-07-25T00:00:00Z,1,2016-07-26T00:00:00Z,3.5,0,0
499,2016-07-25T00:00:00Z,1,2016-07-26T00:00:00Z,4.5,0,0
499,2016-07-25T00:00:00Z,1,2016-07-26T00:00:00Z,5.5,0,0
499,2016-07-25T00:00:00Z,7,2016-08-01T00:00:00Z,3.5,0,0
499,2016-07-25T00:00:00Z,7,2016-08-01T00:00:00Z,4.5,1,0
499,2016-07-25T00:00:00Z,7,2016-08-01T00:00:00Z,5.5,0,0
499,2016-07-25T00:00:00Z,30,2016-08-24T00:00:00Z,3.5,0,0
499,2016-07-25T00:00:00Z,30,2016-08-24T00:00:00Z,4.5,0,0
499,2016-07-25T00:00:00Z,30,2016-08-24T00:00:00Z,5.5,0,0
500,2016-08-01T00:00:00Z,1,2016-08-02T00:00:00Z,3.5,0,1
500,2016-08-01T00:00:00Z,1,2016-08-02T00:00:00Z,4.5,0,1
500,2016-08-01T00:00:00Z,1,2016-08-02T00:00:00Z,5.5,0,1
500,2016-08-01T00:00:00Z,7,2016-08-08T00:00:00Z,3.5,0,1
500,2016-08-01T00:00:00Z,7,2016-08-08T00:00:00Z,4.5,1,1
500,2016-08-01T00:00:00Z,7,2016-08-08T00:00:00Z,5.5,0,1
500,2016-08-01T00:00:00Z,30,2016-08-31T00:00:00Z,3.5,0,1
500,2016-08-01T00:00:00Z,30,2016-08-31T00:00:00Z,4.5,0,1
500,2016-08-01T00:00:00Z,30,2016-08-31T00:00:00Z,5.5,0,1
501,2016-08-08T00:00:00Z,1,2016-08-09T00:00:00Z,3.5,0,0
501,2016-08-08T00:00:00Z,1,2016-08-09T00:00:00Z,4.5,0,0
501,2016-08-08T00:00:00Z,1,2016-08-09T00:00:00Z,5.5,0,0
501,2016-08-08T00:00:00Z,7,2016-08-15T00:00:00Z,3.5,0,0
501,2016-08-08T00:00:00Z,7,2016-08-15T00:00:00Z,4.5,1,0
501,2016-08-08T00:00:00Z,7,2016-08-15T00:00:00Z,5.5,0,0
501,2016-08-08T00:00:00Z,30,2016-09-07T00:00:00Z,3.5,0,0
501,2016-08-08T00:00:00Z,30,2016-09-07T00:00:00Z,4.5,0,0
501,2016-08-08T00:00:00Z,30,2016-09-07T00:00:00Z,5.5,0,0
502,2016-08-15T00:00:00Z,1,2016-08-16T00:00:00Z,3.5,0,0
502,2016-08-15T00:00:00Z,1,2016-08-16T00:00:00Z,4.5,0,0
502,2016-08-15T00:00:00Z,1,2016-08-16T00:00:00Z,5.5,0,0
502,2016-08-15T00:00:00Z,7,2016-08-22T00:00:00Z,3.5,0,0
502,2016-08-15T00:00:00Z,7,2016-08-22T00:00:00Z,4.5,1,0
502,2016-08-15T00:00:00Z,7,2016-08-22T00:00:00Z,5.5,0,0
502,2016-08-15T00:00:00Z,30,2016-09-14T00:00:00Z,3.5,0,0
502,2016-08-15T00:00:00Z,30,2016-09-14T00:00:00Z,4.5,0,0
502,2016-08-15T00:00:00Z,30,2016-09-14T00:00:00Z,5.5,0,0
503,2016-08-22T00:00:00Z,1,2016-08-23T00:00:00Z,3.5,0,0
503,2016-08-22T00:00:00Z,1,2016-08-23T00:00:00Z,4.5,0,0
503,2016-08-22T00:00:00Z,1,2016-08-23T00:00:00Z,5.5,0,0
503,2016-08-22T00:00:00Z,7,2016-08-29T00:00:00Z,3.5,0,0
503,2016-08-22T00:00:00Z,7,2016-08-29T00:00:00Z,4.5,1,0
503,2016-08-22T00:00:00Z,7,2016-08-29T00:00:00Z,5.5,0,0
503,2016-08-22T00:00:00Z,30,2016-09-21T00:00:00Z,3.5,0,0
503,2016-08-22T00:00:00Z,30,2016-09-21T00:00:00Z,4.5,0,0
503,2016-08-22T00:00:00Z,30,2016-09-21T00:00:00Z,5.5,0,0
504,2016-08-29T00:00:00Z,1,2016-08-30T00:00:00Z,3.5,0,0
504,2016-08-29T00:00:00Z,1,2016-08-30T00:00:00Z,4.5,0,0
504,2016-08-29T00:00:00Z,1,2016-08-30T00:00:00Z,5.5,0,0
504,2016-08-29T00:00:00Z,7,2016-09-05T00:00:00Z,3.5,0,0
504,2016-08-29T00:00:00Z,7,2016-09-05T00:00:00Z,4.5,1,0
504,2016-08-29T00:00:00Z,7,2016-09-05T00:00:00Z,5.5,0,0
504,2016-08-29T00:00:00Z,30,2016-09-28T00:00:00Z,3.5,0,0
504,2016-08-29T00:00:00Z,30,2016-09-28T00:00:00Z,4.5,0,0
504,2016-08-29T00:00:00Z,30,2016-09-28T00:00:00Z,5.5,0,0
505,2016-09-05T00:00:00Z,1,2016-09-06T00:00:00Z,3.5,0,0
505,2016-09-05T00:00:00Z,1,2016-09-06T00:00:00Z,4.5,0,0
505,2016-09-05T00:00:00Z,1,2016-09-06T00:00:00Z,5.5,0,0
505,2016-09-05T00:00:00Z,7,2016-09-12T00:00:00Z,3.5,0,0
505,2016-09-05T00:00:00Z,7,2016-09-12T00:00:00Z,4.5,1,0
505,2016-09-05T00:00:00Z,7,2016-09-12T00:00:00Z,5.5,0,0
505,2016-09-05T00:00:00Z,30,2016-10-05T00:00:00Z,3.5,0,0
505,2016-09-05T00:00:00Z,30,2016-10-05T00:00:00Z,4.5,0,0
505,2016-09-05T00:00:00Z,30,2016-10-05T00:00:00Z,5.5,0,0
506,2016-09-12T00:00:00Z,1,2016-09-13T00:00:00Z,3.5,0,0
506,2016-09-12T00:00:00Z,1,2016-09-13T00:00:00Z,4.5,0,0
506,2016-09-12T00:00:00Z,1,2016-09-13T00:00:00Z,5.5,0,0
506,2016-09-12T00:00:00Z,7,2016-09-19T00:00:00Z,3.5,0,0
506,2016-09-12T00:00:00Z,7,2016-09-19T00:00:00Z,4.5,1,0
506,2016-09-12T00:00:00Z,7,2016-09-19T00:00:00Z,5.5,0,0
506,2016-09-12T00:00:00Z,30,2016-10-12T00:00:00Z,3.5,0,0
506,2016-09-12T00:00:00Z,30,2016-10-12T00:00:00Z,4.5,0,0
506,2016-09-12T00:00:00Z,30,2016-10-12T00:00:00Z,5.5,0,0
507,2016-09-19T00:00:00Z,1,2016-09-20T00:00:00Z,3.5,0,0
507,2016-09-19T00:00:00Z,1,2016-09-20T00:00:00Z,4.5,0,0
507,2016-09-19T00:00:00Z,1,2016-09-20T00:00:00Z,5.5,0,0
507,2016-09-19T00:00:00Z,7,2016-09-26T00:00:00Z,3.5,0,0
507,2016-09-19T00:00:00Z,7,2016-09-26T00:00:00Z,4.5,1,0
507,2016-09-19T00:00:00Z,7,2016-09-26T00:00:00Z,5.5,0,0
507,2016-09-19T00:00:00Z,30,2016-10-19T00:00:00Z,3.5,0,0
507,2016-09-19T00:00:00Z,30,2016-10-19T00:00:00Z,4.5,0,0
507,2016-09-19T00:00:00Z,30,2016-10-19T00:00:00Z,5.5,0,0
508,2016-09-26T00:00:00Z,1,2016-09-27T00:00:00Z,3.5,0,0
508,2016-09-26T00:00:00Z,1,2016-09-27T00:00:00Z,4.5,0,0
508,2016-09-26T00:00:00Z,1,2016-09-27T00:00:00Z,5.5,0,0
508,2016-09-26T00:00:00Z,7,2016-10-03T00:00:00Z,3.5,0,0
508,2016-09-26T00:00:00Z,7,2016-10-03T00:00:00Z,4.5,1,0
508,2016-09-26T00:00:00Z,7,2016-10-03T00:00:00Z,5.5,0,0
508,2016-09-26T00:00:00Z,30,2016-10-26T00:00:00Z,3.5,0,0
508,2016-09-26T00:00:00Z,30,2016-10-26T00:00:00Z,4.5,0,0
508,2016-09-26T00:00:00Z,30,2016-10-26T00:00:00Z,5.5,0,0
509,2016-10-03T00:00:00Z,1,2016-10-04T00:00:00Z,3.5,0,0
509,2016-10-03T00:00:00Z,1,2016-10-04T00:00:00Z,4.5,0,0
509,2016-10-03T00:00:00Z,1,2016-10-04T00:00:00Z,5.5,0,0
509,2016-10-03T00:00:00Z,7,2016-10-10T00:00:00Z,3.5,0,0
509,2016-10-03T00:00:00Z,7,2016-10-10T00:00:00Z,4.5,1,0
509,2016-10-03T00:00:00Z,7,2016-10-10T00:00:00Z,5.5,0,0
509,2016-10-03T00:00:00Z,30,2016-11-02T00:00:00Z,3.5,0,0
509,2016-10-03T00:00:00Z,30,2016-11-02T00:00:00Z,4.5,0,0
509,2016-10-03T00:00:00Z,30,2016-11-02T00:00:00Z,5.5,0,0
510,2016-10-10T00:00:00Z,1,2016-10-11T00:00:00Z,3.5,0,0
510,2016-10-10T00:00:00Z,1,2016-10-11T00:00:00Z,4.5,0,0
510,2016-10-10T00:00:00Z,1,2016-10-11T00:00:00Z,5.5,0,0
510,2016-10-10T00:00:00Z,7,2016-10-17T00:00:00Z,3.5,0,0
510,2016-10-10T00:00:00Z,7,2016-10-17T00:00:00Z,4.5,1,0
510,2016-10-10T00:00:00Z,7,2016-10-17T00:00:00Z,5.5,0,0
510,2016-10-10T00:00:00Z,30,2016-11-09T00:00:00Z,3.5,0,0
510,2016-10-10T00:00:00Z,30,2016-11-09T00:00:00Z,4.5,0,0
510,2016-10-10T00:00:00Z,30,2016-11-09T00:00:00Z,5.5,0,0
511,2016-10-17T00:00:00Z,1,2016-10-18T00:00:00Z,3.5,0,0
511,2016-10-17T00:00:00Z,1,2016-10-18T00:00:00Z,4.5,0,0
511,2016-10-17T00:00:00Z,1,2016-10-18T00:00:00Z,5.5,0,0
511,2016-10-17T00:00:00Z,7,2016-10-24T00:00:00Z,3.5,0,0
511,2016-10-17T00:00:00Z,7,2016-10-24T00:00:00Z,4.5,1,0
511,2016-10-17T00:00:00Z,7,2016-10-24T00:00:00Z,5.5,0,0
511,2016-10-17T00:00:00Z,30,2016-11-16T00:00:00Z,3.5,0,0
511,2016-10-17T00:00:00Z,30,2016-11-16T00:00:00Z,4.5,0,0
511,2016-10-17T00:00:00Z,30,2016-11-16T00:00:00Z,5.5,0,0
512,2016-10-24T00:00:00Z,1,2016-10-25T00:00:00Z,3.5,0,0
512,2016-10-24T00:00:00Z,1,2016-10-25T00:00:00Z,4.5,0,0
512,2016-10-24T00:00:00Z,1,2016-10-25T00:00:00Z,5.5,0,0
512,2016-10-24T00:00:00Z,7,2016-10-31T00:00:00Z,3.5,0,0
512,2016-10-24T00:00:00Z,7,2016-10-31T00:00:00Z,4.5,1,0
512,2016-10-24T00:00:00Z,7,2016-10-31T00:00:00Z,5.5,0,0
512,2016-10-24T00:00:00Z,30,2016-11-23T00:00:00Z,3.5,0,0
512,2016-10-24T00:00:00Z,30,2016-11-23T00:00:00Z,4.5,0,0
512,2016-10-24T00:00:00Z,30,2016-11-23T00:00:00Z,5.5,0,0
513,2016-10-31T00:00:00Z,1,2016-11-01T00:00:00Z,3.5,0,0
513,2016-10-31T00:00:00Z,1,2016-11-01T00:00:00Z,4.5,0,0
513,2016-10-31T00:00:00Z,1,2016-11-01T00:00:00Z,5.5,0,0
513,2016-10-31T00:00:00Z,7,2016-11-07T00:00:00Z,3.5,0,0
513,2016-10-31T00:00:00Z,7,2016-11-07T00:00:00Z,4.5,1,0
513,2016-10-31T00:00:00Z,7,2016-11-07T00:00:00Z,5.5,0,0
513,2016-10-31T00:00:00Z,30,2016-11-30T00:00:00Z,3.5,0,0
513,2016-10-31T00:00:00Z,30,2016-11-30T00:00:00Z,4.5,0,0
513,2016-10-31T00:00:00Z,30,2016-11-30T00:00:00Z,5.5,0,0
514,2016-11-07T00:00:00Z,1,2016-11-08T00:00:00Z,3.5,0,0
514,2016-11-07T00:00:00Z,1,2016-11-08T00:00:00Z,4.5,0,0
514,2016-11-07T00:00:00Z,1,2016-11-08T00:00:00Z,5.5,0,0
514,2016-11-07T00:00:00Z,7,2016-11-14T00:00:00Z,3.5,0,0
514,2016-11-07T00:00:00Z,7,2016-11-14T00:00:00Z,4.5,1,0
514,2016-11-07T00:00:00Z,7,2016-11-14T00:00:00Z,5.5,0,0
514,2016-11-07T00:00:00Z,30,2016-12-07T00:00:00Z,3.5,0,0
514,2016-11-07T00:00:00Z,30,2016-12-07T00:00:00Z,4.5,0,0
514,2016-11-07T00:00:00Z,30,2016-12-07T00:00:00Z,5.5,0,0
515,2016-11-14T00:00:00Z,1,2016-11-15T00:00:00Z,3.5,0,0
515,2016-11-14T00:00:00Z,1,2016-11-15T00:00:00Z,4.5,0,0
515,2016-11-14T00:00:00Z,1,2016-11-15T00:00:00Z,5.5,0,0
515,2016-11-14T00:00:00Z,7,2016-11-21T00:00:00Z,3.5,0,0
515,2016-11-14T00:00:00Z,7,2016-11-21T00:00:00Z,4.5,1,0
515,2016-11-14T00:00:00Z,7,2016-11-21T00:00:00Z,5.5,0,0
515,2016-11-14T00:00:00Z,30,2016-12-14T00:00:00Z,3.5,0,0
515,2016-11-14T00:00:00Z,30,2016-12-14T00:00:00Z,4.5,0,0
515,2016-11-14T00:00:00Z,30,2016-12-14T00:00:00Z,5.5,0,0
516,2016-11-21T00:00:00Z,1,2016-11-22T00:00:00Z,3.5,0,0
516,2016-11-21T00:00:00Z,1,2016-11-22T00:00:00Z,4.5,0,0
516,2016-11-21T00:00:00Z,1,2016-11-22T00:00:00Z,5.5,0,0
516,2016-11-21T00:00:00Z,7,2016-11-28T00:00:00Z,3.5,0,0
516,2016-11-21T00:00:00Z,7,2016-11-28T00:00:00Z,4.5,1,0
516,2016-11-21T00:00:00Z,7,2016-11-28T00:00:00Z,5.5,0,0
516,2016-11-21T00:00:00Z,30,2016-12-21T00:00:00Z,3.5,0,0
516,2016-11-21T00:00:00Z,30,2016-12-21T00:00:00Z,4.5,0,0
516,2016-11-21T00:00:00Z,30,2016-12-21T00:00:00Z,5.5,0,0
517,2016-11-28T00:00:00Z,1,2016-11-29T00:00:00Z,3.5,0,0
517,2016-11-28T00:00:00Z,1,2016-11-29T00:00:00Z,4.5,0,0
517,2016-11-28T00:00:00Z,1,2016-11-29T00:00:00Z,5.5,0,0
517,2016-11-28T00:00:00Z,7,2016-12-05T00:00:00Z,3.5,0,0
517,2016-11-28T00:00:00Z,7,2016-12-05T00:00:00Z,4.5,1,0
517,2016-11-28T00:00:00Z,7,2016-12-05T00:00:00Z,5.5,0,0
517,2016-11-28T00:00:00Z,30,2016-12-28T00:00:00Z,3.5,0,0
517,2016-11-28T00:00:00Z,30,2016-12-28T00:00:00Z,4.5,0,0
517,2016-11-28T00:00:00Z,30,2016-12-28T00:00:00Z,5.5,0,0
518,2016-12-05T00:00:00Z,1,2016-12-06T00:00:00Z,3.5,0,0
518,2016-12-05T00:00:00Z,1,2016-12-06T00:00:00Z,4.5,0,0
518,2016-12-05T00:00:00Z,1,2016-12-06T00:00:00Z,5.5,0,0
518,2016-12-05T00:00:00Z,7,2016-12-12T00:00:00Z,3.5,0,0
518,2016-12-05T00:00:00Z,7,2016-12-12T00:00:00Z,4.5,1,0
518,2016-12-05T00:00:00Z,7,2016-12-12T00:00:00Z,5.5,0,0
518,2016-12-05T00:00:00Z,30,2017-01-04T00:00:00Z,3.5,0,0
518,2016-12-05T00:00:00Z,30,2017-01-04T00:00:00Z,4.5,0,0
518,2016-12-05T00:00:00Z,30,2017-01-04T00:00:00Z,5.5,0,0
519,2016-12-12T00:00:00Z,1,2016-12-13T00:00:00Z,3.5,0,0
519,2016-12-12T00:00:00Z,1,2016-12-13T00:00:00Z,4.5,0,0
519,2016-12-12T00:00:00Z,1,2016-12-13T00:00:00Z,5.5,0,0
519,2016-12-12T00:00:00Z,7,2016-12-19T00:00:00Z,3.5,0,0
519,2016-12-12T00:00:00Z,7,2016-12-19T00:00:00Z,4.5,1,0
519,2016-12-12T00:00:00Z,7,2016-12-19T00:00:00Z,5.5,0,0
519,2016-12-12T00:00:00Z,30,2017-01-11T00:00:00Z,3.5,0,0
519,2016-12-12T00:00:00Z,30,2017-01-11T00:00:00Z,4.5,0,0
519,2016-12-12T00:00:00Z,30,2017-01-11T00:00:00Z,5.5,0,0
520,2016-12-19T00:00:00Z,1,2016-12-20T00:00:00Z,3.5,0,1
520,2016-12-19T00:00:00Z,1,2016-12-20T00:00:00Z,4.5,0,1
520,2016-12-19T00:00:00Z,1,2016-12-20T00:00:00Z,5.5,0,1
520,2016-12-19T00:00:00Z,7,2016-12-26T00:00:00Z,3.5,0,1
520,2016-12-19T00:00:00Z,7,2016-12-26T00:00:00Z,4.5,1,1
520,2016-12-19T00:00:00Z,7,2016-12-26T00:00:00Z,5.5,0,1
520,2016-12-19T00:00:00Z,30,2017-01-18T00:00:00Z,3.5,0,1
520,2016-12-19T00:00:00Z,30,2017-01-18T00:00:00Z,4.5,0,1
520,2016-12-19T00:00:00Z,30,2017-01-18T00:00:00Z,5.5,0,1
521,2016-12-26T00:00:00Z,1,2016-12-27T00:00:00Z,3.5,0,0
521,2016-12-26T00:00:00Z,1,2016-12-27T00:00:00Z,4.5,0,0
521,2016-12-26T00:00:00Z,1,2016-12-27T00:00:00Z,5.5,0,0
521,2016-12-26T00:00:00Z,7,2017-01-02T00:00:00Z,3.5,0,0
521,2016-12-26T00:00:00Z,7,2017-01-02T00:00:00Z,4.5,1,0
521,2016-12-26T00:00:00Z,7,2017-01-02T00:00:00Z,5.5,0,0
521,2016-12-26T00:00:00Z,30,2017-01-25T00:00:00Z,3.5,0,0
521,2016-12-26T00:00:00Z,30,2017-01-25T00:00:00Z,4.5,0,0
521,2016-12-26T00:00:00Z,30,2017-01-25T00:00:00Z,5.5,0,0
522,2017-01-02T00:00:00Z,1,2017-01-03T00:00:00Z,3.5,0,0
522,2017-01-02T00:00:00Z,1,2017-01-03T00:00:00Z,4.5,0,0
522,2017-01-02T00:00:00Z,1,2017-01-03T00:00:00Z,5.5,0,0
522,2017-01-02T00:00:00Z,7,2017-01-09T00:00:00Z,3.5,0,0
522,2017-01-02T00:00:00Z,7,2017-01-09T00:00:00Z,4.5,1,0
522,2017-01-02T00:00:00Z,7,2017-01-09T00:00:00Z,5.5,0,0
522,2017-01-02T00:00:00Z,30,2017-02-01T00:00:00Z,3.5,0,0
522,2017-01-02T00:00:00Z,30,2017-02-01T00:00:00Z,4.5,0,0
522,2017-01-02T00:00:00Z,30,2017-02-01T00:00:00Z,5.5,0,0
523,2017-01-09T00:00:00Z,1,2017-01-10T00:00:00Z,3.5,0,0
523,2017-01-09T00:00:00Z,1,2017-01-10T00:00:00Z,4.5,0,0
523,2017-01-09T00:00:00Z,1,2017-01-10T00:00:00Z,5.5,0,0
523,2017-01-09T00:00:00Z,7,2017-01-16T00:00:00Z,3.5,0,0
523,2017-01-09T00:00:00Z,7,2017-01-16T00:00:00Z,4.5,1,0
523,2017-01-09T00:00:00Z,7,2017-01-16T00:00:00Z,5.5,0,0
523,2017-01-09T00:00:00Z,30,2017-02-08T00:00:00Z,3.5,0,0
523,2017-01-09T00:00:00Z,30,2017-02-08T00:00:00Z,4.5,0,0
523,2017-01-09T00:00:00Z,30,2017-02-08T00:00:00Z,5.5,0,0
524,2017-01-16T00:00:00Z,1,2017-01-17T00:00:00Z,3.5,0,0
524,2017-01-16T00:00:00Z,1,2017-01-17T00:00:00Z,4.5,0,0
524,2017-01-16T00:00:00Z,1,2017-01-17T00:00:00Z,5.5,0,0
524,2017-01-16T00:00:00Z,7,2017-01-23T00:00:00Z,3.5,0,0
524,2017-01-16T00:00:00Z,7,2017-01-23T00:00:00Z,4.5,1,0
524,2017-01-16T00:00:00Z,7,2017-01-23T00:00:00Z,5.5,0,0
524,2017-01-16T00:00:00Z,30,2017-02-15T00:00:00Z,3.5,0,0
524,2017-01-16T00:00:00Z,30,2017-02-15T00:00:00Z,4.5,0,0
524,2017-01-16T00:00:00Z,30,2017-02-15T00:00:00Z,5.5,0,0
525,2017-01-23T00:00:00Z,1,2017-01-24T00:00:00Z,3.5,0,0
525,2017-01-23T00:00:00Z,1,2017-01-24T00:00:00Z,4.5,0,0
525,2017-01-23T00:00:00Z,1,2017-01-24T00:00:00Z,5.5,0,0
525,2017-01-23T00:00:00Z,7,2017-01-30T00:00:00Z,3.5,0,0
525,2017-01-23T00:00:00Z,7,2017-01-30T00:00:00Z,4.5,1,0
525,2017-01-23T00:00:00Z,7,2017-01-30T00:00:00Z,5.5,0,0
525,2017-01-23T00:00:00Z,30,2017-02-22T00:00:00Z,3.5,0,0
525,2017-01-23T00:00:00Z,30,2017-02-22T00:00:00Z,4.5,0,0
525,2017-01-23T00:00:00Z,30,2017-02-22T00:00:00Z,5.5,0,0
526,2017-01-30T00:00:00Z,1,2017-01-31T00:00:00Z,3.5,0,0
526,2017-01-30T00:00:00Z,1,2017-01-31T00:00:00Z,4.5,0,0
526,2017-01-30T00:00:00Z,1,2017-01-31T00:00:00Z,5.5,0,0
526,2017-01-30T00:00:00Z,7,2017-02-06T00:00:00Z,3.5,0,0
526,2017-01-30T00:00:00Z,7,2017-02-06T00:00:00Z,4.5,1,0
526,2017-01-30T00:00:00Z,7,2017-02-06T00:00:00Z,5.5,0,0
526,2017-01-30T00:00:00Z,30,2017-03-01T00:00:00Z,3.5,0,0
526,2017-01-30T00:00:00Z,30,2017-03-01T00:00:00Z,4.5,0,0
526,2017-01-30T00:00:00Z,30,2017-03-01T00:00:00Z,5.5,0,0
527,2017-02-06T00:00:00Z,1,2017-02-07T00:00:00Z,3.5,0,0
527,2017-02-06T00:00:00Z,1,2017-02-07T00:00:00Z,4.5,0,0
527,2017-02-06T00:00:00Z,1,2017-02-07T00:00:00Z,5.5,0,0
527,2017-02-06T00:00:00Z,7,2017-02-13T00:00:00Z,3.5,0,0
527,2017-02-06T00:00:00Z,7,2017-02-13T00:00:00Z,4.5,1,0
527,2017-02-06T00:00:00Z,7,2017-02-13T00:00:00Z,5.5,0,0
527,2017-02-06T00:00:00Z,30,2017-03-08T00:00:00Z,3.5,0,0
527,2017-02-06T00:00:00Z,30,2017-03-08T00:00:00Z,4.5,0,0
527,2017-02-06T00:00:00Z,30,2017-03-08T00:00:00Z,5.5,0,0
528,2017-02-13T00:00:00Z,1,2017-02-14T00:00:00Z,3.5,0,0
528,2017-02-13T00:00:00Z,1,2017-02-14T00:00:00Z,4.5,0,0
528,2017-02-13T00:00:00Z,1,2017-02-14T00:00:00Z,5.5,0,0
528,2017-02-13T00:00:00Z,7,2017-02-20T00:00:00Z,3.5,0,0
528,2017-02-13T00:00:00Z,7,2017-02-20T00:00:00Z,4.5,1,0
528,2017-02-13T00:00:00Z,7,2017-02-20T00:00:00Z,5.5,0,0
528,2017-02-13T00:00:00Z,30,2017-03-15T00:00:00Z,3.5,0,0
528,2017-02-13T00:00:00Z,30,2017-03-15T00:00:00Z,4.5,0,0
528,2017-02-13T00:00:00Z,30,2017-03-15T00:00:00Z,5.5,0,0
529,2017-02-20T00:00:00Z,1,2017-02-21T00:00:00Z,3.5,0,0
529,2017-02-20T00:00:00Z,1,2017-02-21T00:00:00Z,4.5,0,0
529,2017-02-20T00:00:00Z,1,2017-02-21T00:00:00Z,5.5,0,0
529,2017-02-20T00:00:00Z,7,2017-02-27T00:00:00Z,3.5,0,0
529,2017-02-20T00:00:00Z,7,2017-02-27T00:00:00Z,4.5,1,0
529,2017-02-20T00:00:00Z,7,2017-02-27T00:00:00Z,5.5,0,0
529,2017-02-20T00:00:00Z,30,2017-03-22T00:00:00Z,3.5,0,0
529,2017-02-20T00:00:00Z,30,2017-03-22T00:00:00Z,4.5,0,0
529,2017-02-20T00:00:00Z,30,2017-03-22T00:00:00Z,5.5,0,0
530,2017-02-27T00:00:00Z,1,2017-02-28T00:00:00Z,3.5,0,0
530,2017-02-27T00:00:00Z,1,2017-02-28T00:00:00Z,4.5,0,0
530,2017-02-27T00:00:00Z,1,2017-02-28T00:00:00Z,5.5,0,0
530,2017-02-27T00:00:00Z,7,2017-03-06T00:00:00Z,3.5,0,0
530,2017-02-27T00:00:00Z,7,2017-03-06T00:00:00Z,4.5,1,0
530,2017-02-27T00:00:00Z,7,2017-03-06T00:00:00Z,5.5,0,0
530,2017-02-27T00:00:00Z,30,2017-03-29T00:00:00Z,3.5,0,0
530,2017-02-27T00:00:00Z,30,2017-03-29T00:00:00Z,4.5,0,0
530,2017-02-27T00:00:00Z,30,2017-03-29T00:00:00Z,5.5,0,0
531,2017-03-06T00:00:00Z,1,2017-03-07T00:00:00Z,3.5,0,0
531,2017-03-06T00:00:00Z,1,2017-03-07T00:00:00Z,4.5,0,0
531,2017-03-06T00:00:00Z,1,2017-03-07T00:00:00Z,5.5,0,0
531,2017-03-06T00:00:00Z,7,2017-03-13T00:00:00Z,3.5,0,0
531,2017-03-06T00:00:00Z,7,2017-03-13T00:00:00Z,4.5,1,0
531,2017-03-06T00:00:00Z,7,2017-03-13T00:00:00Z,5.5,0,0
531,2017-03-06T00:00:00Z,30,2017-04-05T00:00:00Z,3.5,0,0
531,2017-03-06T00:00:00Z,30,2017-04-05T00:00:00Z,4.5,0,0
531,2017-03-06T00:00:00Z,30,2017-04-05T00:00:00Z,5.5,0,0
532,2017-03-13T00:00:00Z,1,2017-03-14T00:00:00Z,3.5,0,0
532,2017-03-13T00:00:00Z,1,2017-03-14T00:00:00Z,4.5,0,0
532,2017-03-13T00:00:00Z,1,2017-03-14T00:00:00Z,5.5,0,0
532,2017-03-13T00:00:00Z,7,2017-03-20T00:00:00Z,3.5,0,0
532,2017-03-13T00:00:00Z,7,2017-03-20T00:00:00Z,4.5,1,0
532,2017-03-13T00:00:00Z,7,2017-03-20T00:00:00Z,5.5,0,0
532,2017-03-13T00:00:00Z,30,2017-04-12T00:00:00Z,3.5,0,0
532,2017-03-13T00:00:00Z,30,2017-04-12T00:00:00Z,4.5,0,0
532,2017-03-13T00:00:00Z,30,2017-04-12T00:00:00Z,5.5,0,0
533,2017-03-20T00:00:00Z,1,2017-03-21T00:00:00Z,3.5,0,0
533,2017-03-20T00:00:00Z,1,2017-03-21T00:00:00Z,4.5,0,0
533,2017-03-20T00:00:00Z,1,2017-03-21T00:00:00Z,5.5,0,0
533,2017-03-20T00:00:00Z,7,2017-03-27T00:00:00Z,3.5,0,0
533,2017-03-20T00:00:00Z,7,2017-03-27T00:00:00Z,4.5,1,0
533,2017-03-20T00:00:00Z,7,2017-03-27T00:00:00Z,5.5,0,0
533,2017-03-20T00:00:00Z,30,2017-04-19T00:00:00Z,3.5,0,0
533,2017-03-20T00:00:00Z,30,2017-04-19T00:00:00Z,4.5,0,0
533,2017-03-20T00:00:00Z,30,2017-04-19T00:00:00Z,5.5,0,0
534,2017-03-27T00:00:00Z,1,2017-03-28T00:00:00Z,3.5,0,0
534,2017-03-27T00:00:00Z,1,2017-03-28T00:00:00Z,4.5,0,0
534,2017-03-27T00:00:00Z,1,2017-03-28T00:00:00Z,5.5,0,0
534,2017-03-27T00:00:00Z,7,2017-04-03T00:00:00Z,3.5,0,0
534,2017-03-27T00:00:00Z,7,2017-04-03T00:00:00Z,4.5,1,0
534,2017-03-27T00:00:00Z,7,2017-04-03T00:00:00Z,5.5,0,0
534,2017-03-27T00:00:00Z,30,2017-04-26T00:00:00Z,3.5,0,0
534,2017-03-27T00:00:00Z,30,2017-04-26T00:00:00Z,4.5,0,0
534,2017-03-27T00:00:00Z,30,2017-04-26T00:00:00Z,5.5,0,0
535,2017-04-03T00:00:00Z,1,2017-04-04T00:00:00Z,3.5,0,0
535,2017-04-03T00:00:00Z,1,2017-04-04T00:00:00Z,4.5,0,0
535,2017-04-03T00:00:00Z,1,2017-04-04T00:00:00Z,5.5,0,0
535,2017-04-03T00:00:00Z,7,2017-04-10T00:00:00Z,3.5,0,0
535,2017-04-03T00:00:00Z,7,2017-04-10T00:00:00Z,4.5,1,0
535,2017-04-03T00:00:00Z,7,2017-04-10T00:00:00Z,5.5,0,0
535,2017-04-03T00:00:00Z,30,2017-05-03T00:00:00Z,3.5,0,0
535,2017-04-03T00:00:00Z,30,2017-05-03T00:00:00Z,4.5,0,0
535,2017-04-03T00:00:00Z,30,2017-05-03T00:00:00Z,5.5,0,0
536,2017-04-10T00:00:00Z,1,2017-04-11T00:00:00Z,3.5,0,0
536,2017-04-10T00:00:00Z,1,2017-04-11T00:00:00Z,4.5,0,0
536,2017-04-10T00:00:00Z,1,2017-04-11T00:00:00Z,5.5,0,0
536,2017-04-10T00:00:00Z,7,2017-04-17T00:00:00Z,3.5,0,0
536,2017-04-10T00:00:00Z,7,2017-04-17T00:00:00Z,4.5,1,0
536,2017-04-10T00:00:00Z,7,2017-04-17T00:00:00Z,5.5,0,0
536,2017-04-10T00:00:00Z,30,2017-05-10T00:00:00Z,3.5,0,0
536,2017-04-10T00:00:00Z,30,2017-05-10T00:00:00Z,4.5,0,0
536,2017-04-10T00:00:00Z,30,2017-05-10T00:00:00Z,5.5,0,0
537,2017-04-17T00:00:00Z,1,2017-04-18T00:00:00Z,3.5,0,0
537,2017-04-17T00:00:00Z,1,2017-04-18T00:00:00Z,4.5,0,0
537,2017-04-17T00:00:00Z,1,2017-04-18T00:00:00Z,5.5,0,0
537,2017-04-17T00:00:00Z,7,2017-04-24T00:00:00Z,3.5,0,0
537,2017-04-17T00:00:00Z,7,2017-04-24T00:00:00Z,4.5,1,0
537,2017-04-17T00:00:00Z,7,2017-04-24T00:00:00Z,5.5,0,0
537,2017-04-17T00:00:00Z,30,2017-05-17T00:00:00Z,3.5,0,0
537,2017-04-17T00:00:00Z,30,2017-05-17T00:00:00Z,4.5,0,0
537,2017-04-17T00:00:00Z,30,2017-05-17T00:00:00Z,5.5,0,0
538,2017-04-24T00:00:00Z,1,2017-04-25T00:00:00Z,3.5,0,0
538,2017-04-24T00:00:00Z,1,2017-04-25T00:00:00Z,4.5,0,0
538,2017-04-24T00:00:00Z,1,2017-04-25T00:00:00Z,5.5,0,0
538,2017-04-24T00:00:00Z,7,2017-05-01T00:00:00Z,3.5,0,0
538,2017-04-24T00:00:00Z,7,2017-05-01T00:00:00Z,4.5,1,0
538,2017-04-24T00:00:00Z,7,2017-05-01T00:00:00Z,5.5,0,0
538,2017-04-24T00:00:00Z,30,2017-05-24T00:00:00Z,3.5,0,0
538,2017-04-24T00:00:00Z,30,2017-05-24T00:00:00Z,4.5,0,0
538,2017-04-24T00:00:00Z,30,2017-05-24T00:00:00Z,5.5,0,0
539,2017-05-01T00:00:00Z,1,2017-05-02T00:00:00Z,3.5,0,0
539,2017-05-01T00:00:00Z,1,2017-05-02T00:00:00Z,4.5,0,0
539,2017-05-01T00:00:00Z,1,2017-05-02T00:00:00Z,5.5,0,0
539,2017-05-01T00:00:00Z,7,2017-05-08T00:00:00Z,3.5,0,0
539,2017-05-01T00:00:00Z,7,2017-05-08T00:00:00Z,4.5,1,0
539,2017-05-01T00:00:00Z,7,2017-05-08T00:00:00Z,5.5,0,0
539,2017-05-01T00:00:00Z,30,2017-05-31T00:00:00Z,3.5,0,0
539,2017-05-01T00:00:00Z,30,2017-05-31T00:00:00Z,4.5,0,0
539,2017-05-01T00:00:00Z,30,2017-05-31T00:00:00Z,5.5,0,0
540,2017-05-08T00:00:00Z,1,2017-05-09T00:00:00Z,3.5,0,1
540,2017-05-08T00:00:00Z,1,2017-05-09T00:00:00Z,4.5,0,1
540,2017-05-08T00:00:00Z,1,2017-05-09T00:00:00Z,5.5,0,1
540,2017-05-08T00:00:00Z,7,2017-05-15T00:00:00Z,3.5,0,1
540,2017-05-08T00:00:00Z,7,2017-05-15T00:00:00Z,4.5,1,1
540,2017-05-08T00:00:00Z,7,2017-05-15T00:00:00Z,5.5,0,1
540,2017-05-08T00:00:00Z,30,2017-06-07T00:00:00Z,3.5,0,1
540,2017-05-08T00:00:00Z,30,2017-06-07T00:00:00Z,4.5,0,1
540,2017-05-08T00:00:00Z,30,2017-06-07T00:00:00Z,5.5,0,1
541,2017-05-15T00:00:00Z,1,2017-05-16T00:00:00Z,3.5,0,0
541,2017-05-15T00:00:00Z,1,2017-05-16T00:00:00Z,4.5,0,0
541,2017-05-15T00:00:00Z,1,2017-05-16T00:00:00Z,5.5,0,0
541,2017-05-15T00:00:00Z,7,2017-05-22T00:00:00Z,3.5,0,0
541,2017-05-15T00:00:00Z,7,2017-05-22T00:00:00Z,4.5,1,0
541,2017-05-15T00:00:00Z,7,2017-05-22T00:00:00Z,5.5,0,0
541,2017-05-15T00:00:00Z,30,2017-06-14T00:00:00Z,3.5,0,0
541,2017-05-15T00:00:00Z,30,2017-06-14T00:00:00Z,4.5,0,0
541,2017-05-15T00:00:00Z,30,2017-06-14T00:00:00Z,5.5,0,0
542,2017-05-22T00:00:00Z,1,2017-05-23T00:00:00Z,3.5,0,0
542,2017-05-22T00:00:00Z,1,2017-05-23T00:00:00Z,4.5,0,0
542,2017-05-22T00:00:00Z,1,2017-05-23T00:00:00Z,5.5,0,0
542,2017-05-22T00:00:00Z,7,2017-05-29T00:00:00Z,3.5,0,0
542,2017-05-22T00:00:00Z,7,2017-05-29T00:00:00Z,4.5,1,0
542,2017-05-22T00:00:00Z,7,2017-05-29T00:00:00Z,5.5,0,0
542,2017-05-22T00:00:00Z,30,2017-06-21T00:00:00Z,3.5,0,0
542,2017-05-22T00:00:00Z,30,2017-06-21T00:00:00Z,4.5,0,0
542,2017-05-22T00:00:00Z,30,2017-06-21T00:00:00Z,5.5,0,0
543,2017-05-29T00:00:00Z,1,2017-05-30T00:00:00Z,3.5,0,0
543,2017-05-29T00:00:00Z,1,2017-05-30T00:00:00Z,4.5,0,0
543,2017-05-29T00:00:00Z,1,2017-05-30T00:00:00Z,5.5,0,0
543,2017-05-29T00:00:00Z,7,2017-06-05T00:00:00Z,3.5,0,0
543,2017-05-29T00:00:00Z,7,2017-06-05T00:00:00Z,4.5,1,0
543,2017-05-29T00:00:00Z,7,2017-06-05T00:00:00Z,5.5,0,0
543,2017-05-29T00:00:00Z,30,2017-06-28T00:00:00Z,3.5,0,0
543,2017-05-29T00:00:00Z,30,2017-06-28T00:00:00Z,4.5,0,0
543,2017-05-29T00:00:00Z,30,2017-06-28T00:00:00Z,5.5,0,0
544,2017-06-05T00:00:00Z,1,2017-06-06T00:00:00Z,3.5,0,0
544,2017-06-05T00:00:00Z,1,2017-06-06T00:00:00Z,4.5,0,0
544,2017-06-05T00:00:00Z,1,2017-06-06T00:00:00Z,5.5,0,0
544,2017-06-05T00:00:00Z,7,2017-06-12T00:00:00Z,3.5,0,0
544,2017-06-05T00:00:00Z,7,2017-06-12T00:00:00Z,4.5,1,0
544,2017-06-05T00:00:00Z,7,2017-06-12T00:00:00Z,5.5,0,0
544,2017-06-05T00:00:00Z,30,2017-07-05T00:00:00Z,3.5,0,0
544,2017-06-05T00:00:00Z,30,2017-07-05T00:00:00Z,4.5,0,0
544,2017-06-05T00:00:00Z,30,2017-07-05T00:00:00Z,5.5,0,0
545,2017-06-12T00:00:00Z,1,2017-06-13T00:00:00Z,3.5,0,0
545,2017-06-12T00:00:00Z,1,2017-06-13T00:00:00Z,4.5,0,0
545,2017-06-12T00:00:00Z,1,2017-06-13T00:00:00Z,5.5,0,0
545,2017-06-12T00:00:00Z,7,2017-06-19T00:00:00Z,3.5,0,0
545,2017-06-12T00:00:00Z,7,2017-06-19T00:00:00Z,4.5,1,0
545,2017-06-12T00:00:00Z,7,2017-06-19T00:00:00Z,5.5,0,0
545,2017-06-12T00:00:00Z,30,2017-07-12T00:00:00Z,3.5,0,0
545,2017-06-12T00:00:00Z,30,2017-07-12T00:00:00Z,4.5,0,0
545,2017-06-12T00:00:00Z,30,2017-07-12T00:00:00Z,5.5,0,0
546,2017-06-19T00:00:00Z,1,2017-06-20T00:00:00Z,3.5,0,0
546,2017-06-19T00:00:00Z,1,2017-06-20T00:00:00Z,4.5,0,0
546,2017-06-19T00:00:00Z,1,2017-06-20T00:00:00Z,5.5,0,0
546,2017-06-19T00:00:00Z,7,2017-06-26T00:00:00Z,3.5,0,0
546,2017-06-19T00:00:00Z,7,2017-06-26T00:00:00Z,4.5,1,0
546,2017-06-19T00:00:00Z,7,2017-06-26T00:00:00Z,5.5,0,0
546,2017-06-19T00:00:00Z,30,2017-07-19T00:00:00Z,3.5,0,0
546,2017-06-19T00:00:00Z,30,2017-07-19T00:00:00Z,4.5,0,0
546,2017-06-19T00:00:00Z,30,2017-07-19T00:00:00Z,5.5,0,0
547,2017-06-26T00:00:00Z,1,2017-06-27T00:00:00Z,3.5,0,0
547,2017-06-26T00:00:00Z,1,2017-06-27T00:00:00Z,4.5,0,0
547,2017-06-26T00:00:00Z,1,2017-06-27T00:00:00Z,5.5,0,0
547,2017-06-26T00:00:00Z,7,2017-07-03T00:00:00Z,3.5,0,0
547,2017-06-26T00:00:00Z,7,2017-07-03T00:00:00Z,4.5,1,0
547,2017-06-26T00:00:00Z,7,2017-07-03T00:00:00Z,5.5,0,0
547,2017-06-26T00:00:00Z,30,2017-07-26T00:00:00Z,3.5,0,0
547,2017-06-26T00:00:00Z,30,2017-07-26T00:00:00Z,4.5,0,0
547,2017-06-26T00:00:00Z,30,2017-07-26T00:00:00Z,5.5,0,0
548,2017-07-03T00:00:00Z,1,2017-07-04T00:00:00Z,3.5,0,0
548,2017-07-03T00:00:00Z,1,2017-07-04T00:00:00Z,4.5,0,0
548,2017-07-03T00:00:00Z,1,2017-07-04T00:00:00Z,5.5,0,0
548,2017-07-03T00:00:00Z,7,2017-07-10T00:00:00Z,3.5,0,0
548,2017-07-03T00:00:00Z,7,2017-07-10T00:00:00Z,4.5,1,0
548,2017-07-03T00:00:00Z,7,2017-07-10T00:00:00Z,5.5,0,0
548,2017-07-03T00:00:00Z,30,2017-08-02T00:00:00Z,3.5,0,0
548,2017-07-03T00:00:00Z,30,2017-08-02T00:00:00Z,4.5,0,0
548,2017-07-03T00:00:00Z,30,2017-08-02T00:00:00Z,5.5,0,0
549,2017-07-10T00:00:00Z,1,2017-07-11T00:00:00Z,3.5,0,0
549,2017-07-10T00:00:00Z,1,2017-07-11T00:00:00Z,4.5,0,0
549,2017-07-10T00:00:00Z,1,2017-07-11T00:00:00Z,5.5,0,0
549,2017-07-10T00:00:00Z,7,2017-07-17T00:00:00Z,3.5,0,0
549,2017-07-10T00:00:00Z,7,2017-07-17T00:00:00Z,4.5,1,0
549,2017-07-10T00:00:00Z,7,2017-07-17T00:00:00Z,5.5,0,0
549,2017-07-10T00:00:00Z,30,2017-08-09T00:00:00Z,3.5,0,0
549,2017-07-10T00:00:00Z,30,2017-08-09T00:00:00Z,4.5,0,0
549,2017-07-10T00:00:00Z,30,2017-08-09T00:00:00Z,5.5,0,0
550,2017-07-17T00:00:00Z,1,2017-07-18T00:00:00Z,3.5,0,0
550,2017-07-17T00:00:00Z,1,2017-07-18T00:00:00Z,4.5,0,0
550,2017-07-17T00:00:00Z,1,2017-07-18T00:00:00Z,5.5,0,0
550,2017-07-17T00:00:00Z,7,2017-07-24T00:00:00Z,3.5,0,0
550,2017-07-17T00:00:00Z,7,2017-07-24T00:00:00Z,4.5,1,0
550,2017-07-17T00:00:00Z,7,2017-07-24T00:00:00Z,5.5,0,0
550,2017-07-17T00:00:00Z,30,2017-08-16T00:00:00Z,3.5,0,0
550,2017-07-17T00:00:00Z,30,2017-08-16T00:00:00Z,4.5,0,0
550,2017-07-17T00:00:00Z,30,2017-08-16T00:00:00Z,5.5,0,0
551,2017-07-24T00:00:00Z,1,2017-07-25T00:00:00Z,3.5,0,0
551,2017-07-24T00:00:00Z,1,2017-07-25T00:00:00Z,4.5,0,0
551,2017-07-24T00:00:00Z,1,2017-07-25T00:00:00Z,5.5,0,0
551,2017-07-24T00:00:00Z,7,2017-07-31T00:00:00Z,3.5,0,0
551,2017-07-24T00:00:00Z,7,2017-07-31T00:00:00Z,4.5,1,0
551,2017-07-24T00:00:00Z,7,2017-07-31T00:00:00Z,5.5,0,0
551,2017-07-24T00:00:00Z,30,2017-08-23T00:00:00Z,3.5,0,0
551,2017-07-24T00:00:00Z,30,2017-08-23T00:00:00Z,4.5,0,0
551,2017-07-24T00:00:00Z,30,2017-08-23T00:00:00Z,5.5,0,0
552,2017-07-31T00:00:00Z,1,2017-08-01T00:00:00Z,3.5,0,0
552,2017-07-31T00:00:00Z,1,2017-08-01T00:00:00Z,4.5,0,0
552,2017-07-31T00:00:00Z,1,2017-08-01T00:00:00Z,5.5,0,0
552,2017-07-31T00:00:00Z,7,2017-08-07T00:00:00Z,3.5,0,0
552,2017-07-31T00:00:00Z,7,2017-08-07T00:00:00Z,4.5,1,0
552,2017-07-31T00:00:00Z,7,2017-08-07T00:00:00Z,5.5,0,0
552,2017-07-31T00:00:00Z,30,2017-08-30T00:00:00Z,3.5,0,0
552,2017-07-31T00:00:00Z,30,2017-08-30T00:00:00Z,4.5,0,0
552,2017-07-31T00:00:00Z,30,2017-08-30T00:00:00Z,5.5,0,0
553,2017-08-07T00:00:00Z,1,2017-08-08T00:00:00Z,3.5,0,0
553,2017-08-07T00:00:00Z,1,2017-08-08T00:00:00Z,4.5,0,0
553,2017-08-07T00:00:00Z,1,2017-08-08T00:00:00Z,5.5,0,0
553,2017-08-07T00:00:00Z,7,2017-08-14T00:00:00Z,3.5,0,0
553,2017-08-07T00:00:00Z,7,2017-08-14T00:00:00Z,4.5,1,0
553,2017-08-07T00:00:00Z,7,2017-08-14T00:00:00Z,5.5,0,0
553,2017-08-07T00:00:00Z,30,2017-09-06T00:00:00Z,3.5,0,0
553,2017-08-07T00:00:00Z,30,2017-09-06T00:00:00Z,4.5,0,0
553,2017-08-07T00:00:00Z,30,2017-09-06T00:00:00Z,5.5,0,0
554,2017-08-14T00:00:00Z,1,2017-08-15T00:00:00Z,3.5,0,0
554,2017-08-14T00:00:00Z,1,2017-08-15T00:00:00Z,4.5,0,0
554,2017-08-14T00:00:00Z,1,2017-08-15T00:00:00Z,5.5,0,0
554,2017-08-14T00:00:00Z,7,2017-08-21T00:00:00Z,3.5,0,0
554,2017-08-14T00:00:00Z,7,2017-08-21T00:00:00Z,4.5,1,0
554,2017-08-14T00:00:00Z,7,2017-08-21T00:00:00Z,5.5,0,0
554,2017-08-14T00:00:00Z,30,2017-09-13T00:00:00Z,3.5,0,0
554,2017-08-14T00:00:00Z,30,2017-09-13T00:00:00Z,4.5,0,0
554,2017-08-14T00:00:00Z,30,2017-09-13T00:00:00Z,5.5,0,0
555,2017-08-21T00:00:00Z,1,2017-08-22T00:00:00Z,3.5,0,0
555,2017-08-21T00:00:00Z,1,2017-08-22T00:00:00Z,4.5,0,0
555,2017-08-21T00:00:00Z,1,2017-08-22T00:00:00Z,5.5,0,0
555,2017-08-21T00:00:00Z,7,2017-08-28T00:00:00Z,3.5,0,0
555,2017-08-21T00:00:00Z,7,2017-08-28T00:00:00Z,4.5,1,0
555,2017-08-21T00:00:00Z,7,2017-08-28T00:00:00Z,5.5,0,0
555,2017-08-21T00:00:00Z,30,2017-09-20T00:00:00Z,3.5,0,0
555,2017-08-21T00:00:00Z,30,2017-09-20T00:00:00Z,4.5,0,0
555,2017-08-21T00:00:00Z,30,2017-09-20T00:00:00Z,5.5,0,0
556,2017-08-28T00:00:00Z,1,2017-08-29T00:00:00Z,3.5,0,0
556,2017-08-28T00:00:00Z,1,2017-08-29T00:00:00Z,4.5,0,0
556,2017-08-28T00:00:00Z,1,2017-08-29T00:00:00Z,5.5,0,0
556,2017-08-28T00:00:00Z,7,2017-09-04T00:00:00Z,3.5,0,0
556,2017-08-28T00:00:00Z,7,2017-09-04T00:00:00Z,4.5,1,0
556,2017-08-28T00:00:00Z,7,2017-09-04T00:00:00Z,5.5,0,0
556,2017-08-28T00:00:00Z,30,2017-09-27T00:00:00Z,3.5,0,0
556,2017-08-28T00:00:00Z,30,2017-09-27T00:00:00Z,4.5,0,0
556,2017-08-28T00:00:00Z,30,2017-09-27T00:00:00Z,5.5,0,0
557,2017-09-04T00:00:00Z,1,2017-09-05T00:00:00Z,3.5,0,0
557,2017-09-04T00:00:00Z,1,2017-09-05T00:00:00Z,4.5,0,0
557,2017-09-04T00:00:00Z,1,2017-09-05T00:00:00Z,5.5,0,0
557,2017-09-04T00:00:00Z,7,2017-09-11T00:00:00Z,3.5,0,0
557,2017-09-04T00:00:00Z,7,2017-09-11T00:00:00Z,4.5,1,0
557,2017-09-04T00:00:00Z,7,2017-09-11T00:00:00Z,5.5,0,0
557,2017-09-04T00:00:00Z,30,2017-10-04T00:00:00Z,3.5,0,0
557,2017-09-04T00:00:00Z,30,2017-10-04T00:00:00Z,4.5,0,0
557,2017-09-04T00:00:00Z,30,2017-10-04T00:00:00Z,5.5,0,0
558,2017-09-11T00:00:00Z,1,2017-09-12T00:00:00Z,3.5,0,0
558,2017-09-11T00:00:00Z,1,2017-09-12T00:00:00Z,4.5,0,0
558,2017-09-11T00:00:00Z,1,2017-09-12T00:00:00Z,5.5,0,0
558,2017-09-11T00:00:00Z,7,2017-09-18T00:00:00Z,3.5,0,0
558,2017-09-11T00:00:00Z,7,2017-09-18T00:00:00Z,4.5,1,0
558,2017-09-11T00:00:00Z,7,2017-09-18T00:00:00Z,5.5,0,0
558,2017-09-11T00:00:00Z,30,2017-10-11T00:00:00Z,3.5,0,0
558,2017-09-11T00:00:00Z,30,2017-10-11T00:00:00Z,4.5,0,0
558,2017-09-11T00:00:00Z,30,2017-10-11T00:00:00Z,5.5,0,0
559,2017-09-18T00:00:00Z,1,2017-09-19T00:00:00Z,3.5,0,0
559,2017-09-18T00:00:00Z,1,2017-09-19T00:00:00Z,4.5,0,0
559,2017-09-18T00:00:00Z,1,2017-09-19T00:00:00Z,5.5,0,0
559,2017-09-18T00:00:00Z,7,2017-09-25T00:00:00Z,3.5,0,0
559,2017-09-18T00:00:00Z,7,2017-09-25T00:00:00Z,4.5,1,0
559,2017-09-18T00:00:00Z,7,2017-09-25T00:00:00Z,5.5,0,0
559,2017-09-18T00:00:00Z,30,2017-10-18T00:00:00Z,3.5,0,0
559,2017-09-18T00:00:00Z,30,2017-10-18T00:00:00Z,4.5,0,0
559,2017-09-18T00:00:00Z,30,2017-10-18T00:00:00Z,5.5,0,0
560,2017-09-25T00:00:00Z,1,2017-09-26T00:00:00Z,3.5,0,1
560,2017-09-25T00:00:00Z,1,2017-09-26T00:00:00Z,4.5,0,1
560,2017-09-25T00:00:00Z,1,2017-09-26T00:00:00Z,5.5,0,1
560,2017-09-25T00:00:00Z,7,2017-10-02T00:00:00Z,3.5,0,1
560,2017-09-25T00:00:00Z,7,2017-10-02T00:00:00Z,4.5,1,1
560,2017-09-25T00:00:00Z,7,2017-10-02T00:00:00Z,5.5,0,1
560,2017-09-25T00:00:00Z,30,2017-10-25T00:00:00Z,3.5,0,1
560,2017-09-25T00:00:00Z,30,2017-10-25T00:00:00Z,4.5,0,1
560,2017-09-25T00:00:00Z,30,2017-10-25T00:00:00Z,5.5,0,1
561,2017-10-02T00:00:00Z,1,2017-10-03T00:00:00Z,3.5,0,0
561,2017-10-02T00:00:00Z,1,2017-10-03T00:00:00Z,4.5,0,0
561,2017-10-02T00:00:00Z,1,2017-10-03T00:00:00Z,5.5,0,0
561,2017-10-02T00:00:00Z,7,2017-10-09T00:00:00Z,3.5,0,0
561,2017-10-02T00:00:00Z,7,2017-10-09T00:00:00Z,4.5,1,0
561,2017-10-02T00:00:00Z,7,2017-10-09T00:00:00Z,5.5,0,0
561,2017-10-02T00:00:00Z,30,2017-11-01T00:00:00Z,3.5,0,0
561,2017-10-02T00:00:00Z,30,2017-11-01T00:00:00Z,4.5,0,0
561,2017-10-02T00:00:00Z,30,2017-11-01T00:00:00Z,5.5,0,0
562,2017-10-09T00:00:00Z,1,2017-10-10T00:00:00Z,3.5,0,0
562,2017-10-09T00:00:00Z,1,2017-10-10T00:00:00Z,4.5,0,0
562,2017-10-09T00:00:00Z,1,2017-10-10T00:00:00Z,5.5,0,0
562,2017-10-09T00:00:00Z,7,2017-10-16T00:00:00Z,3.5,0,0
562,2017-10-09T00:00:00Z,7,2017-10-16T00:00:00Z,4.5,1,0
562,2017-10-09T00:00:00Z,7,2017-10-16T00:00:00Z,5.5,0,0
562,2017-10-09T00:00:00Z,30,2017-11-08T00:00:00Z,3.5,0,0
562,2017-10-09T00:00:00Z,30,2017-11-08T00:00:00Z,4.5,0,0
562,2017-10-09T00:00:00Z,30,2017-11-08T00:00:00Z,5.5,0,0
563,2017-10-16T00:00:00Z,1,2017-10-17T00:00:00Z,3.5,0,0
563,2017-10-16T00:00:00Z,1,2017-10-17T00:00:00Z,4.5,0,0
563,2017-10-16T00:00:00Z,1,2017-10-17T00:00:00Z,5.5,0,0
563,2017-10-16T00:00:00Z,7,2017-10-23T00:00:00Z,3.5,0,0
563,2017-10-16T00:00:00Z,7,2017-10-23T00:00:00Z,4.5,1,0
563,2017-10-16T00:00:00Z,7,2017-10-23T00:00:00Z,5.5,0,0
563,2017-10-16T00:00:00Z,30,2017-11-15T00:00:00Z,3.5,0,0
563,2017-10-16T00:00:00Z,30,2017-11-15T00:00:00Z,4.5,0,0
563,2017-10-16T00:00:00Z,30,2017-11-15T00:00:00Z,5.5,0,0
564,2017-10-23T00:00:00Z,1,2017-10-24T00:00:00Z,3.5,0,0
564,2017-10-23T00:00:00Z,1,2017-10-24T00:00:00Z,4.5,0,0
564,2017-10-23T00:00:00Z,1,2017-10-24T00:00:00Z,5.5,0,0
564,2017-10-23T00:00:00Z,7,2017-10-30T00:00:00Z,3.5,0,0
564,2017-10-23T00:00:00Z,7,2017-10-30T00:00:00Z,4.5,1,0
564,2017-10-23T00:00:00Z,7,2017-10-30T00:00:00Z,5.5,0,0
564,2017-10-23T00:00:00Z,30,2017-11-22T00:00:00Z,3.5,0,0
564,2017-10-23T00:00:00Z,30,2017-11-22T00:00:00Z,4.5,0,0
564,2017-10-23T00:00:00Z,30,2017-11-22T00:00:00Z,5.5,0,0
565,2017-10-30T00:00:00Z,1,2017-10-31T00:00:00Z,3.5,0,0
565,2017-10-30T00:00:00Z,1,2017-10-31T00:00:00Z,4.5,0,0
565,2017-10-30T00:00:00Z,1,2017-10-31T00:00:00Z,5.5,0,0
565,2017-10-30T00:00:00Z,7,2017-11-06T00:00:00Z,3.5,0,0
565,2017-10-30T00:00:00Z,7,2017-11-06T00:00:00Z,4.5,1,0
565,2017-10-30T00:00:00Z,7,2017-11-06T00:00:00Z,5.5,0,0
565,2017-10-30T00:00:00Z,30,2017-11-29T00:00:00Z,3.5,0,0
565,2017-10-30T00:00:00Z,30,2017-11-29T00:00:00Z,4.5,0,0
565,2017-10-30T00:00:00Z,30,2017-11-29T00:00:00Z,5.5,0,0
566,2017-11-06T00:00:00Z,1,2017-11-07T00:00:00Z,3.5,0,0
566,2017-11-06T00:00:00Z,1,2017-11-07T00:00:00Z,4.5,0,0
566,2017-11-06T00:00:00Z,1,2017-11-07T00:00:00Z,5.5,0,0
566,2017-11-06T00:00:00Z,7,2017-11-13T00:00:00Z,3.5,0,0
566,2017-11-06T00:00:00Z,7,2017-11-13T00:00:00Z,4.5,1,0
566,2017-11-06T00:00:00Z,7,2017-11-13T00:00:00Z,5.5,0,0
566,2017-11-06T00:00:00Z,30,2017-12-06T00:00:00Z,3.5,0,0
566,2017-11-06T00:00:00Z,30,2017-12-06T00:00:00Z,4.5,0,0
566,2017-11-06T00:00:00Z,30,2017-12-06T00:00:00Z,5.5,0,0
567,2017-11-13T00:00:00Z,1,2017-11-14T00:00:00Z,3.5,0,0
567,2017-11-13T00:00:00Z,1,2017-11-14T00:00:00Z,4.5,0,0
567,2017-11-13T00:00:00Z,1,2017-11-14T00:00:00Z,5.5,0,0
567,2017-11-13T00:00:00Z,7,2017-11-20T00:00:00Z,3.5,0,0
567,2017-11-13T00:00:00Z,7,2017-11-20T00:00:00Z,4.5,1,0
567,2017-11-13T00:00:00Z,7,2017-11-20T00:00:00Z,5.5,0,0
567,2017-11-13T00:00:00Z,30,2017-12-13T00:00:00Z,3.5,0,0
567,2017-11-13T00:00:00Z,30,2017-12-13T00:00:00Z,4.5,0,0
567,2017-11-13T00:00:00Z,30,2017-12-13T00:00:00Z,5.5,0,0
568,2017-11-20T00:00:00Z,1,2017-11-21T00:00:00Z,3.5,0,0
568,2017-11-20T00:00:00Z,1,2017-11-21T00:00:00Z,4.5,0,0
568,2017-11-20T00:00:00Z,1,2017-11-21T00:00:00Z,5.5,0,0
568,2017-11-20T00:00:00Z,7,2017-11-27T00:00:00Z,3.5,0,0
568,2017-11-20T00:00:00Z,7,2017-11-27T00:00:00Z,4.5,1,0
568,2017-11-20T00:00:00Z,7,2017-11-27T00:00:00Z,5.5,0,0
568,2017-11-20T00:00:00Z,30,2017-12-20T00:00:00Z,3.5,0,0
568,2017-11-20T00:00:00Z,30,2017-12-20T00:00:00Z,4.5,0,0
568,2017-11-20T00:00:00Z,30,2017-12-20T00:00:00Z,5.5,0,0
569,2017-11-27T00:00:00Z,1,2017-11-28T00:00:00Z,3.5,0,0
569,2017-11-27T00:00:00Z,1,2017-11-28T00:00:00Z,4.5,0,0
569,2017-11-27T00:00:00Z,1,2017-11-28T00:00:00Z,5.5,0,0
569,2017-11-27T00:00:00Z,7,2017-12-04T00:00:00Z,3.5,0,0
569,2017-11-27T00:00:00Z,7,2017-12-04T00:00:00Z,4.5,1,0
569,2017-11-27T00:00:00Z,7,2017-12-04T00:00:00Z,5.5,0,0
569,2017-11-27T00:00:00Z,30,2017-12-27T00:00:00Z,3.5,0,0
569,2017-11-27T00:00:00Z,30,2017-12-27T00:00:00Z,4.5,0,0
569,2017-11-27T00:00:00Z,30,2017-12-27T00:00:00Z,5.5,0,0
570,2017-12-04T00:00:00Z,1,2017-12-05T00:00:00Z,3.5,0,0
570,2017-12-04T00:00:00Z,1,2017-12-05T00:00:00Z,4.5,0,0
570,2017-12-04T00:00:00Z,1,2017-12-05T00:00:00Z,5.5,0,0
570,2017-12-04T00:00:00Z,7,2017-12-11T00:00:00Z,3.5,0,0
570,2017-12-04T00:00:00Z,7,2017-12-11T00:00:00Z,4.5,1,0
570,2017-12-04T00:00:00Z,7,2017-12-11T00:00:00Z,5.5,0,0
570,2017-12-04T00:00:00Z,30,2018-01-03T00:00:00Z,3.5,0,0
570,2017-12-04T00:00:00Z,30,2018-01-03T00:00:00Z,4.5,0,0
570,2017-12-04T00:00:00Z,30,2018-01-03T00:00:00Z,5.5,0,0
571,2017-12-11T00:00:00Z,1,2017-12-12T00:00:00Z,3.5,0,0
571,2017-12-11T00:00:00Z,1,2017-12-12T00:00:00Z,4.5,0,0
571,2017-12-11T00:00:00Z,1,2017-12-12T00:00:00Z,5.5,0,0
571,2017-12-11T00:00:00Z,7,2017-12-18T00:00:00Z,3.5,0,0
571,2017-12-11T00:00:00Z,7,2017-12-18T00:00:00Z,4.5,1,0
571,2017-12-11T00:00:00Z,7,2017-12-18T00:00:00Z,5.5,0,0
571,2017-12-11T00:00:00Z,30,2018-01-10T00:00:00Z,3.5,0,0
571,2017-12-11T00:00:00Z,30,2018-01-10T00:00:00Z,4.5,0,0
571,2017-12-11T00:00:00Z,30,2018-01-10T00:00:00Z,5.5,0,0
572,2017-12-18T00:00:00Z,1,2017-12-19T00:00:00Z,3.5,0,0
572,2017-12-18T00:00:00Z,1,2017-12-19T00:00:00Z,4.5,0,0
572,2017-12-18T00:00:00Z,1,2017-12-19T00:00:00Z,5.5,0,0
572,2017-12-18T00:00:00Z,7,2017-12-25T00:00:00Z,3.5,0,0
572,2017-12-18T00:00:00Z,7,2017-12-25T00:00:00Z,4.5,1,0
572,2017-12-18T00:00:00Z,7,2017-12-25T00:00:00Z,5.5,0,0
572,2017-12-18T00:00:00Z,30,2018-01-17T00:00:00Z,3.5,0,0
572,2017-12-18T00:00:00Z,30,2018-01-17T00:00:00Z,4.5,0,0
572,2017-12-18T00:00:00Z,30,2018-01-17T00:00:00Z,5.5,0,0
573,2017-12-25T00:00:00Z,1,2017-12-26T00:00:00Z,3.5,0,0
573,2017-12-25T00:00:00Z,1,2017-12-26T00:00:00Z,4.5,0,0
573,2017-12-25T00:00:00Z,1,2017-12-26T00:00:00Z,5.5,0,0
573,2017-12-25T00:00:00Z,7,2018-01-01T00:00:00Z,3.5,0,0
573,2017-12-25T00:00:00Z,7,2018-01-01T00:00:00Z,4.5,1,0
573,2017-12-25T00:00:00Z,7,2018-01-01T00:00:00Z,5.5,0,0
573,2017-12-25T00:00:00Z,30,2018-01-24T00:00:00Z,3.5,0,0
573,2017-12-25T00:00:00Z,30,2018-01-24T00:00:00Z,4.5,0,0
573,2017-12-25T00:00:00Z,30,2018-01-24T00:00:00Z,5.5,0,0
574,2018-01-01T00:00:00Z,1,2018-01-02T00:00:00Z,3.5,0,0
574,2018-01-01T00:00:00Z,1,2018-01-02T00:00:00Z,4.5,0,0
574,2018-01-01T00:00:00Z,1,2018-01-02T00:00:00Z,5.5,0,0
574,2018-01-01T00:00:00Z,7,2018-01-08T00:00:00Z,3.5,0,0
574,2018-01-01T00:00:00Z,7,2018-01-08T00:00:00Z,4.5,1,0
574,2018-01-01T00:00:00Z,7,2018-01-08T00:00:00Z,5.5,0,0
574,2018-01-01T00:00:00Z,30,2018-01-31T00:00:00Z,3.5,0,0
574,2018-01-01T00:00:00Z,30,2018-01-31T00:00:00Z,4.5,0,0
574,2018-01-01T00:00:00Z,30,2018-01-31T00:00:00Z,5.5,0,0
575,2018-01-08T00:00:00Z,1,2018-01-09T00:00:00Z,3.5,0,0
575,2018-01-08T00:00:00Z,1,2018-01-09T00:00:00Z,4.5,0,0
575,2018-01-08T00:00:00Z,1,2018-01-09T00:00:00Z,5.5,0,0
575,2018-01-08T00:00:00Z,7,2018-01-15T00:00:00Z,3.5,0,0
575,2018-01-08T00:00:00Z,7,2018-01-15T00:00:00Z,4.5,1,0
575,2018-01-08T00:00:00Z,7,2018-01-15T00:00:00Z,5.5,0,0
575,2018-01-08T00:00:00Z,30,2018-02-07T00:00:00Z,3.5,0,0
575,2018-01-08T00:00:00Z,30,2018-02-07T00:00:00Z,4.5,0,0
575,2018-01-08T00:00:00Z,30,2018-02-07T00:00:00Z,5.5,0,0
576,2018-01-15T00:00:00Z,1,2018-01-16T00:00:00Z,3.5,0,0
576,2018-01-15T00:00:00Z,1,2018-01-16T00:00:00Z,4.5,0,0
576,2018-01-15T00:00:00Z,1,2018-01-16T00:00:00Z,5.5,0,0
576,2018-01-15T00:00:00Z,7,2018-01-22T00:00:00Z,3.5,0,0
576,2018-01-15T00:00:00Z,7,2018-01-22T00:00:00Z,4.5,1,0
576,2018-01-15T00:00:00Z,7,2018-01-22T00:00:00Z,5.5,0,0
576,2018-01-15T00:00:00Z,30,2018-02-14T00:00:00Z,3.5,0,0
576,2018-01-15T00:00:00Z,30,2018-02-14T00:00:00Z,4.5,0,0
576,2018-01-15T00:00:00Z,30,2018-02-14T00:00:00Z,5.5,0,0
577,2018-01-22T00:00:00Z,1,2018-01-23T00:00:00Z,3.5,0,0
577,2018-01-22T00:00:00Z,1,2018-01-23T00:00:00Z,4.5,0,0
577,2018-01-22T00:00:00Z,1,2018-01-23T00:00:00Z,5.5,0,0
577,2018-01-22T00:00:00Z,7,2018-01-29T00:00:00Z,3.5,0,0
577,2018-01-22T00:00:00Z,7,2018-01-29T00:00:00Z,4.5,1,0
577,2018-01-22T00:00:00Z,7,2018-01-29T00:00:00Z,5.5,0,0
577,2018-01-22T00:00:00Z,30,2018-02-21T00:00:00Z,3.5,0,0
577,2018-01-22T00:00:00Z,30,2018-02-21T00:00:00Z,4.5,0,0
577,2018-01-22T00:00:00Z,30,2018-02-21T00:00:00Z,5.5,0,0
578,2018-01-29T00:00:00Z,1,2018-01-30T00:00:00Z,3.5,0,0
578,2018-01-29T00:00:00Z,1,2018-01-30T00:00:00Z,4.5,0,0
578,2018-01-29T00:00:00Z,1,2018-01-30T00:00:00Z,5.5,0,0
578,2018-01-29T00:00:00Z,7,2018-02-05T00:00:00Z,3.5,0,0
578,2018-01-29T00:00:00Z,7,2018-02-05T00:00:00Z,4.5,1,0
578,2018-01-29T00:00:00Z,7,2018-02-05T00:00:00Z,5.5,0,0
578,2018-01-29T00:00:00Z,30,2018-02-28T00:00:00Z,3.5,0,0
578,2018-01-29T00:00:00Z,30,2018-02-28T00:00:00Z,4.5,0,0
578,2018-01-29T00:00:00Z,30,2018-02-28T00:00:00Z,5.5,0,0
579,2018-02-05T00:00:00Z,1,2018-02-06T00:00:00Z,3.5,0,0
579,2018-02-05T00:00:00Z,1,2018-02-06T00:00:00Z,4.5,0,0
579,2018-02-05T00:00:00Z,1,2018-02-06T00:00:00Z,5.5,0,0
579,2018-02-05T00:00:00Z,7,2018-02-12T00:00:00Z,3.5,0,0
579,2018-02-05T00:00:00Z,7,2018-02-12T00:00:00Z,4.5,1,0
579,2018-02-05T00:00:00Z,7,2018-02-12T00:00:00Z,5.5,0,0
579,2018-02-05T00:00:00Z,30,2018-03-07T00:00:00Z,3.5,0,0
579,2018-02-05T00:00:00Z,30,2018-03-07T00:00:00Z,4.5,0,0
579,2018-02-05T00:00:00Z,30,2018-03-07T00:00:00Z,5.5,0,0
580,2018-02-12T00:00:00Z,1,2018-02-13T00:00:00Z,3.5,0,1
580,2018-02-12T00:00:00Z,1,2018-02-13T00:00:00Z,4.5,0,1
580,2018-02-12T00:00:00Z,1,2018-02-13T00:00:00Z,5.5,0,1
580,2018-02-12T00:00:00Z,7,2018-02-19T00:00:00Z,3.5,0,1
580,2018-02-12T00:00:00Z,7,2018-02-19T00:00:00Z,4.5,1,1
580,2018-02-12T00:00:00Z,7,2018-02-19T00:00:00Z,5.5,0,1
580,2018-02-12T00:00:00Z,30,2018-03-14T00:00:00Z,3.5,0,1
580,2018-02-12T00:00:00Z,30,2018-03-14T00:00:00Z,4.5,0,1
580,2018-02-12T00:00:00Z,30,2018-03-14T00:00:00Z,5.5,0,1
581,2018-02-19T00:00:00Z,1,2018-02-20T00:00:00Z,3.5,0,0
581,2018-02-19T00:00:00Z,1,2018-02-20T00:00:00Z,4.5,0,0
581,2018-02-19T00:00:00Z,1,2018-02-20T00:00:00Z,5.5,0,0
581,2018-02-19T00:00:00Z,7,2018-02-26T00:00:00Z,3.5,0,0
581,2018-02-19T00:00:00Z,7,2018-02-26T00:00:00Z,4.5,1,0
581,2018-02-19T00:00:00Z,7,2018-02-26T00:00:00Z,5.5,0,0
581,2018-02-19T00:00:00Z,30,2018-03-21T00:00:00Z,3.5,0,0
581,2018-02-19T00:00:00Z,30,2018-03-21T00:00:00Z,4.5,0,0
581,2018-02-19T00:00:00Z,30,2018-03-21T00:00:00Z,5.5,0,0
582,2018-02-26T00:00:00Z,1,2018-02-27T00:00:00Z,3.5,0,0
582,2018-02-26T00:00:00Z,1,2018-02-27T00:00:00Z,4.5,0,0
582,2018-02-26T00:00:00Z,1,2018-02-27T00:00:00Z,5.5,0,0
582,2018-02-26T00:00:00Z,7,2018-03-05T00:00:00Z,3.5,0,0
582,2018-02-26T00:00:00Z,7,2018-03-05T00:00:00Z,4.5,1,0
582,2018-02-26T00:00:00Z,7,2018-03-05T00:00:00Z,5.5,0,0
582,2018-02-26T00:00:00Z,30,2018-03-28T00:00:00Z,3.5,0,0
582,2018-02-26T00:00:00Z,30,2018-03-28T00:00:00Z,4.5,0,0
582,2018-02-26T00:00:00Z,30,2018-03-28T00:00:00Z,5.5,0,0
583,2018-03-05T00:00:00Z,1,2018-03-06T00:00:00Z,3.5,0,0
583,2018-03-05T00:00:00Z,1,2018-03-06T00:00:00Z,4.5,0,0
583,2018-03-05T00:00:00Z,1,2018-03-06T00:00:00Z,5.5,0,0
583,2018-03-05T00:00:00Z,7,2018-03-12T00:00:00Z,3.5,0,0
583,2018-03-05T00:00:00Z,7,2018-03-12T00:00:00Z,4.5,1,0
583,2018-03-05T00:00:00Z,7,2018-03-12T00:00:00Z,5.5,0,0
583,2018-03-05T00:00:00Z,30,2018-04-04T00:00:00Z,3.5,0,0
583,2018-03-05T00:00:00Z,30,2018-04-04T00:00:00Z,4.5,0,0
583,2018-03-05T00:00:00Z,30,2018-04-04T00:00:00Z,5.5,0,0
584,2018-03-12T00:00:00Z,1,2018-03-13T00:00:00Z,3.5,0,0
584,2018-03-12T00:00:00Z,1,2018-03-13T00:00:00Z,4.5,0,0
584,2018-03-12T00:00:00Z,1,2018-03-13T00:00:00Z,5.5,0,0
584,2018-03-12T00:00:00Z,7,2018-03-19T00:00:00Z,3.5,0,0
584,2018-03-12T00:00:00Z,7,2018-03-19T00:00:00Z,4.5,1,0
584,2018-03-12T00:00:00Z,7,2018-03-19T00:00:00Z,5.5,0,0
584,2018-03-12T00:00:00Z,30,2018-04-11T00:00:00Z,3.5,0,0
584,2018-03-12T00:00:00Z,30,2018-04-11T00:00:00Z,4.5,0,0
584,2018-03-12T00:00:00Z,30,2018-04-11T00:00:00Z,5.5,0,0
585,2018-03-19T00:00:00Z,1,2018-03-20T00:00:00Z,3.5,0,0
585,2018-03-19T00:00:00Z,1,2018-03-20T00:00:00Z,4.5,0,0
585,2018-03-19T00:00:00Z,1,2018-03-20T00:00:00Z,5.5,0,0
585,2018-03-19T00:00:00Z,7,2018-03-26T00:00:00Z,3.5,0,0
585,2018-03-19T00:00:00Z,7,2018-03-26T00:00:00Z,4.5,1,0
585,2018-03-19T00:00:00Z,7,2018-03-26T00:00:00Z,5.5,0,0
585,2018-03-19T00:00:00Z,30,2018-04-18T00:00:00Z,3.5,0,0
585,2018-03-19T00:00:00Z,30,2018-04-18T00:00:00Z,4.5,0,0
585,2018-03-19T00:00:00Z,30,2018-04-18T00:00:00Z,5.5,0,0
586,2018-03-26T00:00:00Z,1,2018-03-27T00:00:00Z,3.5,0,0
586,2018-03-26T00:00:00Z,1,2018-03-27T00:00:00Z,4.5,0,0
586,2018-03-26T00:00:00Z,1,2018-03-27T00:00:00Z,5.5,0,0
586,2018-03-26T00:00:00Z,7,2018-04-02T00:00:00Z,3.5,0,0
586,2018-03-26T00:00:00Z,7,2018-04-02T00:00:00Z,4.5,1,0
586,2018-03-26T00:00:00Z,7,2018-04-02T00:00:00Z,5.5,0,0
586,2018-03-26T00:00:00Z,30,2018-04-25T00:00:00Z,3.5,0,0
586,2018-03-26T00:00:00Z,30,2018-04-25T00:00:00Z,4.5,0,0
586,2018-03-26T00:00:00Z,30,2018-04-25T00:00:00Z,5.5,0,0
587,2018-04-02T00:00:00Z,1,2018-04-03T00:00:00Z,3.5,0,0
587,2018-04-02T00:00:00Z,1,2018-04-03T00:00:00Z,4.5,0,0
587,2018-04-02T00:00:00Z,1,2018-04-03T00:00:00Z,5.5,0,0
587,2018-04-02T00:00:00Z,7,2018-04-09T00:00:00Z,3.5,0,0
587,2018-04-02T00:00:00Z,7,2018-04-09T00:00:00Z,4.5,1,0
587,2018-04-02T00:00:00Z,7,2018-04-09T00:00:00Z,5.5,0,0
587,2018-04-02T00:00:00Z,30,2018-05-02T00:00:00Z,3.5,0,0
587,2018-04-02T00:00:00Z,30,2018-05-02T00:00:00Z,4.5,0,0
587,2018-04-02T00:00:00Z,30,2018-05-02T00:00:00Z,5.5,0,0
588,2018-04-09T00:00:00Z,1,2018-04-10T00:00:00Z,3.5,0,0
588,2018-04-09T00:00:00Z,1,2018-04-10T00:00:00Z,4.5,0,0
588,2018-04-09T00:00:00Z,1,2018-04-10T00:00:00Z,5.5,0,0
588,2018-04-09T00:00:00Z,7,2018-04-16T00:00:00Z,3.5,0,0
588,2018-04-09T00:00:00Z,7,2018-04-16T00:00:00Z,4.5,1,0
588,2018-04-09T00:00:00Z,7,2018-04-16T00:00:00Z,5.5,0,0
588,2018-04-09T00:00:00Z,30,2018-05-09T00:00:00Z,3.5,0,0
588,2018-04-09T00:00:00Z,30,2018-05-09T00:00:00Z,4.5,0,0
588,2018-04-09T00:00:00Z,30,2018-05-09T00:00:00Z,5.5,0,0
589,2018-04-16T00:00:00Z,1,2018-04-17T00:00:00Z,3.5,0,0
589,2018-04-16T00:00:00Z,1,2018-04-17T00:00:00Z,4.5,0,0
589,2018-04-16T00:00:00Z,1,2018-04-17T00:00:00Z,5.5,0,0
589,2018-04-16T00:00:00Z,7,2018-04-23T00:00:00Z,3.5,0,0
589,2018-04-16T00:00:00Z,7,2018-04-23T00:00:00Z,4.5,1,0
589,2018-04-16T00:00:00Z,7,2018-04-23T00:00:00Z,5.5,0,0
589,2018-04-16T00:00:00Z,30,2018-05-16T00:00:00Z,3.5,0,0
589,2018-04-16T00:00:00Z,30,2018-05-16T00:00:00Z,4.5,0,0
589,2018-04-16T00:00:00Z,30,2018-05-16T00:00:00Z,5.5,0,0
590,2018-04-23T00:00:00Z,1,2018-04-24T00:00:00Z,3.5,0,0
590,2018-04-23T00:00:00Z,1,2018-04-24T00:00:00Z,4.5,0,0
590,2018-04-23T00:00:00Z,1,2018-04-24T00:00:00Z,5.5,0,0
590,2018-04-23T00:00:00Z,7,2018-04-30T00:00:00Z,3.5,0,0
590,2018-04-23T00:00:00Z,7,2018-04-30T00:00:00Z,4.5,1,0
590,2018-04-23T00:00:00Z,7,2018-04-30T00:00:00Z,5.5,0,0
590,2018-04-23T00:00:00Z,30,2018-05-23T00:00:00Z,3.5,0,0
590,2018-04-23T00:00:00Z,30,2018-05-23T00:00:00Z,4.5,0,0
590,2018-04-23T00:00:00Z,30,2018-05-23T00:00:00Z,5.5,0,0
591,2018-04-30T00:00:00Z,1,2018-05-01T00:00:00Z,3.5,0,0
591,2018-04-30T00:00:00Z,1,2018-05-01T00:00:00Z,4.5,0,0
591,2018-04-30T00:00:00Z,1,2018-05-01T00:00:00Z,5.5,0,0
591,2018-04-30T00:00:00Z,7,2018-05-07T00:00:00Z,3.5,0,0
591,2018-04-30T00:00:00Z,7,2018-05-07T00:00:00Z,4.5,1,0
591,2018-04-30T00:00:00Z,7,2018-05-07T00:00:00Z,5.5,0,0
591,2018-04-30T00:00:00Z,30,2018-05-30T00:00:00Z,3.5,0,0
591,2018-04-30T00:00:00Z,30,2018-05-30T00:00:00Z,4.5,0,0
591,2018-04-30T00:00:00Z,30,2018-05-30T00:00:00Z,5.5,0,0
592,2018-05-07T00:00:00Z,1,2018-05-08T00:00:00Z,3.5,0,0
592,2018-05-07T00:00:00Z,1,2018-05-08T00:00:00Z,4.5,0,0
592,2018-05-07T00:00:00Z,1,2018-05-08T00:00:00Z,5.5,0,0
592,2018-05-07T00:00:00Z,7,2018-05-14T00:00:00Z,3.5,0,0
592,2018-05-07T00:00:00Z,7,2018-05-14T00:00:00Z,4.5,1,0
592,2018-05-07T00:00:00Z,7,2018-05-14T00:00:00Z,5.5,0,0
592,2018-05-07T00:00:00Z,30,2018-06-06T00:00:00Z,3.5,0,0
592,2018-05-07T00:00:00Z,30,2018-06-06T00:00:00Z,4.5,0,0
592,2018-05-07T00:00:00Z,30,2018-06-06T00:00:00Z,5.5,0,0
593,2018-05-14T00:00:00Z,1,2018-05-15T00:00:00Z,3.5,0,0
593,2018-05-14T00:00:00Z,1,2018-05-15T00:00:00Z,4.5,0,0
593,2018-05-14T00:00:00Z,1,2018-05-15T00:00:00Z,5.5,0,0
593,2018-05-14T00:00:00Z,7,2018-05-21T00:00:00Z,3.5,0,0
593,2018-05-14T00:00:00Z,7,2018-05-21T00:00:00Z,4.5,1,0
593,2018-05-14T00:00:00Z,7,2018-05-21T00:00:00Z,5.5,0,0
593,2018-05-14T00:00:00Z,30,2018-06-13T00:00:00Z,3.5,0,0
593,2018-05-14T00:00:00Z,30,2018-06-13T00:00:00Z,4.5,0,0
593,2018-05-14T00:00:00Z,30,2018-06-13T00:00:00Z,5.5,0,0
594,2018-05-21T00:00:00Z,1,2018-05-22T00:00:00Z,3.5,0,0
594,2018-05-21T00:00:00Z,1,2018-05-22T00:00:00Z,4.5,0,0
594,2018-05-21T00:00:00Z,1,2018-05-22T00:00:00Z,5.5,0,0
594,2018-05-21T00:00:00Z,7,2018-05-28T00:00:00Z,3.5,0,0
594,2018-05-21T00:00:00Z,7,2018-05-28T00:00:00Z,4.5,1,0
594,2018-05-21T00:00:00Z,7,2018-05-28T00:00:00Z,5.5,0,0
594,2018-05-21T00:00:00Z,30,2018-06-20T00:00:00Z,3.5,0,0
594,2018-05-21T00:00:00Z,30,2018-06-20T00:00:00Z,4.5,0,0
594,2018-05-21T00:00:00Z,30,2018-06-20T00:00:00Z,5.5,0,0
595,2018-05-28T00:00:00Z,1,2018-05-29T00:00:00Z,3.5,0,0
595,2018-05-28T00:00:00Z,1,2018-05-29T00:00:00Z,4.5,0,0
595,2018-05-28T00:00:00Z,1,2018-05-29T00:00:00Z,5.5,0,0
595,2018-05-28T00:00:00Z,7,2018-06-04T00:00:00Z,3.5,0,0
595,2018-05-28T00:00:00Z,7,2018-06-04T00:00:00Z,4.5,1,0
595,2018-05-28T00:00:00Z,7,2018-06-04T00:00:00Z,5.5,0,0
595,2018-05-28T00:00:00Z,30,2018-06-27T00:00:00Z,3.5,0,0
595,2018-05-28T00:00:00Z,30,2018-06-27T00:00:00Z,4.5,0,0
595,2018-05-28T00:00:00Z,30,2018-06-27T00:00:00Z,5.5,0,0
596,2018-06-04T00:00:00Z,1,2018-06-05T00:00:00Z,3.5,0,0
596,2018-06-04T00:00:00Z,1,2018-06-05T00:00:00Z,4.5,0,0
596,2018-06-04T00:00:00Z,1,2018-06-05T00:00:00Z,5.5,0,0
596,2018-06-04T00:00:00Z,7,2018-06-11T00:00:00Z,3.5,0,0
596,2018-06-04T00:00:00Z,7,2018-06-11T00:00:00Z,4.5,1,0
596,2018-06-04T00:00:00Z,7,2018-06-11T00:00:00Z,5.5,0,0
596,2018-06-04T00:00:00Z,30,2018-07-04T00:00:00Z,3.5,0,0
596,2018-06-04T00:00:00Z,30,2018-07-04T00:00:00Z,4.5,0,0
596,2018-06-04T00:00:00Z,30,2018-07-04T00:00:00Z,5.5,0,0
597,2018-06-11T00:00:00Z,1,2018-06-12T00:00:00Z,3.5,0,0
597,2018-06-11T00:00:00Z,1,2018-06-12T00:00:00Z,4.5,0,0
597,2018-06-11T00:00:00Z,1,2018-06-12T00:00:00Z,5.5,0,0
597,2018-06-11T00:00:00Z,7,2018-06-18T00:00:00Z,3.5,0,0
597,2018-06-11T00:00:00Z,7,2018-06-18T00:00:00Z,4.5,1,0
597,2018-06-11T00:00:00Z,7,2018-06-18T00:00:00Z,5.5,0,0
597,2018-06-11T00:00:00Z,30,2018-07-11T00:00:00Z,3.5,0,0
597,2018-06-11T00:00:00Z,30,2018-07-11T00:00:00Z,4.5,0,0
597,2018-06-11T00:00:00Z,30,2018-07-11T00:00:00Z,5.5,0,0
598,2018-06-18T00:00:00Z,1,2018-06-19T00:00:00Z,3.5,0,0
598,2018-06-18T00:00:00Z,1,2018-06-19T00:00:00Z,4.5,0,0
598,2018-06-18T00:00:00Z,1,2018-06-19T00:00:00Z,5.5,0,0
598,2018-06-18T00:00:00Z,7,2018-06-25T00:00:00Z,3.5,0,0
598,2018-06-18T00:00:00Z,7,2018-06-25T00:00:00Z,4.5,1,0
598,2018-06-18T00:00:00Z,7,2018-06-25T00:00:00Z,5.5,0,0
598,2018-06-18T00:00:00Z,30,2018-07-18T00:00:00Z,3.5,0,0
598,2018-06-18T00:00:00Z,30,2018-07-18T00:00:00Z,4.5,0,0
598,2018-06-18T00:00:00Z,30,2018-07-18T00:00:00Z,5.5,0,0
599,2018-06-25T00:00:00Z,1,2018-06-26T00:00:00Z,3.5,0,0
599,2018-06-25T00:00:00Z,1,2018-06-26T00:00:00Z,4.5,0,0
599,2018-06-25T00:00:00Z,1,2018-06-26T00:00:00Z,5.5,0,0
599,2018-06-25T00:00:00Z,7,2018-07-02T00:00:00Z,3.5,0,0
599,2018-06-25T00:00:00Z,7,2018-07-02T00:00:00Z,4.5,1,0
599,2018-06-25T00:00:00Z,7,2018-07-02T00:00:00Z,5.5,0,0
599,2018-06-25T00:00:00Z,30,2018-07-25T00:00:00Z,3.5,0,0
599,2018-06-25T00:00:00Z,30,2018-07-25T00:00:00Z,4.5,0,0
599,2018-06-25T00:00:00Z,30,2018-07-25T00:00:00Z,5.5,0,0
600,2018-07-02T00:00:00Z,1,2018-07-03T00:00:00Z,3.5,0,1
600,2018-07-02T00:00:00Z,1,2018-07-03T00:00:00Z,4.5,0,1
600,2018-07-02T00:00:00Z,1,2018-07-03T00:00:00Z,5.5,0,1
600,2018-07-02T00:00:00Z,7,2018-07-09T00:00:00Z,3.5,0,1
600,2018-07-02T00:00:00Z,7,2018-07-09T00:00:00Z,4.5,1,1
600,2018-07-02T00:00:00Z,7,2018-07-09T00:00:00Z,5.5,0,1
600,2018-07-02T00:00:00Z,30,2018-08-01T00:00:00Z,3.5,0,1
600,2018-07-02T00:00:00Z,30,2018-08-01T00:00:00Z,4.5,0,1
600,2018-07-02T00:00:00Z,30,2018-08-01T00:00:00Z,5.5,0,1
601,2018-07-09T00:00:00Z,1,2018-07-10T00:00:00Z,3.5,0,0
601,2018-07-09T00:00:00Z,1,2018-07-10T00:00:00Z,4.5,0,0
601,2018-07-09T00:00:00Z,1,2018-07-10T00:00:00Z,5.5,0,0
601,2018-07-09T00:00:00Z,7,2018-07-16T00:00:00Z,3.5,0,0
601,2018-07-09T00:00:00Z,7,2018-07-16T00:00:00Z,4.5,1,0
601,2018-07-09T00:00:00Z,7,2018-07-16T00:00:00Z,5.5,0,0
601,2018-07-09T00:00:00Z,30,2018-08-08T00:00:00Z,3.5,0,0
601,2018-07-09T00:00:00Z,30,2018-08-08T00:00:00Z,4.5,0,0
601,2018-07-09T00:00:00Z,30,2018-08-08T00:00:00Z,5.5,0,0
602,2018-07-16T00:00:00Z,1,2018-07-17T00:00:00Z,3.5,0,0
602,2018-07-16T00:00:00Z,1,2018-07-17T00:00:00Z,4.5,0,0
602,2018-07-16T00:00:00Z,1,2018-07-17T00:00:00Z,5.5,0,0
602,2018-07-16T00:00:00Z,7,2018-07-23T00:00:00Z,3.5,0,0
602,2018-07-16T00:00:00Z,7,2018-07-23T00:00:00Z,4.5,1,0
602,2018-07-16T00:00:00Z,7,2018-07-23T00:00:00Z,5.5,0,0
602,2018-07-16T00:00:00Z,30,2018-08-15T00:00:00Z,3.5,0,0
602,2018-07-16T00:00:00Z,30,2018-08-15T00:00:00Z,4.5,0,0
602,2018-07-16T00:00:00Z,30,2018-08-15T00:00:00Z,5.5,0,0
603,2018-07-23T00:00:00Z,1,2018-07-24T00:00:00Z,3.5,0,0
603,2018-07-23T00:00:00Z,1,2018-07-24T00:00:00Z,4.5,0,0
603,2018-07-23T00:00:00Z,1,2018-07-24T00:00:00Z,5.5,0,0
603,2018-07-23T00:00:00Z,7,2018-07-30T00:00:00Z,3.5,0,0
603,2018-07-23T00:00:00Z,7,2018-07-30T00:00:00Z,4.5,1,0
603,2018-07-23T00:00:00Z,7,2018-07-30T00:00:00Z,5.5,0,0
603,2018-07-23T00:00:00Z,30,2018-08-22T00:00:00Z,3.5,0,0
603,2018-07-23T00:00:00Z,30,2018-08-22T00:00:00Z,4.5,0,0
603,2018-07-23T00:00:00Z,30,2018-08-22T00:00:00Z,5.5,0,0
604,2018-07-30T00:00:00Z,1,2018-07-31T00:00:00Z,3.5,0,0
604,2018-07-30T00:00:00Z,1,2018-07-31T00:00:00Z,4.5,0,0
604,2018-07-30T00:00:00Z,1,2018-07-31T00:00:00Z,5.5,0,0
604,2018-07-30T00:00:00Z,7,2018-08-06T00:00:00Z,3.5,0,0
604,2018-07-30T00:00:00Z,7,2018-08-06T00:00:00Z,4.5,1,0
604,2018-07-30T00:00:00Z,7,2018-08-06T00:00:00Z,5.5,0,0
604,2018-07-30T00:00:00Z,30,2018-08-29T00:00:00Z,3.5,0,0
604,2018-07-30T00:00:00Z,30,2018-08-29T00:00:00Z,4.5,0,0
604,2018-07-30T00:00:00Z,30,2018-08-29T00:00:00Z,5.5,0,0
605,2018-08-06T00:00:00Z,1,2018-08-07T00:00:00Z,3.5,0,0
605,2018-08-06T00:00:00Z,1,2018-08-07T00:00:00Z,4.5,0,0
605,2018-08-06T00:00:00Z,1,2018-08-07T00:00:00Z,5.5,0,0
605,2018-08-06T00:00:00Z,7,2018-08-13T00:00:00Z,3.5,0,0
605,2018-08-06T00:00:00Z,7,2018-08-13T00:00:00Z,4.5,1,0
605,2018-08-06T00:00:00Z,7,2018-08-13T00:00:00Z,5.5,0,0
605,2018-08-06T00:00:00Z,30,2018-09-05T00:00:00Z,3.5,0,0
605,2018-08-06T00:00:00Z,30,2018-09-05T00:00:00Z,4.5,0,0
605,2018-08-06T00:00:00Z,30,2018-09-05T00:00:00Z,5.5,0,0
606,2018-08-13T00:00:00Z,1,2018-08-14T00:00:00Z,3.5,0,0
606,2018-08-13T00:00:00Z,1,2018-08-14T00:00:00Z,4.5,0,0
606,2018-08-13T00:00:00Z,1,2018-08-14T00:00:00Z,5.5,0,0
606,2018-08-13T00:00:00Z,7,2018-08-20T00:00:00Z,3.5,0,0
606,2018-08-13T00:00:00Z,7,2018-08-20T00:00:00Z,4.5,1,0
606,2018-08-13T00:00:00Z,7,2018-08-20T00:00:00Z,5.5,0,0
606,2018-08-13T00:00:00Z,30,2018-09-12T00:00:00Z,3.5,0,0
606,2018-08-13T00:00:00Z,30,2018-09-12T00:00:00Z,4.5,0,0
606,2018-08-13T00:00:00Z,30,2018-09-12T00:00:00Z,5.5,0,0
607,2018-08-20T00:00:00Z,1,2018-08-21T00:00:00Z,3.5,0,0
607,2018-08-20T00:00:00Z,1,2018-08-21T00:00:00Z,4.5,0,0
607,2018-08-20T00:00:00Z,1,2018-08-21T00:00:00Z,5.5,0,0
607,2018-08-20T00:00:00Z,7,2018-08-27T00:00:00Z,3.5,0,0
607,2018-08-20T00:00:00Z,7,2018-08-27T00:00:00Z,4.5,1,0
607,2018-08-20T00:00:00Z,7,2018-08-27T00:00:00Z,5.5,0,0
607,2018-08-20T00:00:00Z,30,2018-09-19T00:00:00Z,3.5,0,0
607,2018-08-20T00:00:00Z,30,2018-09-19T00:00:00Z,4.5,0,0
607,2018-08-20T00:00:00Z,30,2018-09-19T00:00:00Z,5.5,0,0
608,2018-08-27T00:00:00Z,1,2018-08-28T00:00:00Z,3.5,0,0
608,2018-08-27T00:00:00Z,1,2018-08-28T00:00:00Z,4.5,0,0
608,2018-08-27T00:00:00Z,1,2018-08-28T00:00:00Z,5.5,0,0
608,2018-08-27T00:00:00Z,7,2018-09-03T00:00:00Z,3.5,0,0
608,2018-08-27T00:00:00Z,7,2018-09-03T00:00:00Z,4.5,1,0
608,2018-08-27T00:00:00Z,7,2018-09-03T00:00:00Z,5.5,0,0
608,2018-08-27T00:00:00Z,30,2018-09-26T00:00:00Z,3.5,0,0
608,2018-08-27T00:00:00Z,30,2018-09-26T00:00:00Z,4.5,0,0
608,2018-08-27T00:00:00Z,30,2018-09-26T00:00:00Z,5.5,0,0
609,2018-09-03T00:00:00Z,1,2018-09-04T00:00:00Z,3.5,0,0
609,2018-09-03T00:00:00Z,1,2018-09-04T00:00:00Z,4.5,0,0
609,2018-09-03T00:00:00Z,1,2018-09-04T00:00:00Z,5.5,0,0
609,2018-09-03T00:00:00Z,7,2018-09-10T00:00:00Z,3.5,0,0
609,2018-09-03T00:00:00Z,7,2018-09-10T00:00:00Z,4.5,1,0
609,2018-09-03T00:00:00Z,7,2018-09-10T00:00:00Z,5.5,0,0
609,2018-09-03T00:00:00Z,30,2018-10-03T00:00:00Z,3.5,0,0
609,2018-09-03T00:00:00Z,30,2018-10-03T00:00:00Z,4.5,0,0
609,2018-09-03T00:00:00Z,30,2018-10-03T00:00:00Z,5.5,0,0
610,2018-09-10T00:00:00Z,1,2018-09-11T00:00:00Z,3.5,0,0
610,2018-09-10T00:00:00Z,1,2018-09-11T00:00:00Z,4.5,0,0
610,2018-09-10T00:00:00Z,1,2018-09-11T00:00:00Z,5.5,0,0
610,2018-09-10T00:00:00Z,7,2018-09-17T00:00:00Z,3.5,0,0
610,2018-09-10T00:00:00Z,7,2018-09-17T00:00:00Z,4.5,1,0
610,2018-09-10T00:00:00Z,7,2018-09-17T00:00:00Z,5.5,0,0
610,2018-09-10T00:00:00Z,30,2018-10-10T00:00:00Z,3.5,0,0
610,2018-09-10T00:00:00Z,30,2018-10-10T00:00:00Z,4.5,0,0
610,2018-09-10T00:00:00Z,30,2018-10-10T00:00:00Z,5.5,0,0
611,2018-09-17T00:00:00Z,1,2018-09-18T00:00:00Z,3.5,0,0
611,2018-09-17T00:00:00Z,1,2018-09-18T00:00:00Z,4.5,0,0
611,2018-09-17T00:00:00Z,1,2018-09-18T00:00:00Z,5.5,0,0
611,2018-09-17T00:00:00Z,7,2018-09-24T00:00:00Z,3.5,0,0
611,2018-09-17T00:00:00Z,7,2018-09-24T00:00:00Z,4.5,1,0
611,2018-09-17T00:00:00Z,7,2018-09-24T00:00:00Z,5.5,0,0
611,2018-09-17T00:00:00Z,30,2018-10-17T00:00:00Z,3.5,0,0
611,2018-09-17T00:00:00Z,30,2018-10-17T00:00:00Z,4.5,0,0
611,2018-09-17T00:00:00Z,30,2018-10-17T00:00:00Z,5.5,0,0
612,2018-09-24T00:00:00Z,1,2018-09-25T00:00:00Z,3.5,0,0
612,2018-09-24T00:00:00Z,1,2018-09-25T00:00:00Z,4.5,0,0
612,2018-09-24T00:00:00Z,1,2018-09-25T00:00:00Z,5.5,0,0
612,2018-09-24T00:00:00Z,7,2018-10-01T00:00:00Z,3.5,0,0
612,2018-09-24T00:00:00Z,7,2018-10-01T00:00:00Z,4.5,1,0
612,2018-09-24T00:00:00Z,7,2018-10-01T00:00:00Z,5.5,0,0
612,2018-09-24T00:00:00Z,30,2018-10-24T00:00:00Z,3.5,0,0
612,2018-09-24T00:00:00Z,30,2018-10-24T00:00:00Z,4.5,0,0
612,2018-09-24T00:00:00Z,30,2018-10-24T00:00:00Z,5.5,0,0
613,2018-10-01T00:00:00Z,1,2018-10-02T00:00:00Z,3.5,0,0
613,2018-10-01T00:00:00Z,1,2018-10-02T00:00:00Z,4.5,0,0
613,2018-10-01T00:00:00Z,1,2018-10-02T00:00:00Z,5.5,0,0
613,2018-10-01T00:00:00Z,7,2018-10-08T00:00:00Z,3.5,0,0
613,2018-10-01T00:00:00Z,7,2018-10-08T00:00:00Z,4.5,1,0
613,2018-10-01T00:00:00Z,7,2018-10-08T00:00:00Z,5.5,0,0
613,2018-10-01T00:00:00Z,30,2018-10-31T00:00:00Z,3.5,0,0
613,2018-10-01T00:00:00Z,30,2018-10-31T00:00:00Z,4.5,0,0
613,2018-10-01T00:00:00Z,30,2018-10-31T00:00:00Z,5.5,0,0
614,2018-10-08T00:00:00Z,1,2018-10-09T00:00:00Z,3.5,0,0
614,2018-10-08T00:00:00Z,1,2018-10-09T00:00:00Z,4.5,0,0
614,2018-10-08T00:00:00Z,1,2018-10-09T00:00:00Z,5.5,0,0
614,2018-10-08T00:00:00Z,7,2018-10-15T00:00:00Z,3.5,0,0
614,2018-10-08T00:00:00Z,7,2018-10-15T00:00:00Z,4.5,1,0
614,2018-10-08T00:00:00Z,7,2018-10-15T00:00:00Z,5.5,0,0
614,2018-10-08T00:00:00Z,30,2018-11-07T00:00:00Z,3.5,0,0
614,2018-10-08T00:00:00Z,30,2018-11-07T00:00:00Z,4.5,0,0
614,2018-10-08T00:00:00Z,30,2018-11-07T00:00:00Z,5.5,0,0
615,2018-10-15T00:00:00Z,1,2018-10-16T00:00:00Z,3.5,0,0
615,2018-10-15T00:00:00Z,1,2018-10-16T00:00:00Z,4.5,0,0
615,2018-10-15T00:00:00Z,1,2018-10-16T00:00:00Z,5.5,0,0
615,2018-10-15T00:00:00Z,7,2018-10-22T00:00:00Z,3.5,0,0
615,2018-10-15T00:00:00Z,7,2018-10-22T00:00:00Z,4.5,1,0
615,2018-10-15T00:00:00Z,7,2018-10-22T00:00:00Z,5.5,0,0
615,2018-10-15T00:00:00Z,30,2018-11-14T00:00:00Z,3.5,0,0
615,2018-10-15T00:00:00Z,30,2018-11-14T00:00:00Z,4.5,0,0
615,2018-10-15T00:00:00Z,30,2018-11-14T00:00:00Z,5.5,0,0
616,2018-10-22T00:00:00Z,1,2018-10-23T00:00:00Z,3.5,0,0
616,2018-10-22T00:00:00Z,1,2018-10-23T00:00:00Z,4.5,0,0
616,2018-10-22T00:00:00Z,1,2018-10-23T00:00:00Z,5.5,0,0
616,2018-10-22T00:00:00Z,7,2018-10-29T00:00:00Z,3.5,0,0
616,2018-10-22T00:00:00Z,7,2018-10-29T00:00:00Z,4.5,1,0
616,2018-10-22T00:00:00Z,7,2018-10-29T00:00:00Z,5.5,0,0
616,2018-10-22T00:00:00Z,30,2018-11-21T00:00:00Z,3.5,0,0
616,2018-10-22T00:00:00Z,30,2018-11-21T00:00:00Z,4.5,0,0
616,2018-10-22T00:00:00Z,30,2018-11-21T00:00:00Z,5.5,0,0
617,2018-10-29T00:00:00Z,1,2018-10-30T00:00:00Z,3.5,0,0
617,2018-10-29T00:00:00Z,1,2018-10-30T00:00:00Z,4.5,0,0
617,2018-10-29T00:00:00Z,1,2018-10-30T00:00:00Z,5.5,0,0
617,2018-10-29T00:00:00Z,7,2018-11-05T00:00:00Z,3.5,0,0
617,2018-10-29T00:00:00Z,7,2018-11-05T00:00:00Z,4.5,1,0
617,2018-10-29T00:00:00Z,7,2018-11-05T00:00:00Z,5.5,0,0
617,2018-10-29T00:00:00Z,30,2018-11-28T00:00:00Z,3.5,0,0
617,2018-10-29T00:00:00Z,30,2018-11-28T00:00:00Z,4.5,0,0
617,2018-10-29T00:00:00Z,30,2018-11-28T00:00:00Z,5.5,0,0
618,2018-11-05T00:00:00Z,1,2018-11-06T00:00:00Z,3.5,0,0
618,2018-11-05T00:00:00Z,1,2018-11-06T00:00:00Z,4.5,0,0
618,2018-11-05T00:00:00Z,1,2018-11-06T00:00:00Z,5.5,0,0
618,2018-11-05T00:00:00Z,7,2018-11-12T00:00:00Z,3.5,0,0
618,2018-11-05T00:00:00Z,7,2018-11-12T00:00:00Z,4.5,1,0
618,2018-11-05T00:00:00Z,7,2018-11-12T00:00:00Z,5.5,0,0
618,2018-11-05T00:00:00Z,30,2018-12-05T00:00:00Z,3.5,0,0
618,2018-11-05T00:00:00Z,30,2018-12-05T00:00:00Z,4.5,0,0
618,2018-11-05T00:00:00Z,30,2018-12-05T00:00:00Z,5.5,0,0
619,2018-11-12T00:00:00Z,1,2018-11-13T00:00:00Z,3.5,0,0
619,2018-11-12T00:00:00Z,1,2018-11-13T00:00:00Z,4.5,0,0
619,2018-11-12T00:00:00Z,1,2018-11-13T00:00:00Z,5.5,0,0
619,2018-11-12T00:00:00Z,7,2018-11-19T00:00:00Z,3.5,0,0
619,2018-11-12T00:00:00Z,7,2018-11-19T00:00:00Z,4.5,1,0
619,2018-11-12T00:00:00Z,7,2018-11-19T00:00:00Z,5.5,0,0
619,2018-11-12T00:00:00Z,30,2018-12-12T00:00:00Z,3.5,0,0
619,2018-11-12T00:00:00Z,30,2018-12-12T00:00:00Z,4.5,0,0
619,2018-11-12T00:00:00Z,30,2018-12-12T00:00:00Z,5.5,0,0
620,2018-11-19T00:00:00Z,1,2018-11-20T00:00:00Z,3.5,0,1
620,2018-11-19T00:00:00Z,1,2018-11-20T00:00:00Z,4.5,0,1
620,2018-11-19T00:00:00Z,1,2018-11-20T00:00:00Z,5.5,0,1
620,2018-11-19T00:00:00Z,7,2018-11-26T00:00:00Z,3.5,0,1
620,2018-11-19T00:00:00Z,7,2018-11-26T00:00:00Z,4.5,1,1
620,2018-11-19T00:00:00Z,7,2018-11-26T00:00:00Z,5.5,0,1
620,2018-11-19T00:00:00Z,30,2018-12-19T00:00:00Z,3.5,0,1
620,2018-11-19T00:00:00Z,30,2018-12-19T00:00:00Z,4.5,0,1
620,2018-11-19T00:00:00Z,30,2018-12-19T00:00:00Z,5.5,0,1
621,2018-11-26T00:00:00Z,1,2018-11-27T00:00:00Z,3.5,0,0
621,2018-11-26T00:00:00Z,1,2018-11-27T00:00:00Z,4.5,0,0
621,2018-11-26T00:00:00Z,1,2018-11-27T00:00:00Z,5.5,0,0
621,2018-11-26T00:00:00Z,7,2018-12-03T00:00:00Z,3.5,0,0
621,2018-11-26T00:00:00Z,7,2018-12-03T00:00:00Z,4.5,1,0
621,2018-11-26T00:00:00Z,7,2018-12-03T00:00:00Z,5.5,0,0
621,2018-11-26T00:00:00Z,30,2018-12-26T00:00:00Z,3.5,0,0
621,2018-11-26T00:00:00Z,30,2018-12-26T00:00:00Z,4.5,0,0
621,2018-11-26T00:00:00Z,30,2018-12-26T00:00:00Z,5.5,0,0
622,2018-12-03T00:00:00Z,1,2018-12-04T00:00:00Z,3.5,0,0
622,2018-12-03T00:00:00Z,1,2018-12-04T00:00:00Z,4.5,0,0
622,2018-12-03T00:00:00Z,1,2018-12-04T00:00:00Z,5.5,0,0
622,2018-12-03T00:00:00Z,7,2018-12-10T00:00:00Z,3.5,0,0
622,2018-12-03T00:00:00Z,7,2018-12-10T00:00:00Z,4.5,1,0
622,2018-12-03T00:00:00Z,7,2018-12-10T00:00:00Z,5.5,0,0
622,2018-12-03T00:00:00Z,30,2019-01-02T00:00:00Z,3.5,0,0
622,2018-12-03T00:00:00Z,30,2019-01-02T00:00:00Z,4.5,0,0
622,2018-12-03T00:00:00Z,30,2019-01-02T00:00:00Z,5.5,0,0
623,2018-12-10T00:00:00Z,1,2018-12-11T00:00:00Z,3.5,0,0
623,2018-12-10T00:00:00Z,1,2018-12-11T00:00:00Z,4.5,0,0
623,2018-12-10T00:00:00Z,1,2018-12-11T00:00:00Z,5.5,0,0
623,2018-12-10T00:00:00Z,7,2018-12-17T00:00:00Z,3.5,0,0
623,2018-12-10T00:00:00Z,7,2018-12-17T00:00:00Z,4.5,1,0
623,2018-12-10T00:00:00Z,7,2018-12-17T00:00:00Z,5.5,0,0
623,2018-12-10T00:00:00Z,30,2019-01-09T00:00:00Z,3.5,0,0
623,2018-12-10T00:00:00Z,30,2019-01-09T00:00:00Z,4.5,0,0
623,2018-12-10T00:00:00Z,30,2019-01-09T00:00:00Z,5.5,0,0
624,2018-12-17T00:00:00Z,1,2018-12-18T00:00:00Z,3.5,0,0
624,2018-12-17T00:00:00Z,1,2018-12-18T00:00:00Z,4.5,0,0
624,2018-12-17T00:00:00Z,1,2018-12-18T00:00:00Z,5.5,0,0
624,2018-12-17T00:00:00Z,7,2018-12-24T00:00:00Z,3.5,0,0
624,2018-12-17T00:00:00Z,7,2018-12-24T00:00:00Z,4.5,1,0
624,2018-12-17T00:00:00Z,7,2018-12-24T00:00:00Z,5.5,0,0
624,2018-12-17T00:00:00Z,30,2019-01-16T00:00:00Z,3.5,0,0
624,2018-12-17T00:00:00Z,30,2019-01-16T00:00:00Z,4.5,0,0
624,2018-12-17T00:00:00Z,30,2019-01-16T00:00:00Z,5.5,0,0
625,2018-12-24T00:00:00Z,1,2018-12-25T00:00:00Z,3.5,0,0
625,2018-12-24T00:00:00Z,1,2018-12-25T00:00:00Z,4.5,0,0
625,2018-12-24T00:00:00Z,1,2018-12-25T00:00:00Z,5.5,0,0
625,2018-12-24T00:00:00Z,7,2018-12-31T00:00:00Z,3.5,0,0
625,2018-12-24T00:00:00Z,7,2018-12-31T00:00:00Z,4.5,1,0
625,2018-12-24T00:00:00Z,7,2018-12-31T00:00:00Z,5.5,0,0
625,2018-12-24T00:00:00Z,30,2019-01-23T00:00:00Z,3.5,0,0
625,2018-12-24T00:00:00Z,30,2019-01-23T00:00:00Z,4.5,0,0
625,2018-12-24T00:00:00Z,30,2019-01-23T00:00:00Z,5.5,0,0
626,2018-12-31T00:00:00Z,1,2019-01-01T00:00:00Z,3.5,0,0
626,2018-12-31T00:00:00Z,1,2019-01-01T00:00:00Z,4.5,0,0
626,2018-12-31T00:00:00Z,1,2019-01-01T00:00:00Z,5.5,0,0
626,2018-12-31T00:00:00Z,7,2019-01-07T00:00:00Z,3.5,0,0
626,2018-12-31T00:00:00Z,7,2019-01-07T00:00:00Z,4.5,1,0
626,2018-12-31T00:00:00Z,7,2019-01-07T00:00:00Z,5.5,0,0
626,2018-12-31T00:00:00Z,30,2019-01-30T00:00:00Z,3.5,0,0
626,2018-12-31T00:00:00Z,30,2019-01-30T00:00:00Z,4.5,0,0
626,2018-12-31T00:00:00Z,30,2019-01-30T00:00:00Z,5.5,0,0
627,2019-01-07T00:00:00Z,1,2019-01-08T00:00:00Z,3.5,0,0
627,2019-01-07T00:00:00Z,1,2019-01-08T00:00:00Z,4.5,0,0
627,2019-01-07T00:00:00Z,1,2019-01-08T00:00:00Z,5.5,0,0
627,2019-01-07T00:00:00Z,7,2019-01-14T00:00:00Z,3.5,0,0
627,2019-01-07T00:00:00Z,7,2019-01-14T00:00:00Z,4.5,1,0
627,2019-01-07T00:00:00Z,7,2019-01-14T00:00:00Z,5.5,0,0
627,2019-01-07T00:00:00Z,30,2019-02-06T00:00:00Z,3.5,0,0
627,2019-01-07T00:00:00Z,30,2019-02-06T00:00:00Z,4.5,0,0
627,2019-01-07T00:00:00Z,30,2019-02-06T00:00:00Z,5.5,0,0
628,2019-01-14T00:00:00Z,1,2019-01-15T00:00:00Z,3.5,0,0
628,2019-01-14T00:00:00Z,1,2019-01-15T00:00:00Z,4.5,0,0
628,2019-01-14T00:00:00Z,1,2019-01-15T00:00:00Z,5.5,0,0
628,2019-01-14T00:00:00Z,7,2019-01-21T00:00:00Z,3.5,0,0
628,2019-01-14T00:00:00Z,7,2019-01-21T00:00:00Z,4.5,1,0
628,2019-01-14T00:00:00Z,7,2019-01-21T00:00:00Z,5.5,0,0
628,2019-01-14T00:00:00Z,30,2019-02-13T00:00:00Z,3.5,0,0
628,2019-01-14T00:00:00Z,30,2019-02-13T00:00:00Z,4.5,0,0
628,2019-01-14T00:00:00Z,30,2019-02-13T00:00:00Z,5.5,0,0
629,2019-01-21T00:00:00Z,1,2019-01-22T00:00:00Z,3.5,0,0
629,2019-01-21T00:00:00Z,1,2019-01-22T00:00:00Z,4.5,0,0
629,2019-01-21T00:00:00Z,1,2019-01-22T00:00:00Z,5.5,0,0
629,2019-01-21T00:00:00Z,7,2019-01-28T00:00:00Z,3.5,0,0
629,2019-01-21T00:00:00Z,7,2019-01-28T00:00:00Z,4.5,1,0
629,2019-01-21T00:00:00Z,7,2019-01-28T00:00:00Z,5.5,0,0
629,2019-01-21T00:00:00Z,30,2019-02-20T00:00:00Z,3.5,0,0
629,2019-01-21T00:00:00Z,30,2019-02-20T00:00:00Z,4.5,0,0
629,2019-01-21T00:00:00Z,30,2019-02-20T00:00:00Z,5.5,0,0
630,2019-01-28T00:00:00Z,1,2019-01-29T00:00:00Z,3.5,0,0
630,2019-01-28T00:00:00Z,1,2019-01-29T00:00:00Z,4.5,0,0
630,2019-01-28T00:00:00Z,1,2019-01-29T00:00:00Z,5.5,0,0
630,2019-01-28T00:00:00Z,7,2019-02-04T00:00:00Z,3.5,0,0
630,2019-01-28T00:00:00Z,7,2019-02-04T00:00:00Z,4.5,1,0
630,2019-01-28T00:00:00Z,7,2019-02-04T00:00:00Z,5.5,0,0
630,2019-01-28T00:00:00Z,30,2019-02-27T00:00:00Z,3.5,0,0
630,2019-01-28T00:00:00Z,30,2019-02-27T00:00:00Z,4.5,0,0
630,2019-01-28T00:00:00Z,30,2019-02-27T00:00:00Z,5.5,0,0
631,2019-02-04T00:00:00Z,1,2019-02-05T00:00:00Z,3.5,0,0
631,2019-02-04T00:00:00Z,1,2019-02-05T00:00:00Z,4.5,0,0
631,2019-02-04T00:00:00Z,1,2019-02-05T00:00:00Z,5.5,0,0
631,2019-02-04T00:00:00Z,7,2019-02-11T00:00:00Z,3.5,0,0
631,2019-02-04T00:00:00Z,7,2019-02-11T00:00:00Z,4.5,1,0
631,2019-02-04T00:00:00Z,7,2019-02-11T00:00:00Z,5.5,0,0
631,2019-02-04T00:00:00Z,30,2019-03-06T00:00:00Z,3.5,0,0
631,2019-02-04T00:00:00Z,30,2019-03-06T00:00:00Z,4.5,0,0
631,2019-02-04T00:00:00Z,30,2019-03-06T00:00:00Z,5.5,0,0
632,2019-02-11T00:00:00Z,1,2019-02-12T00:00:00Z,3.5,0,0
632,2019-02-11T00:00:00Z,1,2019-02-12T00:00:00Z,4.5,0,0
632,2019-02-11T00:00:00Z,1,2019-02-12T00:00:00Z,5.5,0,0
632,2019-02-11T00:00:00Z,7,2019-02-18T00:00:00Z,3.5,0,0
632,2019-02-11T00:00:00Z,7,2019-02-18T00:00:00Z,4.5,1,0
632,2019-02-11T00:00:00Z,7,2019-02-18T00:00:00Z,5.5,0,0
632,2019-02-11T00:00:00Z,30,2019-03-13T00:00:00Z,3.5,0,0
632,2019-02-11T00:00:00Z,30,2019-03-13T00:00:00Z,4.5,0,0
632,2019-02-11T00:00:00Z,30,2019-03-13T00:00:00Z,5.5,0,0
633,2019-02-18T00:00:00Z,1,2019-02-19T00:00:00Z,3.5,0,0
633,2019-02-18T00:00:00Z,1,2019-02-19T00:00:00Z,4.5,0,0
633,2019-02-18T00:00:00Z,1,2019-02-19T00:00:00Z,5.5,0,0
633,2019-02-18T00:00:00Z,7,2019-02-25T00:00:00Z,3.5,0,0
633,2019-02-18T00:00:00Z,7,2019-02-25T00:00:00Z,4.5,1,0
633,2019-02-18T00:00:00Z,7,2019-02-25T00:00:00Z,5.5,0,0
633,2019-02-18T00:00:00Z,30,2019-03-20T00:00:00Z,3.5,0,0
633,2019-02-18T00:00:00Z,30,2019-03-20T00:00:00Z,4.5,0,0
633,2019-02-18T00:00:00Z,30,2019-03-20T00:00:00Z,5.5,0,0
634,2019-02-25T00:00:00Z,1,2019-02-26T00:00:00Z,3.5,0,0
634,2019-02-25T00:00:00Z,1,2019-02-26T00:00:00Z,4.5,0,0
634,2019-02-25T00:00:00Z,1,2019-02-26T00:00:00Z,5.5,0,0
634,2019-02-25T00:00:00Z,7,2019-03-04T00:00:00Z,3.5,0,0
634,2019-02-25T00:00:00Z,7,2019-03-04T00:00:00Z,4.5,1,0
634,2019-02-25T00:00:00Z,7,2019-03-04T00:00:00Z,5.5,0,0
634,2019-02-25T00:00:00Z,30,2019-03-27T00:00:00Z,3.5,0,0
634,2019-02-25T00:00:00Z,30,2019-03-27T00:00:00Z,4.5,0,0
634,2019-02-25T00:00:00Z,30,2019-03-27T00:00:00Z,5.5,0,0
635,2019-03-04T00:00:00Z,1,2019-03-05T00:00:00Z,3.5,0,0
635,2019-03-04T00:00:00Z,1,2019-03-05T00:00:00Z,4.5,0,0
635,2019-03-04T00:00:00Z,1,2019-03-05T00:00:00Z,5.5,0,0
635,2019-03-04T00:00:00Z,7,2019-03-11T00:00:00Z,3.5,0,0
635,2019-03-04T00:00:00Z,7,2019-03-11T00:00:00Z,4.5,1,0
635,2019-03-04T00:00:00Z,7,2019-03-11T00:00:00Z,5.5,0,0
635,2019-03-04T00:00:00Z,30,2019-04-03T00:00:00Z,3.5,0,0
635,2019-03-04T00:00:00Z,30,2019-04-03T00:00:00Z,4.5,0,0
635,2019-03-04T00:00:00Z,30,2019-04-03T00:00:00Z,5.5,0,0
636,2019-03-11T00:00:00Z,1,2019-03-12T00:00:00Z,3.5,0,0
636,2019-03-11T00:00:00Z,1,2019-03-12T00:00:00Z,4.5,0,0
636,2019-03-11T00:00:00Z,1,2019-03-12T00:00:00Z,5.5,0,0
636,2019-03-11T00:00:00Z,7,2019-03-18T00:00:00Z,3.5,0,0
636,2019-03-11T00:00:00Z,7,2019-03-18T00:00:00Z,4.5,1,0
636,2019-03-11T00:00:00Z,7,2019-03-18T00:00:00Z,5.5,0,0
636,2019-03-11T00:00:00Z,30,2019-04-10T00:00:00Z,3.5,0,0
636,2019-03-11T00:00:00Z,30,2019-04-10T00:00:00Z,4.5,0,0
636,2019-03-11T00:00:00Z,30,2019-04-10T00:00:00Z,5.5,0,0
637,2019-03-18T00:00:00Z,1,2019-03-19T00:00:00Z,3.5,0,0
637,2019-03-18T00:00:00Z,1,2019-03-19T00:00:00Z,4.5,0,0
637,2019-03-18T00:00:00Z,1,2019-03-19T00:00:00Z,5.5,0,0
637,2019-03-18T00:00:00Z,7,2019-03-25T00:00:00Z,3.5,0,0
637,2019-03-18T00:00:00Z,7,2019-03-25T00:00:00Z,4.5,1,0
637,2019-03-18T00:00:00Z,7,2019-03-25T00:00:00Z,5.5,0,0
637,2019-03-18T00:00:00Z,30,2019-04-17T00:00:00Z,3.5,0,0
637,2019-03-18T00:00:00Z,30,2019-04-17T00:00:00Z,4.5,0,0
637,2019-03-18T00:00:00Z,30,2019-04-17T00:00:00Z,5.5,0,0
638,2019-03-25T00:00:00Z,1,2019-03-26T00:00:00Z,3.5,0,0
638,2019-03-25T00:00:00Z,1,2019-03-26T00:00:00Z,4.5,0,0
638,2019-03-25T00:00:00Z,1,2019-03-26T00:00:00Z,5.5,0,0
638,2019-03-25T00:00:00Z,7,2019-04-01T00:00:00Z,3.5,0,0
638,2019-03-25T00:00:00Z,7,2019-04-01T00:00:00Z,4.5,1,0
638,2019-03-25T00:00:00Z,7,2019-04-01T00:00:00Z,5.5,0,0
638,2019-03-25T00:00:00Z,30,2019-04-24T00:00:00Z,3.5,0,0
638,2019-03-25T00:00:00Z,30,2019-04-24T00:00:00Z,4.5,0,0
638,2019-03-25T00:00:00Z,30,2019-04-24T00:00:00Z,5.5,0,0
639,2019-04-01T00:00:00Z,1,2019-04-02T00:00:00Z,3.5,0,0
639,2019-04-01T00:00:00Z,1,2019-04-02T00:00:00Z,4.5,0,0
639,2019-04-01T00:00:00Z,1,2019-04-02T00:00:00Z,5.5,0,0
639,2019-04-01T00:00:00Z,7,2019-04-08T00:00:00Z,3.5,0,0
639,2019-04-01T00:00:00Z,7,2019-04-08T00:00:00Z,4.5,1,0
639,2019-04-01T00:00:00Z,7,2019-04-08T00:00:00Z,5.5,0,0
639,2019-04-01T00:00:00Z,30,2019-05-01T00:00:00Z,3.5,0,0
639,2019-04-01T00:00:00Z,30,2019-05-01T00:00:00Z,4.5,0,0
639,2019-04-01T00:00:00Z,30,2019-05-01T00:00:00Z,5.5,0,0
640,2019-04-08T00:00:00Z,1,2019-04-09T00:00:00Z,3.5,0,1
640,2019-04-08T00:00:00Z,1,2019-04-09T00:00:00Z,4.5,0,1
640,2019-04-08T00:00:00Z,1,2019-04-09T00:00:00Z,5.5,0,1
640,2019-04-08T00:00:00Z,7,2019-04-15T00:00:00Z,3.5,0,1
640,2019-04-08T00:00:00Z,7,2019-04-15T00:00:00Z,4.5,1,1
640,2019-04-08T00:00:00Z,7,2019-04-15T00:00:00Z,5.5,0,1
640,2019-04-08T00:00:00Z,30,2019-05-08T00:00:00Z,3.5,0,1
640,2019-04-08T00:00:00Z,30,2019-05-08T00:00:00Z,4.5,0,1
640,2019-04-08T00:00:00Z,30,2019-05-08T00:00:00Z,5.5,0,1
641,2019-04-15T00:00:00Z,1,2019-04-16T00:00:00Z,3.5,0,0
641,2019-04-15T00:00:00Z,1,2019-04-16T00:00:00Z,4.5,0,0
641,2019-04-15T00:00:00Z,1,2019-04-16T00:00:00Z,5.5,0,0
641,2019-04-15T00:00:00Z,7,2019-04-22T00:00:00Z,3.5,0,0
641,2019-04-15T00:00:00Z,7,2019-04-22T00:00:00Z,4.5,1,0
641,2019-04-15T00:00:00Z,7,2019-04-22T00:00:00Z,5.5,0,0
641,2019-04-15T00:00:00Z,30,2019-05-15T00:00:00Z,3.5,0,0
641,2019-04-15T00:00:00Z,30,2019-05-15T00:00:00Z,4.5,0,0
641,2019-04-15T00:00:00Z,30,2019-05-15T00:00:00Z,5.5,0,0
642,2019-04-22T00:00:00Z,1,2019-04-23T00:00:00Z,3.5,0,0
642,2019-04-22T00:00:00Z,1,2019-04-23T00:00:00Z,4.5,0,0
642,2019-04-22T00:00:00Z,1,2019-04-23T00:00:00Z,5.5,0,0
642,2019-04-22T00:00:00Z,7,2019-04-29T00:00:00Z,3.5,0,0
642,2019-04-22T00:00:00Z,7,2019-04-29T00:00:00Z,4.5,1,0
642,2019-04-22T00:00:00Z,7,2019-04-29T00:00:00Z,5.5,0,0
642,2019-04-22T00:00:00Z,30,2019-05-22T00:00:00Z,3.5,0,0
642,2019-04-22T00:00:00Z,30,2019-05-22T00:00:00Z,4.5,0,0
642,2019-04-22T00:00:00Z,30,2019-05-22T00:00:00Z,5.5,0,0
643,2019-04-29T00:00:00Z,1,2019-04-30T00:00:00Z,3.5,0,0
643,2019-04-29T00:00:00Z,1,2019-04-30T00:00:00Z,4.5,0,0
643,2019-04-29T00:00:00Z,1,2019-04-30T00:00:00Z,5.5,0,0
643,2019-04-29T00:00:00Z,7,2019-05-06T00:00:00Z,3.5,0,0
643,2019-04-29T00:00:00Z,7,2019-05-06T00:00:00Z,4.5,1,0
643,2019-04-29T00:00:00Z,7,2019-05-06T00:00:00Z,5.5,0,0
643,2019-04-29T00:00:00Z,30,2019-05-29T00:00:00Z,3.5,0,0
643,2019-04-29T00:00:00Z,30,2019-05-29T00:00:00Z,4.5,0,0
643,2019-04-29T00:00:00Z,30,2019-05-29T00:00:00Z,5.5,0,0
644,2019-05-06T00:00:00Z,1,2019-05-07T00:00:00Z,3.5,0,0
644,2019-05-06T00:00:00Z,1,2019-05-07T00:00:00Z,4.5,0,0
644,2019-05-06T00:00:00Z,1,2019-05-07T00:00:00Z,5.5,0,0
644,2019-05-06T00:00:00Z,7,2019-05-13T00:00:00Z,3.5,0,0
644,2019-05-06T00:00:00Z,7,2019-05-13T00:00:00Z,4.5,1,0
644,2019-05-06T00:00:00Z,7,2019-05-13T00:00:00Z,5.5,0,0
644,2019-05-06T00:00:00Z,30,2019-06-05T00:00:00Z,3.5,0,0
644,2019-05-06T00:00:00Z,30,2019-06-05T00:00:00Z,4.5,0,0
644,2019-05-06T00:00:00Z,30,2019-06-05T00:00:00Z,5.5,0,0
645,2019-05-13T00:00:00Z,1,2019-05-14T00:00:00Z,3.5,0,0
645,2019-05-13T00:00:00Z,1,2019-05-14T00:00:00Z,4.5,0,0
645,2019-05-13T00:00:00Z,1,2019-05-14T00:00:00Z,5.5,0,0
645,2019-05-13T00:00:00Z,7,2019-05-20T00:00:00Z,3.5,0,0
645,2019-05-13T00:00:00Z,7,2019-05-20T00:00:00Z,4.5,1,0
645,2019-05-13T00:00:00Z,7,2019-05-20T00:00:00Z,5.5,0,0
645,2019-05-13T00:00:00Z,30,2019-06-12T00:00:00Z,3.5,0,0
645,2019-05-13T00:00:00Z,30,2019-06-12T00:00:00Z,4.5,0,0
645,2019-05-13T00:00:00Z,30,2019-06-12T00:00:00Z,5.5,0,0
646,2019-05-20T00:00:00Z,1,2019-05-21T00:00:00Z,3.5,0,0
646,2019-05-20T00:00:00Z,1,2019-05-21T00:00:00Z,4.5,0,0
646,2019-05-20T00:00:00Z,1,2019-05-21T00:00:00Z,5.5,0,0
646,2019-05-20T00:00:00Z,7,2019-05-27T00:00:00Z,3.5,0,0
646,2019-05-20T00:00:00Z,7,2019-05-27T00:00:00Z,4.5,1,0
646,2019-05-20T00:00:00Z,7,2019-05-27T00:00:00Z,5.5,0,0
646,2019-05-20T00:00:00Z,30,2019-06-19T00:00:00Z,3.5,0,0
646,2019-05-20T00:00:00Z,30,2019-06-19T00:00:00Z,4.5,0,0
646,2019-05-20T00:00:00Z,30,2019-06-19T00:00:00Z,5.5,0,0
647,2019-05-27T00:00:00Z,1,2019-05-28T00:00:00Z,3.5,0,0
647,2019-05-27T00:00:00Z,1,2019-05-28T00:00:00Z,4.5,0,0
647,2019-05-27T00:00:00Z,1,2019-05-28T00:00:00Z,5.5,0,0
647,2019-05-27T00:00:00Z,7,2019-06-03T00:00:00Z,3.5,0,0
647,2019-05-27T00:00:00Z,7,2019-06-03T00:00:00Z,4.5,1,0
647,2019-05-27T00:00:00Z,7,2019-06-03T00:00:00Z,5.5,0,0
647,2019-05-27T00:00:00Z,30,2019-06-26T00:00:00Z,3.5,0,0
647,2019-05-27T00:00:00Z,30,2019-06-26T00:00:00Z,4.5,0,0
647,2019-05-27T00:00:00Z,30,2019-06-26T00:00:00Z,5.5,0,0
648,2019-06-03T00:00:00Z,1,2019-06-04T00:00:00Z,3.5,0,0
648,2019-06-03T00:00:00Z,1,2019-06-04T00:00:00Z,4.5,0,0
648,2019-06-03T00:00:00Z,1,2019-06-04T00:00:00Z,5.5,0,0
648,2019-06-03T00:00:00Z,7,2019-06-10T00:00:00Z,3.5,0,0
648,2019-06-03T00:00:00Z,7,2019-06-10T00:00:00Z,4.5,1,0
648,2019-06-03T00:00:00Z,7,2019-06-10T00:00:00Z,5.5,0,0
648,2019-06-03T00:00:00Z,30,2019-07-03T00:00:00Z,3.5,0,0
648,2019-06-03T00:00:00Z,30,2019-07-03T00:00:00Z,4.5,0,0
648,2019-06-03T00:00:00Z,30,2019-07-03T00:00:00Z,5.5,0,0
649,2019-06-10T00:00:00Z,1,2019-06-11T00:00:00Z,3.5,0,0
649,2019-06-10T00:00:00Z,1,2019-06-11T00:00:00Z,4.5,0,0
649,2019-06-10T00:00:00Z,1,2019-06-11T00:00:00Z,5.5,0,0
649,2019-06-10T00:00:00Z,7,2019-06-17T00:00:00Z,3.5,0,0
649,2019-06-10T00:00:00Z,7,2019-06-17T00:00:00Z,4.5,1,0
649,2019-06-10T00:00:00Z,7,2019-06-17T00:00:00Z,5.5,0,0
649,2019-06-10T00:00:00Z,30,2019-07-10T00:00:00Z,3.5,0,0
649,2019-06-10T00:00:00Z,30,2019-07-10T00:00:00Z,4.5,0,0
649,2019-06-10T00:00:00Z,30,2019-07-10T00:00:00Z,5.5,0,0
650,2019-06-17T00:00:00Z,1,2019-06-18T00:00:00Z,3.5,0,0
650,2019-06-17T00:00:00Z,1,2019-06-18T00:00:00Z,4.5,0,0
650,2019-06-17T00:00:00Z,1,2019-06-18T00:00:00Z,5.5,0,0
650,2019-06-17T00:00:00Z,7,2019-06-24T00:00:00Z,3.5,0,0
650,2019-06-17T00:00:00Z,7,2019-06-24T00:00:00Z,4.5,1,0
650,2019-06-17T00:00:00Z,7,2019-06-24T00:00:00Z,5.5,0,0
650,2019-06-17T00:00:00Z,30,2019-07-17T00:00:00Z,3.5,0,0
650,2019-06-17T00:00:00Z,30,2019-07-17T00:00:00Z,4.5,0,0
650,2019-06-17T00:00:00Z,30,2019-07-17T00:00:00Z,5.5,0,0
651,2019-06-24T00:00:00Z,1,2019-06-25T00:00:00Z,3.5,0,0
651,2019-06-24T00:00:00Z,1,2019-06-25T00:00:00Z,4.5,0,0
651,2019-06-24T00:00:00Z,1,2019-06-25T00:00:00Z,5.5,0,0
651,2019-06-24T00:00:00Z,7,2019-07-01T00:00:00Z,3.5,0,0
651,2019-06-24T00:00:00Z,7,2019-07-01T00:00:00Z,4.5,1,0
651,2019-06-24T00:00:00Z,7,2019-07-01T00:00:00Z,5.5,0,0
651,2019-06-24T00:00:00Z,30,2019-07-24T00:00:00Z,3.5,0,0
651,2019-06-24T00:00:00Z,30,2019-07-24T00:00:00Z,4.5,0,0
651,2019-06-24T00:00:00Z,30,2019-07-24T00:00:00Z,5.5,0,0
652,2019-07-01T00:00:00Z,1,2019-07-02T00:00:00Z,3.5,0,0
652,2019-07-01T00:00:00Z,1,2019-07-02T00:00:00Z,4.5,0,0
652,2019-07-01T00:00:00Z,1,2019-07-02T00:00:00Z,5.5,0,0
652,2019-07-01T00:00:00Z,7,2019-07-08T00:00:00Z,3.5,0,0
652,2019-07-01T00:00:00Z,7,2019-07-08T00:00:00Z,4.5,1,0
652,2019-07-01T00:00:00Z,7,2019-07-08T00:00:00Z,5.5,0,0
652,2019-07-01T00:00:00Z,30,2019-07-31T00:00:00Z,3.5,0,0
652,2019-07-01T00:00:00Z,30,2019-07-31T00:00:00Z,4.5,0,0
652,2019-07-01T00:00:00Z,30,2019-07-31T00:00:00Z,5.5,0,0
653,2019-07-08T00:00:00Z,1,2019-07-09T00:00:00Z,3.5,0,0
653,2019-07-08T00:00:00Z,1,2019-07-09T00:00:00Z,4.5,0,0
653,2019-07-08T00:00:00Z,1,2019-07-09T00:00:00Z,5.5,0,0
653,2019-07-08T00:00:00Z,7,2019-07-15T00:00:00Z,3.5,0,0
653,2019-07-08T00:00:00Z,7,2019-07-15T00:00:00Z,4.5,1,0
653,2019-07-08T00:00:00Z,7,2019-07-15T00:00:00Z,5.5,0,0
653,2019-07-08T00:00:00Z,30,2019-08-07T00:00:00Z,3.5,0,0
653,2019-07-08T00:00:00Z,30,2019-08-07T00:00:00Z,4.5,0,0
653,2019-07-08T00:00:00Z,30,2019-08-07T00:00:00Z,5.5,0,0
654,2019-07-15T00:00:00Z,1,2019-07-16T00:00:00Z,3.5,0,0
654,2019-07-15T00:00:00Z,1,2019-07-16T00:00:00Z,4.5,0,0
654,2019-07-15T00:00:00Z,1,2019-07-16T00:00:00Z,5.5,0,0
654,2019-07-15T00:00:00Z,7,2019-07-22T00:00:00Z,3.5,0,0
654,2019-07-15T00:00:00Z,7,2019-07-22T00:00:00Z,4.5,1,0
654,2019-07-15T00:00:00Z,7,2019-07-22T00:00:00Z,5.5,0,0
654,2019-07-15T00:00:00Z,30,2019-08-14T00:00:00Z,3.5,0,0
654,2019-07-15T00:00:00Z,30,2019-08-14T00:00:00Z,4.5,0,0
654,2019-07-15T00:00:00Z,30,2019-08-14T00:00:00Z,5.5,0,0
655,2019-07-22T00:00:00Z,1,2019-07-23T00:00:00Z,3.5,0,0
655,2019-07-22T00:00:00Z,1,2019-07-23T00:00:00Z,4.5,0,0
655,2019-07-22T00:00:00Z,1,2019-07-23T00:00:00Z,5.5,0,0
655,2019-07-22T00:00:00Z,7,2019-07-29T00:00:00Z,3.5,0,0
655,2019-07-22T00:00:00Z,7,2019-07-29T00:00:00Z,4.5,1,0
655,2019-07-22T00:00:00Z,7,2019-07-29T00:00:00Z,5.5,0,0
655,2019-07-22T00:00:00Z,30,2019-08-21T00:00:00Z,3.5,0,0
655,2019-07-22T00:00:00Z,30,2019-08-21T00:00:00Z,4.5,0,0
655,2019-07-22T00:00:00Z,30,2019-08-21T00:00:00Z,5.5,0,0
656,2019-07-29T00:00:00Z,1,2019-07-30T00:00:00Z,3.5,0,0
656,2019-07-29T00:00:00Z,1,2019-07-30T00:00:00Z,4.5,0,0
656,2019-07-29T00:00:00Z,1,2019-07-30T00:00:00Z,5.5,0,0
656,2019-07-29T00:00:00Z,7,2019-08-05T00:00:00Z,3.5,0,0
656,2019-07-29T00:00:00Z,7,2019-08-05T00:00:00Z,4.5,1,0
656,2019-07-29T00:00:00Z,7,2019-08-05T00:00:00Z,5.5,0,0
656,2019-07-29T00:00:00Z,30,2019-08-28T00:00:00Z,3.5,0,0
656,2019-07-29T00:00:00Z,30,2019-08-28T00:00:00Z,4.5,0,0
656,2019-07-29T00:00:00Z,30,2019-08-28T00:00:00Z,5.5,0,0
657,2019-08-05T00:00:00Z,1,2019-08-06T00:00:00Z,3.5,0,0
657,2019-08-05T00:00:00Z,1,2019-08-06T00:00:00Z,4.5,0,0
657,2019-08-05T00:00:00Z,1,2019-08-06T00:00:00Z,5.5,0,0
657,2019-08-05T00:00:00Z,7,2019-08-12T00:00:00Z,3.5,0,0
657,2019-08-05T00:00:00Z,7,2019-08-12T00:00:00Z,4.5,1,0
657,2019-08-05T00:00:00Z,7,2019-08-12T00:00:00Z,5.5,0,0
657,2019-08-05T00:00:00Z,30,2019-09-04T00:00:00Z,3.5,0,0
657,2019-08-05T00:00:00Z,30,2019-09-04T00:00:00Z,4.5,0,0
657,2019-08-05T00:00:00Z,30,2019-09-04T00:00:00Z,5.5,0,0
658,2019-08-12T00:00:00Z,1,2019-08-13T00:00:00Z,3.5,0,0
658,2019-08-12T00:00:00Z,1,2019-08-13T00:00:00Z,4.5,0,0
658,2019-08-12T00:00:00Z,1,2019-08-13T00:00:00Z,5.5,0,0
658,2019-08-12T00:00:00Z,7,2019-08-19T00:00:00Z,3.5,0,0
658,2019-08-12T00:00:00Z,7,2019-08-19T00:00:00Z,4.5,1,0
658,2019-08-12T00:00:00Z,7,2019-08-19T00:00:00Z,5.5,0,0
658,2019-08-12T00:00:00Z,30,2019-09-11T00:00:00Z,3.5,0,0
658,2019-08-12T00:00:00Z,30,2019-09-11T00:00:00Z,4.5,0,0
658,2019-08-12T00:00:00Z,30,2019-09-11T00:00:00Z,5.5,0,0
659,2019-08-19T00:00:00Z,1,2019-08-20T00:00:00Z,3.5,0,0
659,2019-08-19T00:00:00Z,1,2019-08-20T00:00:00Z,4.5,0,0
659,2019-08-19T00:00:00Z,1,2019-08-20T00:00:00Z,5.5,0,0
659,2019-08-19T00:00:00Z,7,2019-08-26T00:00:00Z,3.5,0,0
659,2019-08-19T00:00:00Z,7,2019-08-26T00:00:00Z,4.5,1,0
659,2019-08-19T00:00:00Z,7,2019-08-26T00:00:00Z,5.5,0,0
659,2019-08-19T00:00:00Z,30,2019-09-18T00:00:00Z,3.5,0,0
659,2019-08-19T00:00:00Z,30,2019-09-18T00:00:00Z,4.5,0,0
659,2019-08-19T00:00:00Z,30,2019-09-18T00:00:00Z,5.5,0,0
660,2019-08-26T00:00:00Z,1,2019-08-27T00:00:00Z,3.5,0,1
660,2019-08-26T00:00:00Z,1,2019-08-27T00:00:00Z,4.5,0,1
660,2019-08-26T00:00:00Z,1,2019-08-27T00:00:00Z,5.5,0,1
660,2019-08-26T00:00:00Z,7,2019-09-02T00:00:00Z,3.5,0,1
660,2019-08-26T00:00:00Z,7,2019-09-02T00:00:00Z,4.5,1,1
660,2019-08-26T00:00:00Z,7,2019-09-02T00:00:00Z,5.5,0,1
660,2019-08-26T00:00:00Z,30,2019-09-25T00:00:00Z,3.5,0,1
660,2019-08-26T00:00:00Z,30,2019-09-25T00:00:00Z,4.5,0,1
660,2019-08-26T00:00:00Z,30,2019-09-25T00:00:00Z,5.5,0,1
661,2019-09-02T00:00:00Z,1,2019-09-03T00:00:00Z,3.5,0,0
661,2019-09-02T00:00:00Z,1,2019-09-03T00:00:00Z,4.5,0,0
661,2019-09-02T00:00:00Z,1,2019-09-03T00:00:00Z,5.5,0,0
661,2019-09-02T00:00:00Z,7,2019-09-09T00:00:00Z,3.5,0,0
661,2019-09-02T00:00:00Z,7,2019-09-09T00:00:00Z,4.5,1,0
661,2019-09-02T00:00:00Z,7,2019-09-09T00:00:00Z,5.5,0,0
661,2019-09-02T00:00:00Z,30,2019-10-02T00:00:00Z,3.5,0,0
661,2019-09-02T00:00:00Z,30,2019-10-02T00:00:00Z,4.5,0,0
661,2019-09-02T00:00:00Z,30,2019-10-02T00:00:00Z,5.5,0,0
662,2019-09-09T00:00:00Z,1,2019-09-10T00:00:00Z,3.5,0,0
662,2019-09-09T00:00:00Z,1,2019-09-10T00:00:00Z,4.5,0,0
662,2019-09-09T00:00:00Z,1,2019-09-10T00:00:00Z,5.5,0,0
662,2019-09-09T00:00:00Z,7,2019-09-16T00:00:00Z,3.5,0,0
662,2019-09-09T00:00:00Z,7,2019-09-16T00:00:00Z,4.5,1,0
662,2019-09-09T00:00:00Z,7,2019-09-16T00:00:00Z,5.5,0,0
662,2019-09-09T00:00:00Z,30,2019-10-09T00:00:00Z,3.5,0,0
662,2019-09-09T00:00:00Z,30,2019-10-09T00:00:00Z,4.5,0,0
662,2019-09-09T00:00:00Z,30,2019-10-09T00:00:00Z,5.5,0,0
663,2019-09-16T00:00:00Z,1,2019-09-17T00:00:00Z,3.5,0,0
663,2019-09-16T00:00:00Z,1,2019-09-17T00:00:00Z,4.5,0,0
663,2019-09-16T00:00:00Z,1,2019-09-17T00:00:00Z,5.5,0,0
663,2019-09-16T00:00:00Z,7,2019-09-23T00:00:00Z,3.5,0,0
663,2019-09-16T00:00:00Z,7,2019-09-23T00:00:00Z,4.5,1,0
663,2019-09-16T00:00:00Z,7,2019-09-23T00:00:00Z,5.5,0,0
663,2019-09-16T00:00:00Z,30,2019-10-16T00:00:00Z,3.5,0,0
663,2019-09-16T00:00:00Z,30,2019-10-16T00:00:00Z,4.5,0,0
663,2019-09-16T00:00:00Z,30,2019-10-16T00:00:00Z,5.5,0,0
664,2019-09-23T00:00:00Z,1,2019-09-24T00:00:00Z,3.5,0,0
664,2019-09-23T00:00:00Z,1,2019-09-24T00:00:00Z,4.5,0,0
664,2019-09-23T00:00:00Z,1,2019-09-24T00:00:00Z,5.5,0,0
664,2019-09-23T00:00:00Z,7,2019-09-30T00:00:00Z,3.5,0,0
664,2019-09-23T00:00:00Z,7,2019-09-30T00:00:00Z,4.5,1,0
664,2019-09-23T00:00:00Z,7,2019-09-30T00:00:00Z,5.5,0,0
664,2019-09-23T00:00:00Z,30,2019-10-23T00:00:00Z,3.5,0,0
664,2019-09-23T00:00:00Z,30,2019-10-23T00:00:00Z,4.5,0,0
664,2019-09-23T00:00:00Z,30,2019-10-23T00:00:00Z,5.5,0,0
665,2019-09-30T00:00:00Z,1,2019-10-01T00:00:00Z,3.5,0,0
665,2019-09-30T00:00:00Z,1,2019-10-01T00:00:00Z,4.5,0,0
665,2019-09-30T00:00:00Z,1,2019-10-01T00:00:00Z,5.5,0,0
665,2019-09-30T00:00:00Z,7,2019-10-07T00:00:00Z,3.5,0,0
665,2019-09-30T00:00:00Z,7,2019-10-07T00:00:00Z,4.5,1,0
665,2019-09-30T00:00:00Z,7,2019-10-07T00:00:00Z,5.5,0,0
665,2019-09-30T00:00:00Z,30,2019-10-30T00:00:00Z,3.5,0,0
665,2019-09-30T00:00:00Z,30,2019-10-30T00:00:00Z,4.5,0,0
665,2019-09-30T00:00:00Z,30,2019-10-30T00:00:00Z,5.5,0,0
666,2019-10-07T00:00:00Z,1,2019-10-08T00:00:00Z,3.5,0,0
666,2019-10-07T00:00:00Z,1,2019-10-08T00:00:00Z,4.5,0,0
666,2019-10-07T00:00:00Z,1,2019-10-08T00:00:00Z,5.5,0,0
666,2019-10-07T00:00:00Z,7,2019-10-14T00:00:00Z,3.5,0,0
666,2019-10-07T00:00:00Z,7,2019-10-14T00:00:00Z,4.5,1,0
666,2019-10-07T00:00:00Z,7,2019-10-14T00:00:00Z,5.5,0,0
666,2019-10-07T00:00:00Z,30,2019-11-06T00:00:00Z,3.5,0,0
666,2019-10-07T00:00:00Z,30,2019-11-06T00:00:00Z,4.5,0,0
666,2019-10-07T00:00:00Z,30,2019-11-06T00:00:00Z,5.5,0,0
667,2019-10-14T00:00:00Z,1,2019-10-15T00:00:00Z,3.5,0,0
667,2019-10-14T00:00:00Z,1,2019-10-15T00:00:00Z,4.5,0,0
667,2019-10-14T00:00:00Z,1,2019-10-15T00:00:00Z,5.5,0,0
667,2019-10-14T00:00:00Z,7,2019-10-21T00:00:00Z,3.5,0,0
667,2019-10-14T00:00:00Z,7,2019-10-21T00:00:00Z,4.5,1,0
667,2019-10-14T00:00:00Z,7,2019-10-21T00:00:00Z,5.5,0,0
667,2019-10-14T00:00:00Z,30,2019-11-13T00:00:00Z,3.5,0,0
667,2019-10-14T00:00:00Z,30,2019-11-13T00:00:00Z,4.5,0,0
667,2019-10-14T00:00:00Z,30,2019-11-13T00:00:00Z,5.5,0,0
668,2019-10-21T00:00:00Z,1,2019-10-22T00:00:00Z,3.5,0,0
668,2019-10-21T00:00:00Z,1,2019-10-22T00:00:00Z,4.5,0,0
668,2019-10-21T00:00:00Z,1,2019-10-22T00:00:00Z,5.5,0,0
668,2019-10-21T00:00:00Z,7,2019-10-28T00:00:00Z,3.5,0,0
668,2019-10-21T00:00:00Z,7,2019-10-28T00:00:00Z,4.5,1,0
668,2019-10-21T00:00:00Z,7,2019-10-28T00:00:00Z,5.5,0,0
668,2019-10-21T00:00:00Z,30,2019-11-20T00:00:00Z,3.5,0,0
668,2019-10-21T00:00:00Z,30,2019-11-20T00:00:00Z,4.5,0,0
668,2019-10-21T00:00:00Z,30,2019-11-20T00:00:00Z,5.5,0,0
669,2019-10-28T00:00:00Z,1,2019-10-29T00:00:00Z,3.5,0,0
669,2019-10-28T00:00:00Z,1,2019-10-29T00:00:00Z,4.5,0,0
669,2019-10-28T00:00:00Z,1,2019-10-29T00:00:00Z,5.5,0,0
669,2019-10-28T00:00:00Z,7,2019-11-04T00:00:00Z,3.5,0,0
669,2019-10-28T00:00:00Z,7,2019-11-04T00:00:00Z,4.5,1,0
669,2019-10-28T00:00:00Z,7,2019-11-04T00:00:00Z,5.5,0,0
669,2019-10-28T00:00:00Z,30,2019-11-27T00:00:00Z,3.5,0,0
669,2019-10-28T00:00:00Z,30,2019-11-27T00:00:00Z,4.5,0,0
669,2019-10-28T00:00:00Z,30,2019-11-27T00:00:00Z,5.5,0,0
670,2019-11-04T00:00:00Z,1,2019-11-05T00:00:00Z,3.5,0,0
670,2019-11-04T00:00:00Z,1,2019-11-05T00:00:00Z,4.5,0,0
670,2019-11-04T00:00:00Z,1,2019-11-05T00:00:00Z,5.5,0,0
670,2019-11-04T00:00:00Z,7,2019-11-11T00:00:00Z,3.5,0,0
670,2019-11-04T00:00:00Z,7,2019-11-11T00:00:00Z,4.5,1,0
670,2019-11-04T00:00:00Z,7,2019-11-11T00:00:00Z,5.5,0,0
670,2019-11-04T00:00:00Z,30,2019-12-04T00:00:00Z,3.5,0,0
670,2019-11-04T00:00:00Z,30,2019-12-04T00:00:00Z,4.5,0,0
670,2019-11-04T00:00:00Z,30,2019-12-04T00:00:00Z,5.5,0,0
671,2019-11-11T00:00:00Z,1,2019-11-12T00:00:00Z,3.5,0,0
671,2019-11-11T00:00:00Z,1,2019-11-12T00:00:00Z,4.5,0,0
671,2019-11-11T00:00:00Z,1,2019-11-12T00:00:00Z,5.5,0,0
671,2019-11-11T00:00:00Z,7,2019-11-18T00:00:00Z,3.5,0,0
671,2019-11-11T00:00:00Z,7,2019-11-18T00:00:00Z,4.5,1,0
671,2019-11-11T00:00:00Z,7,2019-11-18T00:00:00Z,5.5,0,0
671,2019-11-11T00:00:00Z,30,2019-12-11T00:00:00Z,3.5,0,0
671,2019-11-11T00:00:00Z,30,2019-12-11T00:00:00Z,4.5,0,0
671,2019-11-11T00:00:00Z,30,2019-12-11T00:00:00Z,5.5,0,0
672,2019-11-18T00:00:00Z,1,2019-11-19T00:00:00Z,3.5,0,0
672,2019-11-18T00:00:00Z,1,2019-11-19T00:00:00Z,4.5,0,0
672,2019-11-18T00:00:00Z,1,2019-11-19T00:00:00Z,5.5,0,0
672,2019-11-18T00:00:00Z,7,2019-11-25T00:00:00Z,3.5,0,0
672,2019-11-18T00:00:00Z,7,2019-11-25T00:00:00Z,4.5,1,0
672,2019-11-18T00:00:00Z,7,2019-11-25T00:00:00Z,5.5,0,0
672,2019-11-18T00:00:00Z,30,2019-12-18T00:00:00Z,3.5,0,0
672,2019-11-18T00:00:00Z,30,2019-12-18T00:00:00Z,4.5,0,0
672,2019-11-18T00:00:00Z,30,2019-12-18T00:00:00Z,5.5,0,0
673,2019-11-25T00:00:00Z,1,2019-11-26T00:00:00Z,3.5,0,0
673,2019-11-25T00:00:00Z,1,2019-11-26T00:00:00Z,4.5,0,0
673,2019-11-25T00:00:00Z,1,2019-11-26T00:00:00Z,5.5,0,0
673,2019-11-25T00:00:00Z,7,2019-12-02T00:00:00Z,3.5,0,0
673,2019-11-25T00:00:00Z,7,2019-12-02T00:00:00Z,4.5,1,0
673,2019-11-25T00:00:00Z,7,2019-12-02T00:00:00Z,5.5,0,0
673,2019-11-25T00:00:00Z,30,2019-12-25T00:00:00Z,3.5,0,0
673,2019-11-25T00:00:00Z,30,2019-12-25T00:00:00Z,4.5,0,0
673,2019-11-25T00:00:00Z,30,2019-12-25T00:00:00Z,5.5,0,0
674,2019-12-02T00:00:00Z,1,2019-12-03T00:00:00Z,3.5,0,0
674,2019-12-02T00:00:00Z,1,2019-12-03T00:00:00Z,4.5,0,0
674,2019-12-02T00:00:00Z,1,2019-12-03T00:00:00Z,5.5,0,0
674,2019-12-02T00:00:00Z,7,2019-12-09T00:00:00Z,3.5,0,0
674,2019-12-02T00:00:00Z,7,2019-12-09T00:00:00Z,4.5,1,0
674,2019-12-02T00:00:00Z,7,2019-12-09T00:00:00Z,5.5,0,0
674,2019-12-02T00:00:00Z,30,2020-01-01T00:00:00Z,3.5,0,0
674,2019-12-02T00:00:00Z,30,2020-01-01T00:00:00Z,4.5,0,0
674,2019-12-02T00:00:00Z,30,2020-01-01T00:00:00Z,5.5,0,0
675,2019-12-09T00:00:00Z,1,2019-12-10T00:00:00Z,3.5,0,0
675,2019-12-09T00:00:00Z,1,2019-12-10T00:00:00Z,4.5,0,0
675,2019-12-09T00:00:00Z,1,2019-12-10T00:00:00Z,5.5,0,0
675,2019-12-09T00:00:00Z,7,2019-12-16T00:00:00Z,3.5,0,0
675,2019-12-09T00:00:00Z,7,2019-12-16T00:00:00Z,4.5,1,0
675,2019-12-09T00:00:00Z,7,2019-12-16T00:00:00Z,5.5,0,0
675,2019-12-09T00:00:00Z,30,2020-01-08T00:00:00Z,3.5,0,0
675,2019-12-09T00:00:00Z,30,2020-01-08T00:00:00Z,4.5,0,0
675,2019-12-09T00:00:00Z,30,2020-01-08T00:00:00Z,5.5,0,0
676,2019-12-16T00:00:00Z,1,2019-12-17T00:00:00Z,3.5,0,0
676,2019-12-16T00:00:00Z,1,2019-12-17T00:00:00Z,4.5,0,0
676,2019-12-16T00:00:00Z,1,2019-12-17T00:00:00Z,5.5,0,0
676,2019-12-16T00:00:00Z,7,2019-12-23T00:00:00Z,3.5,0,0
676,2019-12-16T00:00:00Z,7,2019-12-23T00:00:00Z,4.5,1,0
676,2019-12-16T00:00:00Z,7,2019-12-23T00:00:00Z,5.5,0,0
676,2019-12-16T00:00:00Z,30,2020-01-15T00:00:00Z,3.5,0,0
676,2019-12-16T00:00:00Z,30,2020-01-15T00:00:00Z,4.5,0,0
676,2019-12-16T00:00:00Z,30,2020-01-15T00:00:00Z,5.5,0,0
